{"file_hashes":[{"block_hashes":["+wKGPy+CQL2jMXrG601Lnw9nygQtHZgzcFRyQlHpgVk="],"block_size":4096,"path":"README.md"},{"block_hashes":["ZfQ8Eq8NR6JLl92azxdD+l0hT56oTKbuTtdp5WiN1fk=","uSMnnWG+QAAvs3N1LHFVXOudEfmXx+zp/4A4+BFmoTY=","sLI9R5pOQI5CQzC5rjrd7xrJGNb6sF80kj0o3U/wtZ0=","ZCjKjzgNre9Y5yJRC65GcXa/DnagUn5SsGn97fkuRUs=","IqRnS2mUU8z5QYS6JGl61R8nbszAbpagAZHwJqafHKk=","1SvrEQRvncn7iPRJaC0Cec/tVpnSWLdvTNz1ACUXOP4=","m19Lcm1cu53NTuGxeBHKRjCQIo1huci6qwnt2xOxpfs=","7/Q+xFS+P5GP8vDwLtRIXY2RUC3jRjAMJqSmQgMUT0c=","9jhil93aB3PmNtWYGpdMKVcAxb2bFhsO32O0jOyMS5g=","0BJuRxdSoY/7LQyv90v0fOy/r84DFVSFtp0WOYNxSSI=","PUJDXfCTeG3sRwGZpI66L9gB73tKufcmx4LQer7xBVE=","yBQQLl0OHKaoSqucr4ydKje/4gknS1oDbdjEkitppaY=","jnxyxF9/LTosuHcRirgqN4dJHpzDMTw70WInKHG4gj8=","pBTjS75ps7HlakO6ljfKZPUsVwWYy9plcrXFbNesIz0=","tC/NgD3yjby9fQicPin1ZVbhmbWCDi2ClcsMsQQ9mLI=","uhaPaPVmbT1/TzPRTtenl99zfUTcGALpvETlbhKxAFM=","3F4r/msqbjuMiPZDcARxnprvAr0UiArlDp1fYkEn8jI=","T6Pt+f1fgobx2qiG+bR2vdM3ovH2DlSge9phkOCrVwY=","5AQJHV6MPTszG8PRyZCIX1RRaIHyeqyd4adsI3yBpQQ=","9hZfDeHDBWaHTDB41Sf0TtXo/s69tSrB0Ali6u4NoiE=","f4HpQ4bSFVJSlfXEYWpW2n233q0UTqoQYyD52c8FAl4=","Sww4SRmNPdUWYnUEyv4W7n2xo0EU5WTphtMFML/BndU=","bFPU1CrQPUYcRd70jI1Hv8VKF6CVXvwodH0ypw308mM=","RDa0d8l99zpCZrKb/L/PT5NPj4XJpBSeWyS6klnUmsQ=","OWDS+emSiGDi0ETvrmNgLVERtDiHCN+XZer/nzuYcME=","UzQBJFOmW88DiP9AGAShouQBhTdQxJhjislZizGaFjY=","jknpcBIrkd6M9NKA81LSi6t6SnsulSiDnFWvYFbyh7g=","zGqYdtOP63l6uqQHRfg4HfDbuhpvpnbgtiT+G/SoWvY=","sat7E5TUPuOphXKyM41Lp4lEYpqP1UC71RdwbiKLdBY=","qzbo6CY33QX1SJtWyoURROQRvIh0Lv+4Vz6ZST7r/NI=","1KfZnt4y2JZjJXPdrBET6ts8PutLWjHrQgDBCffEVNc=","zXNGDDS/Da3NXzHo+3s8YV7AKwChwmqQVgzHkMd2M4U=","lLmhmc9eHoSao+BEgG2xBqOqyPyUdDwCdgIq0NZj6YU=","5zpbCAftkmN4eGkC/QvdKFCGkmA/CzCx6aVyoz0dIwg=","cDFrHE/0OuOy+/BrKxXyi0Hj3887K5A/RRISK60kuMg=","aAjjYujyacCXldgR3A8ZXOscdZ+v2zYchACfhxws+Ew=","Mt8n0Pei3KoLYPIQMBCx161Avhy/Fuw0p/YZ866itDk=","4f5PY/wOgQsPbyQxyreBqFd0SnBnWI/XsP9Ewbb1qhs=","MDquhGs+YsFCFjYQwOiOl+PwpZIdR2zw7stKsMlyjxk=","2W+hKIjQ2wb/isFhswx+Ktu3RwaPfc/tLUpI0EMIYNQ="],"block_size":4096,"path":"assets/bootstrap.min.css"},{"block_hashes":["lVEsOwwKzZ0b9lVWcxtj/YuV2f5pjJWy0qTKVOgwhxo=","V5bQ+Vdp6Z6IfJGhVcKiix75nnMaPu4Oqwj/3Cok088=","S2um+iyrMoPnk9lwrU2TxAunHnSC1JNCcRKX3lz4Yt0=","3eLJq6IHsX+R8MHJeqGFE6pHQDCWqueXTIX3w1vEK24=","VHa1HPtt1jiqqS0JRgYt25ZBn7rGb817YVhiDuI3zfQ=","wFKM3n6xc3Xl6j7wKGYERpf+WPY9D01FO+coJLysSJ4=","iiYbqZbRBDJLKLFWfEntsa2q3ijcLKWA19xWuC3SUuo=","UgNgnPujk7UNc3CxnilMLKRGITkYXLHyYyIvhFCjwco=","kfW/DMpd/1eC+6U6KaRVy8em1wJvEutwmdPxlpUnE10=","+e08LP10HRCCOkTy/g3dFx2xzkHiaWAEfLaKUXiSSpc=","pQpd1GXA9cgyOLgQIVd7Z2ZjQqLIsjj5WAjQlp7Y840="],"block_size":4096,"path":"assets/ghunt_full_dark.png"},{"block_hashes":["/t8x7MS0YZ457LymvWUyHL9ZkyNj/l2br+j9DO1s/mU=","YAU2sOx5O1IY1hw9Qh8x/ACfSGpd0JoUz5XXVsTxXZY=","ev6m6xsscIIk8L7rSYh5GvWZ6yy0EVTdahDQZn94VgA=","rOf+24MpaPt6fk765E/3JNwyVShCFD+vyXJBpWDBNIQ=","au40uG8y6NVBSIwPeEZMldciHDsthQEamg77P709U3U=","iXG8YY1RHzl6k8TTAroYoPkRSvacR5ruvftuIl2YMbA=","T8qdr/BADu1xUwKm3eD95+l9L5Bud2XT2CF6YmqwhZo=","J0b8qjyQEZwKVHQtYx4MEclkgrDu5a4abjhK4Vdz/VA=","HLFtESV0E46iWLmqA637wmMIvWGr7so30lusASkkxqA=","KkqwriguUEiB5WdBNlBqlaLPpJReSCuUWGHx66w+F40=","m1p2ulWIxgwCXF/biXEDLVpu4En8XcK8hd2MjQnIWgc="],"block_size":4096,"path":"assets/ghunt_full_light.png"},{"block_hashes":["gCP8SF8QF8aR/l5UkCh4YrViN2scsGSG1hJdBsVumwM=","2fRiIMFF+gVXMhTW08bDSgZUXdWri2WFx+jkm3K+FHw=","jK5zQsGAs1dHJiNaRDE8mh+ca37Orz5ftOp/aTG94jQ=","PvZv9qDLkiMU347lSraogcPkXk/sCwI0ztNkWrbzp/8=","QMu6/cXCXjnAeBIZNQeIxAPPPpxHfxms3MFQnD8qMbQ=","0At+o+++M0mxOcLRo2wYruXb4LK74igk25zkcilEGPM=","Ys7QSmSQ8jfbfW+onDmJO7BUiA4R3/DNDCfFDveqbqk=","/AAk5/8Q9IsBT/vQJBB55yJGWmXcJurLUhpH1SPyMbw=","YTRWEsZqmB728MYuXjvfn66WRDYfRfC7CnSlb+7Y9S8=","EMYFQaN1cxCMGGyRw8srCN/6YAX9SQ42FOvaLl+HoC8=","Uy3FxCmBoLw65Pc+qeApNezGwIkXZH6FTLmYSE60XBE=","4SVGxSW5xh+zXra0QKopl30CeuxlO6ziidcYW3CY7FU=","7Rcqb6XSPCPY8wqhvnzh96apukZ6+YqIWm5mOvOqmtI=","IBdElDjzBnn7d+xqy2gzS8li6pCb0szFl/tpZr1/qbA=","EyCRiEYUgb5aE46EnLcGVB2jjYn3Xm8nPGPzy8s9tLs=","/GfLiHiQ3hUvGZFUzbEhoc9jfXp3d/XNHjnL4VTE/bU=","baABlv5VyZ8cL+HPVt0J0mhc9pG7+0wRDOiE1mBKlOc=","wgHsS265vfo7DFM20fvlitKM15KFGEwfWznaPj7ujxE=","ioxEPbzuZiQkBv9cHREbcMFqrI0coEMQywEnoAkhAJA=","Xv0TkiG6zC8REvF5sV8WXBDMCXO/OqeeHXbEiTROzwk=","IJIWw1QKan0EcOfEyMSDkhh2+x1MNBjAtcDuvbO9dQk=","ogt+seBRiWoawpXJDEKFfpQWgugh+Wo2Chpq/PAdZbk=","3nEIUmW7Dm4JYQw4yiNtpxG4NWvLuoIoXzUOsl5tVu4="],"block_size":4096,"path":"assets/hacker.png"},{"block_hashes":["jElnwTVy5B5xjfuz2E3d6sx0iqFMstZa2R7N3mD1BmQ="],"block_size":4096,"path":"assets/roboto.css"},{"block_hashes":["Du9L1jTBpSpFptayk0H8ppj7/WlRWJF8hdN5JgtjBqk="],"block_size":4096,"path":"background/background.html"},{"block_hashes":["q19ah1QzZPXCEA/gltFT2S9tGIB2W37A8xv9EjLSHQ4="],"block_size":4096,"path":"background/background.js"},{"block_hashes":["OQLj9ef3lokhgu07DunQXuWIa1gFYJmwLDYZ4j2YE/o="],"block_size":4096,"path":"credits.txt"},{"block_hashes":["O3Yrdt2D2+Troe3DaUcl7rgKw9Qx4GS8VgVRkDz3+w0="],"block_size":4096,"path":"ghunt.js"},{"block_hashes":["ZGUINumvlCYBFQucV0Jdm3WLopnfplaCy475JAnkQdY=","SrAgmCfcCxR2cZJBz6TwYiPiGTdE9eMOUzlxrn0FeKo=","hpTK+VDSc+KWbCi0q9an0iqYLCC0EPx9Ll9W/9TumpI="],"block_size":4096,"path":"lib/browser-polyfill.min.js"},{"block_hashes":["8BLL5V5+R5jByONabC8sUVAMyUjGiY1PpVcERdEUBGk=","MEVnhnlGmvKmFEfDtAI44N+sw4fDOpCwBXyoKsjMllY=","kxSdL5sDw5EjRz17v5J/2iVnVBSKdt5GVZtq9fOAQOs=","66XOedfMSWpaj1B4n4tvcruTdhdbAA1/VN+WuaYYn6A=","0Sj52ydK9qe94XVU1Ux+CsHhnUDC04d4LGNHvQhgCeY=","BXYb1eN1WqYGtxXg/PJNvBk3jHurbH8AEKa19v8V0aA=","RRpBH3n5BZ5RYgOKvp3SNUiwTeqXL/YzzVTXxyu/Xjw=","YvuERQyuE9jaOWvh3i6U/7dcGXf2y6gHenGJaOwNBec=","SKExrsIJB90GcO2EAk8FJWcx+JpFq1SUqXGJi5C1h6g=","jqMoMB8YQKzcXFh2Ok0CyTde3qdsngzualaDTaR7muo=","2xCMb55o93BnHesisUk6KJLQRTuiy9b6Bsr1UnovGcg=","IztNX7IzY8I9iihZOMZnO/oes/QJduM4l8JpiQEMOlg=","2ezl7ke1GM7MlW4wGz7q2bkCFiv2lPHpEeA7CF21g3U=","GaB0HmQrsHYUAaM6CCrsJOOA3cjo0Y0eHlpWUAmMrMs="],"block_size":4096,"path":"lib/browser-polyfill.min.js.map"},{"block_hashes":["TxKWcF0+8BVcJa3Y172tecJRfRTXjsc2YERL+/uvNR8="],"block_size":4096,"path":"lib/constants.js"},{"block_hashes":["4R8tG6+M/gPV4f2TghwZLrxIBihSI2psBHeiAhTNdpY="],"block_size":4096,"path":"lib/sync.js"},{"block_hashes":["ZkuerEGZ9hXyS0TBgqBOytpQO5lFzLmBqDYHr8ptJJE="],"block_size":4096,"path":"lib/utils.js"},{"block_hashes":["R/aq/kR09FsoWBG1uiR3UqlZR5SgE7U37hmOwIcaTMA="],"block_size":4096,"path":"pages/connected.css"},{"block_hashes":["nSstj4RPz2lSjfcqpdjobVT7luthuJ8BTuaCpqcSY0Y="],"block_size":4096,"path":"pages/connected.html"},{"block_hashes":["jPRprKvPSwaBOu5rC9YM0pU9QErPwckLPX51lYJsF78="],"block_size":4096,"path":"popup/interface.css"},{"block_hashes":["ooLoRCHGu9LRmuIbaiEw7CY0qj2PYiXzXYWweFws8R4="],"block_size":4096,"path":"popup/interface.html"}],"version":2}