{"file_hashes":[{"block_hashes":["JZRMJYQkCpUpYvLgwkTUM5tsnvetaSbabXmooB0GhYk="],"block_size":4096,"path":"background.js"},{"block_hashes":["vBtxkQorsvTk7UAfmle3x2HZqCGyUwVcR/V7+S8ckZo=","RRpTrkKEG+ULC5vCMXAiTr643mPOnjo17Pj3uS5CGBA=","UO05bhReWEiebyWnbnjLDQGh3OeqQaTFuzHFB4I8scw=","4ugFP3Jwmi2l9YB50+s7zyAIHRewwV8Gvb2LhXULDCc=","WVzWEIvJaWb8oB0theh/or/dJrqdhIHRqui4xP59uEs=","PrcFLBpngOMdeXgKHU3Mrz0gM0cGDXFhhDD9+AF1I5w=","6aYWreSo4fqWbCEIshcYGPPD2/4vmE4R3mBFSRxkZ40=","axkvlnlfNT7h8WA0vcJnQ+IxG1d6uj26F9oJpJSb+7k="],"block_size":4096,"path":"css/browser_action.css"},{"block_hashes":["phVXodQyZc4Kh/hnG9U+pRS2RRvXSBf2K7CIZmIeUPI="],"block_size":4096,"path":"css/lib/bootstrap-tooltip.min.css"},{"block_hashes":["SMD1c0Iq0ntQDyishj2CbOFi3kVKRxHSD9HeLUSGVZ0=","PMPxelbuv7z3LyQ0Als3ojcukmwgND6E2sn8iquejkw=","JUEAGMAy5TrbCcFB/8g90pgGXi63rfXSZ1ABwXiLee4=","p6ZzfrteGjraAOOf+LkTCQ2Pvat3JopXbUtYG6o70mw=","hMYbR8Vg3IhaRyAQviQJqCQ9hNjC0skkINVqHR3wEUE=","zPNqp0cG5dVZGBB+sMzxeKgAgg4XY7Y+tB4FmHNJ+Pw=","zmNuavi5tDH6k7lUfWVfSR+oO3Y/hCSzMvcIt60+6Z0=","3g+caCHEvK/9A0n7HydD7U3hHvZv+M/Awlw44FEWPL0=","ZICTN2nWIFO1mIJO1K7aa46UgaTTuuO3kw8+mXiES30=","fPZKytxtjTmzjlp2N7fjJ0h3FJbjP7Zx6tIiICwt3Pg=","bGuPf1X7JUsHmNoXI4LXwxI9rwpEztxK8Rr4u3U+bTY=","+5G5VE7EbJnCSdlsQ9U2Hmf8KdaOlcB18WwV9CvRwXg=","4hy1CO10ZgXlS/Z0t8XBJ/g9Ct8EKjp5VfWh0JtkxsI=","IGRo4D+IKeO8g2XYSGIHVmgy5V6b5ZcOqKyOTJ9MAIE=","zpc1eE1F5+0FFssDkTEOyaL5vj59rwa97fbEGsYir8A=","jxfGdNSJngMCbIhW7mdZ8jZA7WN8Bv7qE0IWrF3ckEs=","/MxGY+WlQV0OGx365GGSt9SGpaiO4ssRGp0crlVMLIY=","0JDw7ZV/a+u4oAkeEWeczANukDSknkTWdh0w71zcZuY=","US9q5oM9HzLdQqAmeNJ7jq8B68tQnKXXyQ+nZ8CxZ9U=","rudbsoPc6Uqtux0VRTouATpNWEkSCG9lntx8GS5r5Po=","ix0sHhvVrxmyduNyhyuHT6VoThouwic/+qbihqqHMWI=","Rj6loKvxrUEpqUP+DdntWEE98Vm5mQxj+7DDN6coMqs=","SGIkVnhJ6H6NZ/9/nP5zSaYqhh6zQLRpPV241Rax9ro=","2dt13c4PnfaTDCvj+9m9nNiNnuV8Pg8oHE8K0pCDsOk=","EWjhc3Cxeg4W1PH9OK0qcejRbJepLCxAearAwF7W4bA=","Nvu2BD6MY58argW2oZg1ktNNHa2ZK3K/winYN3JSH9o=","eX+U9an65Bi9W52YWrFWz/9B88Vlj5JNeicm9Savsjk=","a/hFh7Jc9IdE3w/YiDBNN5OyPgo5UXHDtRqcmIm/7fg=","OfB8vS898nK3t8eI4ZU5QBxn4vgpbFnFFuCOfnaTyHo=","rud7aNAQrfUfW0xTgykaJmkQKaOUvQNtt92ZtatBkPg="],"block_size":4096,"path":"css/lib/bootstrap.min.css"},{"block_hashes":["ag2IobN3TLFyxgdxOo5KWHH4T3AH8VU3zTVZAx65FFc="],"block_size":4096,"path":"css/lib/fontawesome-all.css"},{"block_hashes":["+Yc8TuOG2xZAgb8YkA/SCXLwYDUwK6NL9Zd7cshu/lw=","SrFe7i8RR3ojGq77ZIdpBsGHv1LRfm98OomTqMbJdsg=","LRzvMDOm+dhGKsiDSEBipvOprtKqr9QYu8Nb7koSwWo=","tQn7YlcZ+qvfNjPYTkODle6MVilsRU7bLaf66Z2xamI="],"block_size":4096,"path":"css/lib/hunter-theme.css"},{"block_hashes":["82dkMR2iCROfb/ls4IcGK4i2GJ6jV4xBwNb/XZ+DqJY="],"block_size":4096,"path":"css/shared.min.css"},{"block_hashes":["bUBxMP+osD9gIHDo3mehgKgoupBrt++1uRNsN8kMN50="],"block_size":4096,"path":"css/source-popup.css"},{"block_hashes":["7t5/i2wVURN/nrY0DgfuurWPPYeHVvoQ3e5Gremgq5c="],"block_size":4096,"path":"css/websites-sources.css"},{"block_hashes":["Ph2yOQSqVheFJsOOgy/MS9l9XLh5rHfNZj1ey0D51vk=","6GfpFNv/Ij59JoEqiMaJ0tH+3wkXN0LP6lKLX656Rh4=","paJ0exaAYzxt7nZj+gAP6LJZCvFQONHU6te0lfDrIN0=","MsNnwJ6rS8WcqfjVjnwRstHMEM48sazKXxO4W7beGhE=","Sq+bNpSFaInXGmiaYeQlLvPwvxSNqIU2Ua6FMiAZLqw=","AjMATAgTU0jdHszzm8MGkUicleGsYVE4sfrtGt+YPHM=","V4qMAuh5Yh6XuadPqsxyvqvyNxbmeHFRJoB9rxscg1c=","N4WHVh7hhq1+qjzRkU1yX7i3maifiKf9z0rvYdIRHKE=","60xs3Hf7IaRAT9BKYUAujsG4mq7R1YVVRUovGUuGsFg=","LkAaEMzJDh0m4vYeli50awBwtiie1QO+ChaFOTmGhJw=","cQF5n4C4gAu1c+Zf+AoI3I7SY3d8Y5z+SlI2FL1dJgM=","iWeYGUshPiRI9jag7MYoqJ6skma1aVQiU4zldWKeEjc=","nTOIqZtwuo7gqIVFsMPykmRWr08DL0OLh7o63HNeryY=","tStG1DjqRCfHch75S08tjFQzAeR1HIx0zW6e6Pl90bc=","U6gqeosaUqe5/CTEYgeeiwhv98/QAcQquH41hZ5XkWU=","qEJ5Q0CW0W1V4oYids09lu8p55pu4rTTHwPn82s5fpY=","Za1hdRVC9sATcc7dW/Zl84CDN2YQu1CDF4TUyk/O63Q=","wvaRjeVdw0gVpUISGbYapkzA6AMpi5u3h1OjzQ/jg/c=","4z/Nh2l8RoyJqhnruxRY1lPWQx1OZHpWwKBToXf/BqI=","NzzxF7BuxlebzSzUQmkNsro1snJTnbJRIC2xs/gA1xM=","E1415Xm+QtmOWJxiMUfaZjmPcxSDoeu35Veocz2kTHo=","edRaSINsRx5gGsdB3wf19AIq0n5jHRidJN+FdeH3agY=","NUVZMSirTvMP+D+960rm1xYCojwDgowALVwiMdQLl0M=","WU+EoGgrCrgx5gconr9zGdjBGpseOdnbcEt6mf/e8tg=","ZoK8aU0922/XGUCuk1huXtnkC324DKBCWXD6JbMyzwc=","4CBiTGNS+j7Zbrtozj5gjcTklzNpWxej2tXxgasTrl4="],"block_size":4096,"path":"fonts/Inter-Medium.woff2"},{"block_hashes":["TyDbPW6Rn6Ayk3JRcltO3EEIwYfJY+tOJ/jwy/kfSgs=","UQHoytsa6uErh+0yiTEUVNBZGgon9drlDNh1houiHrY=","R6gvsLvTI435vOoVgO1sAPWH2W39nZOcaJkqTQkw9m4=","m7FveZD5giQw+GMbd0WmkCcMjxCl9iExdyk5/n48Ig4=","NjFly8pg6d4HiI6438QhtHKnwPOW5D/WME8SF53S1hs=","XyUawmgwEBsjAziRP+HfwuBOdVwPPjTdeaybI7SLLms=","I7DkyJ2Gn9tTAcpAtxTbx+CqZD+Ilx7Td06+ibXPMKU=","GJToY33pGgbtrA5QkkyCfJjm15unClV3r8yQsiyt17Y=","aQh0ELWsSD0tyikHT62b7b5uT8lVz0NvPOBfYzWKkXc=","HovBipGsS7UUIV+3JfVk6afHB1LsTJ1OMqanppO1bYo=","S5gHn8tJXPvrmK5YIFYEFsbvs5JAopI6kdi9bN5Cdto=","nREi1kbpUvMOvOAdL9F/USX70tuNglk/XAnbyo1XWiY=","/LRKkIskUGkEY3PUkAMM+T4dnhb7MvRqMNmR7alHCW8=","uLXn1jqp5ef1ckNHvLJgcDrxki4dAC1Qgz/9E19Hv/U=","txqLUPXl9k1JUCweRWQ+WjRGngG1vz/u+3LmiKwzN9Q=","9OvcdVET41+AQYnyewHmoMBTAE9W/IZMGF3+YpM/qfc=","I94Y8EJQdGFpoqEH0cE/VY37ylBET33tCo8rrZ2bUW8=","al+eOjCk6sxnFa4hv0xrIjkwdXnCDRqD/LdDb80FC2s=","VHZ8NKnl956V0ZmmPKCGQwJh4y5L3Or4FqY8nB9kp+A=","0cypNAiN/JBRO7B5/ZcTxFPOsijh0iOrFAw7stHUTQw=","dp00/C0yXlwNB/79/5RG7qMLi+ud468CzA+Lx5C8wSM=","ZAb8nODCPm2ysk45DTmCvnj+Wk74/HRBSU73Ch/Lbjo=","ObJj5ABQGThpqUm4urbjle33bUmUcTpe6edGQMMYUbA=","pp0RkOJHTcMo9tIsJOd7+dbfe60g6oIyhqZxhx4PrkE=","jt5viE1KJaUcWkkZ/INh/VZNkQfxyyS9xtPAqG3p55A="],"block_size":4096,"path":"fonts/Inter-Regular.woff2"},{"block_hashes":["hn5KgoWB1BPQzEU8SrcJFBYeUpEFOxjD6lVJK1FX8Ys=","iZwtuzfQhyZZfcoM/3wVgbBpkypdz7dHGLVJUphpArU=","3TVdYbpY/BBmoUTHEs2nuFtDFz+b1Z7IpEFjNS5p0lg=","k8NzFVa9f0j6XIi2852hiIs0wkiCZtTG3EOeBx+FkSU=","bb7iHZ0eTijol4Nl1+ZohUTsn2H+VayAUvMzs9FzQUA=","D6e9I7iFF9Z4R21vjHxB5TShjYz1OeaqdRBv8wGwu4M=","R59N2JlRuGYtbQ412hZ//G/y+IDqzUSa1hZnLVNrD+o=","ZQhkD6p4UJcqBQrB9ZDfDv6+RWT/eFeThNdT4ZkOf/s=","q1WCjf4JcIodlHNoHW9yvrQ90MjchXG0mSb13PspRq0=","wJh85WAg15693Wo7g1ULKf9JhXYI7F9Q1LdrM3RJro4=","i7AucY3pWx6QwdXsE0m9IoqIU26MkYk3zTicWjLBO+k=","4QXIAlPz15/9BsbYg1KIg65KMHqiHYY7YV6Wh8cDw60=","DqJaA4Yax0nkvHsMXnDpqN6nq8WdYHu4X3iaaWyuQTg=","Ml8XrWSnFlRSJENyXN31ZIajkcCZRm71SiogYIP8WLA=","Gfq/dcbJKp5ZC0UmL21BKdgdxbuwyDmlpXvqzlUwhP4=","BuM6f7tHhRApioJwnoho9KAr35E4AU99ZapU93gMTnM=","OHEowZYuTVa8BqOGVh3NfnKIuySaJzqeCi8LuYVs/xQ=","JAvHQwE+N23LtjRxu1Jx0PHUp5InJUjLP4GyKMCpl64=","j5dVVvP31yFtSY2BvIgpyh4h2MQHWJckjC6ZbrHTj4I=","lMs2JiFkEk8RwPgaz1jT4mTqjF8EYYE96DmTvNQ3qJo=","xeeU5sZ71BTlpF6sWGyKtRvuJ64N6n6/4whQCaE/pEc=","Qvqiacc6h0CvqinvUP2Flz/VMfNeGuwDHt3T76jZSJE=","jmyMO77XhI4CyqOhXygE/Pukp+YZ/hKm0YbdtQOVhDY=","BIkAoUzEZ5klO74Y0YOmDYf903uy++M3g0B23KYSWCg=","otp3JD74YOieDTfH0BujNBzd7AgD+dftICGlH2CBRww=","xmvJY3XP2Hv2yxs2S/RwcXnP6923SLn7/EWq+DwhuaA="],"block_size":4096,"path":"fonts/Inter-SemiBold.woff2"},{"block_hashes":["b7XObc9z+ZIA+tsUfugoBppu2CJwJfEdH4Iw43N3UGw=","V2wHvpcGfnhPz7t8NO3veTh6i3KpF6LSLAU5R+/NWUo=","vNyL+QOB9QHQqfU3k/EbRsiXBe3UTU4Y7NOJ7rmSerY=","ioa83rtbAA6hleAbYY8wjTsQDVes8iGBnYuEiaPCmzI=","noqbTG5lUYCrTh3u1fJXET25mOOqRZBR8Ujy7uM0UEU=","1frkCskgXVrzZLlFkICyfhXZlu/PbNCL3dwxYfXUFKY=","j0XRO3HA2++5U2byDPSxBfc5hI8G6U7mIqQJWbzzuEA=","ZW4XClw+QLEfsdvehUg418b4AQHptxsJQciZNM+73fE=","QhXAZI5IgpTz63WfA1phxNJfAicFI8n0JGAMj6fFDbI=","KJzjTAmFXlA4ybhJ0kj7FebnlIqkjs5h2/Nckp9Rmu0=","jPP6JYtxoLtLCa/sKg/YwSwLQBe1Or4mkXz2wa6PBhQ=","gDaQS/LCiHeJlbI6I9z5laMyxYsUNcglSTkARBORvPg=","e/Wr43ACrBRoSo63OQtrKlXRKlrawlwZpDMScQbJV7U=","x08fD/zxgzgjcIq9yAA8aepH70fBz7YHzsm/rJE53Ss=","mw95Di+l7XfqwDtKRZSlO+QbscWMsql36hERLFsGomM=","mWbBmsgUfht0VhNqgMLjNRv0lbkVJ2Jv0yWbbTn0MgQ=","qincFL1MOfLAea2gHd84U1v1puu9Yeigzf2b0o4SYbM=","vmjGPL+fSXn38s6pTqa75z12splCkBfb8PW/VICoaL8=","QK45EPwwZsmgZ9+lJ7CpWXECPScoQfimVfcoGRguTfk=","NM9FEtR9Xmh8ijgQLdfyr8HzqS9dx3q3rgb0aeULA3g=","lh3YLSL758uMf7tnSTKUavOGhRIRhOq7BiB9UdCIZuI=","NyikcKMKjdY8X0X12cIBEUoxsvP5E3n5FjC0jPBZQYg=","5nWl+DU8y9MYfVOKIqTAPgvdeRBT7D/Y/03nHQ7Jizs=","qUPHSO5PGo7oxvv9uEeKkK60fA8xkZBAO/dOh1UwufQ=","W/7rJqrh1H8N8SNXnC1VPo3YHPkzKmo/SQADIr6zYmI=","7LwUg20sGJ2cLKQdz/4HgXhiw67tcXC4hsxRFtnauMA=","kjkwiKJF7iiGi+F/R1GIO78ajc7CA5DFv3IIirxiphQ=","uBPjiPDTIrnxXuXf0G2dyeMo3y9zZCzSLaL1STkyjrI=","Wx0f+Dq8ZG76NN+b26XFcLc7AW/oQ1akExqphVd6VJs=","oHTmD7OwjAb4hSKkfVuOl+w+tGSVFWXYF3Vn7+hORpM=","9BaUEgWj68FzftHBUMiMv3Az/monWOycCEkFu4Iq+jc=","YM8GdRO51mBXquTI/3Qp55nE+5/PY9ev1F75aUyIBVQ=","RIQ4D/QDtggwksqPXMETJVVkkXyBuitRLwJrfEnpSCg=","K3OkHXKduKUBKc/oQeaaIkniiiBIoRJLufFS2/siMXk=","aEutUTMN5LQBRW5PtSmY6kfgrrjPh3Ie5ta5wWnR/Sk=","9D8gOgeQ3KUITd9KwxSw2MtvkD60yT2pAzUFRnq5buc=","dklpH7lXmQQnI9NC0jWQlKrDWTsCWrxYAYJi9MJqHgE=","dQV7C1r3KbCkH3VzWhB7TVkwmLL4qdNeO3N+s1Y6ARA=","BjyEReTIaGRec42I+Nib5K3JL6mS+6hc6scE5I4F0nk=","qfvI1TyFRjX8FCz2XTJRzd+LVqJL6W9lqOFK+mfyv68=","xLlL9rejrRE4UPMtOAuC0Zuk/zhOMw1LO0pbUSoyH/U=","SIVLjahDIPkIpv+T1TUus6YzZ3Ofq1CnKNpX9ZBv/4c=","FaVNi7z1RmR4+IFXimNi8V+zRJi2K2UXQYJ+VRn1+oM=","IjI79qiNe3uPI/YLpDcLljjOyX5x/mprmDCpaChy4/Q=","HzJfm9UmjLW0JconeFyz7VBhCqTnp6j45Z//1vNAWAM=","veochR5iQgvv/M/n54Ouatf/uAYQtCR4H5XAw4yDgjQ=","KCR75Y+DDAieRwZaNijfsXPBx69qgbtYX+WNFx2Ss9A=","4njRjPA10tzOz88FmbCmn9ThEtbDXLNYRhVPBsXAc+A=","kI4S50krvDc5xQhWyJNmMejWineylXBFUpmXN+hgJE4=","EKqscsoAWOibUjFtQ6alwFh7H7gIUlEBMFuCpfGB1hI=","IpsRV3+wefO4qcF4RorHFcvBOAediA0v8rnRfQHNrT4=","5g51E0DytE6OsscrVbCkEsaYmnXJ9MEZf1DDI/pu3x4=","WCnXjWfZnXrsB6Sa6NShMDps24d7ErCMX2r3vMAgFvY=","dKGoDHgDBGDgLwRvqG2gaPUgWBaYxkhDqseQeqaLCn8=","1xqND44CvuLvvZK2Q4Qe30EDyj9gXHKbH4us69dazOc="],"block_size":4096,"path":"fonts/OpenSans-Bold.ttf"},{"block_hashes":["hdNBxEpNSEFF4da3KLlTcLYgX+Vj38NZLzIuuDvgBZ8=","UQ3ZxgPzCDAMm7qIKTNv4kj9+vFK5zJJjpm0llAaf1E=","DTguMXTFVGIdhbowgqjFnsNm3BGSOYtjoqzwrGHuIxA=","+w+t72AtjmeWdSl7c+rFtzBaDTW0WpLnO03tSupEqEA=","J6Q0kAQR/AItylXs4ct2TTxxqDvwEVipk8tBSrlLZsY=","ci4kbk7jQSZcKu8ibzgsb/NdJ3Pso/0aT3x0rA5Jo7o=","xucGP0md5r8Hq5L1op2pYxDXEf2VB26YZEPoWbPwKSw=","mKdTfX3iL4EHOxuTysZ4VipU+rUXmd/8xWSVSDUzFc0=","ylACw4VZdPvwpZAOKCCFOe9zOMz34QtybYlTGbsaBZc=","jlQAywxNLUHFMpaurNdNg94GRgaZkwbFsjCaoSSGAww=","HrfnUDLzDV4uhb7XTksoA28PQ3KniJUfIjzdIHvJup0=","7OU5uvKpBXSvcs/1PlUV0lp3idkqr72Wn0vbmKYEucQ=","bwL2znjSw4rKOxGlP1OnADwlpCc5KWZylNUoisNDAIE=","JWtH6s6sLHNmITtReKrRDOlwMBJiSY8m5ni7T7+mWTU=","bBWUy4sJjSueU4oiqRq9rKpc8DPs9ypr0sG8+6pj22A=","zTApQidSvitzoeOc9zFqUHrm6YlfYUVdQMV4XlPgfLQ=","B1WpT46hhYv3qF0G39KSWh5PE30Ukm/ZAqewytOY9Go=","lVERIaj+EMTXD90C4cAnNSN/Un5ZULAy/Cwz9dMOLDo=","MoJPy5XDoO68nsVGdJe+GL3X7c5zRlaRioOw6PFd8Ko=","RQd6XMIYSWJpuJf9r/cLoCGJPVuyu4lyHEfBoLl2GKg=","k8ladBhswpp4dfHKNaj+19RExa/o58OMh9ul+Ym1cvs=","X16+a6U8NI8xXH5qzq18pyb4iulp9lbAwBiMmH5N0lI=","0DZi/VAgrWTcLuQoTyzYal/PNIFNgKxESf3rwFy+MXw=","2lqiqe8LE7uRrOdYidQQMSfQirDKZ0OMcXBjT5hbdQo=","VmxiUcNPMXRf/EapfuEK3Z7552JvExl2QkXUSkW2if4=","k1e/WRy3vrW7p9VMhoABsFk8r+eghL6VmcrC1Ifi03o=","CDRJgV7HL+7gz6u6sqRcZLk8KENyxH+LzsrYfjxZnNA=","qfODwhCKwjXh4oFg0ceMyq3UA/GgdnITubkkEMfddAc=","COyR23x4OVed8wVVyObaoUPu2/FZNhXE43e4Q0E/T4Q=","3OStnfRx8FpCFZeE2qbsLlQwDWkCQ/EMvbkBNTBgC/0=","i3CjcjdaLTxvLsqT4e0am3msKOr6Lkwkkd0vIoFtwT0=","g5ryqOvw0r/jc30tl39M6WAWIsl/AKno/Zu5ugGJyos=","5SvIY8Lh4yIA50ESsoqvgJHU0M96sWFzn/IttY+YgaU=","UOZnGSAox7ZYfDfDSOJUewkS0CPQDk+H/a/waOrW6S4=","W38uvZZF8Qb5yf2k1WMXNjyudhvxbcwkDFy4QryJPHw=","j7xsFlLR5prA6RdhTtElLqAOAGBuv2Bfqb2kY4coXhE=","uAWHsEhG7eOcvjqVBtpnPmVlkdtLqTqaUw+PSgqipbs=","K7pzFUlzsJwWv5qS4PiIr71p5gxai6YCsg2a0tuFtp0=","giU7lZVG5zlwK41iX7Kfkvdx/euhEJ/wLsd9BDh5pzc=","guuPpeHGNjCSFpblD0+EypC/lI+//yRgZ8pWS8w+SQQ=","m26oijjvXPtL5/ZuFC6+rRFkPTq+GuDcHImLPSrD3/w=","thMp5z3hW1ahAQ+5c3rljorcnUk6J6d6gZx920ckNhw=","rMmHTNUK6VGoRNM2gZBfook2AJL3BGYaJ1G2IhV4X/k=","svGx3hiWmTU4HN1Pw0pt0ko4U3ebn8x+UphUv3x4//o=","VIaif9IhKa8Hx23ugASCXdwNbGG1WtdRPvSYIBjlodU=","rKw4RGWhf0cyPGBqc3/gf90noDP3ET4NsZYZSHqJjqc=","YaFII3kg6/vmm39pgG/a6pwhxmeBBiHlbK3jyBkgCzA=","FEqMUC76QSFzSg+MWcH/F7APaZM9XEnB3lRK8eN/8U4=","C8PBBDwS8iOsJv0Mb1oD27okKUIeSaytEOR8ZTqu3aY=","AIv3dP/EycEjT3B4xeo7/zHxmg7URK0kvjXrVVaxaDs=","cl6iHLIRuh7wOOlXj7tpMzR1djSmrt+ZOOyR5T0cg+o=","SF2AMcwTMlACc6hyQHbA2vBoRYQJ6+admQD2lql9EHc=","pb/QjqwUJx9tDloxl8YzLhfOwiItmsx/PJTEUPzlbOM=","9Up9+FIhmTh6z8xF5i82PJrzgGoENGtXpj50pAGMKC4=","7BMDCyWav1ws90tD7ZhnTbpKY5cE6aWtAqVJt1tfwHY="],"block_size":4096,"path":"fonts/OpenSans-ExtraBold.ttf"},{"block_hashes":["qSh5v4H6dYelBYLABLUWQd1LansSnGTambgFVbuebNs=","gepZT55o3570L+ZeyJh2UsHEWbCbvAYguYG4Lq9zjHU=","ouLLs8k3b/Q3ldVzTAE7Ad+rq+0GaDtIHFqs5M5l3BU=","7TTOCKfCHRp47/DviUuaIBHi3Q+lOfmIy4BTkSXZSFw=","FVHZ8e14MO3r2zknYKE+92ZNm3ws8ryWUFIw8MOXgro=","aTpguwvZlEP4uOUFSnYExfjzJgf0VAN/t8awXBLpMpw=","e7cQ6bnVBWYPyl7ErPP0XaqC2ypVxVlTnthws3RA/XM=","C1Qy9twQpsM7jKQgRH/SYEUGEAOLETJaJ7H9FOwnp5c=","+velFdHER+SBousqnM+wSJtSWS8uAyxbrbMqVqQa/CA=","57bsj8vnhL9ejAn624k1zbW/Y1wDGe1NTXrwMm9iDfI=","YrOvDW7ml7JdxWXxJpVZHWReSA0k/bxYn01mbc/NaHM=","qoTOSnKva5qbRdSaRfGoTEIvg4kWRzV5M/nBj56Ht58=","n15QhNjhCO63lcTAKTHHVrvmPcWuqcgEuVQWehuF0iE=","4MsRnoX3xQSMQG/D3B4gTA5Lb5uwmZeqQ6QtDcg/XpQ=","6gt1u1t3AQ07p8fwQ7HLuPcw2irT1AZMNsIB2bGVvZA=","19JsC8fxd2m1DeLqU3R+/R6/67ub9CULE0eQ2HfpJeo=","WlB28JPuxjVZiSG81pLsZu0wXkTi1aBSgE5iY9xaq74=","k0m2Ds9kdXGBw8wjfIpschA4y2JSSTaKHFICff3tv+Q=","dA4gCZpMT+ZgAuXGWN7LrIAV/99xIUTDziOT7aq6Dh4=","vQtxlrb8XqDHn60XcakGbk1NVJCYSuZb8sMDjMS90YU=","4BsPkxQPR6+a1q06j7dZRLvHJbNUTRxTkC1dDVjG/F4=","PMiGLHe4cd5wisiWJCrqCHkiN+FCEVrFk2XFej8hjwo=","eCR79JBk1wxC0ATWrp/sT25Y8vKhX7aGYUZHg1Xi/Zo=","+m+Okv5rWfJW6eo0xnhIPAbOb95uK4Qa8mLZD6GvPu8=","HpeuX0uVA1VjbAwRQndTmi4e3WWi5bbtl0L2L9E7QcE=","BG3dVcQSaUP/Nyvn34ICdsDqRD6GNRCJkpKcDsHyylQ=","BhuyyoeB4YhoCXS47Shi+JssGVuYF1ZPGH7GAXmv4Kw=","7ycR61avCzERI1C10rdkMjsnR3rLtcRLWg3tDobj6uc=","jW2fmK/OoFnFhPBNOURMrsBNi/IFK+10ykiIzc58SH8=","clLXVAt6QNgV0rgnRiYj8zDj2XN+v2MaTcyW/dgbDY4=","bsRO6Qb2kDN42rTOZV+1dCA7E8TtOcet0DLYa+83JRk=","oh8HqHs56XgZZI0VlV+V7Uy0R5I/qufNpKUtriMNMJQ=","sZciT8DUjzWvJ7CXWMMIniHmBeqTNuupVdPnNyMC8qs=","tNKqdyyzk8zX5tiG1zzCewOeKoMRvfiidRYegym54es=","9vvEysdlkgJ/GaE2g21SKyeNiPnpiUY4AVNFFK/Mmwo=","OrisrDIyQLY8g1a+gF8ufobQEbNprc5MYj0IUC9UpK8=","oFhM3t6ujcKtqAa+ZMimeVjqKnHdnaAMnA4yRUtGPPs=","bBVSrkAyE/vIwVnIvRnWSehyK+oa/AkhQsZfEUhon5k=","K8UGYcHKN6ZL3vEHhe/ZtebYM7gGBCSdpE9WSREY4WA=","a9xWdiFsg7TXaIz/wpHaimi2DtTanp5FUZu0a6bn0nw=","yaTLo1OBqNX04fNgsWK4dJlOMeRNJsCTkt5ZdETAb6w=","H7YZ0X2hjMfe/Xyc1DzBsA2PpVcoAhkXEdwH9ToEr5U=","5BbkMvSFuVbe1hhRwMPPD3gheYLMWgC/aHKJTwVkgSo=","qgASB835XV9GG6BzE2QKEyPPMSs5T/UeDXMG/qIrc0Q=","1cOb2AUtRdye2t/a2AWroLPcJhkZ0ty34EyqQ+2xYLk=","FSqrbVBxrGq6gc0sLRe70cbGZIVDWMCfvsIAvwW9fXM=","5PSB1eJ1m0ZKZ9X7lVyGR1aw6M+irmUHfDnNTaV03cs=","6akqoXz6o8prEjiM8y4tFXMH8R2I7a3H9RiYlvD3aLI=","spNw7M6KOOnGsgFp39tp1jua6TlsIOWon6oXlEL7ob4=","EmGRa7iebt16Yzv7kt85N3ygNv6il4aIU6Qbm7xkklo=","Hdjjmz4m0kDPsXr2x2ApNcp74ywnI5SE2+N7NDKTYZ0=","EP8j41oXMV3E0N85mAEscCYTpgW+IlplD4nFvGPvdCM="],"block_size":4096,"path":"fonts/OpenSans-Italic.ttf"},{"block_hashes":["u+5ukJXYmgaDaJ93mkrIGGWcw7gT976g2/XwppHlQIE=","3yptTrkwkYFYnJbEBV7KNvjD9AIclBvr/uG+ktJjF1c=","+dioR58YVw0W8U+RPp0EkN8oSsG+jVFw/i3x/6XdNAA=","77oRZbtEicid11DEUGPIiKAxGgxi4SvT8Kwup7o2gmQ=","qllBQmJ3BBWBLh0Zxu8eV0GAXYom9HO8svpJa8v5loU=","TdWbz6k7b5TfuYM2DGwqEzjN8uTr5G758vNDlEZ2IFU=","eJRr+iHjsh2B6NXwUxu38xq+MxcApKuQtOBvIFuwsSg=","zwveEnlwunpC4dSD8GbPXooqbILjxDNhHak3rI/RYvI=","0zzSLePL5+yqSEabmYfVPwEiLd4tXcBaSucdmX5Ob9k=","vgDs2NgigIy50wflaGF3tbJz6SLeNc/Aw5MwVDjzJMk=","74HEH6QchEaiQH1EdCetMT5i2jNHnUSVYQuji2oWt9U=","AKPRE1qwV/gP2B/mYHGfM2/QqkP5EBPDsWFnXWxcvSQ=","HwW/77kJfGkDHRm//cKHgUGG+l8iGl4Xt5WfRnY8WQQ=","WARhG3CflDgv/Szlb7uSdnDTyIh4SaCziXzbCNLJqEI=","LC599FL6prII3Q3zWi3W5bRZbWBnNbLzLdYA0QhUMjQ=","/jizMCAp9BwsrJEOxykTw6+CnP7IB9K1WEOIQ5C2Y80=","H+egFqI/V2gL8zFfVEnH6txIM+k2ZP4dQobXi7wiq9Y=","YSaXZdRm+VSKbn9bHPPe0mDvmPT4mNTKPDbWr2C3r8Y=","tCGMILVzUZ+byPRcuGp7fqKQjc7A2EXyOtwKfWas4VE=","AxryAq5kiDUtnShbwimDx/NJ2XvmZnj0So+Ggzdqtp4=","k/WykNZOx5WfwPamwzqhCuaELP/qx3NegUrcc4P5wtE=","7pwfiJOWXZT2gxAnnIQ8ye9KNIFRFpfiInBydxJqVBE=","i0vkQSAA8/0YxAWtLEihai6rFkioup5M72DAAr8Aycg=","BjvLr/HlnvVM/9cMIF/G+zfe24hsPlm0o30NMONELuU=","BnluTINfB9Gbcb71MoiddXLzCbfim8BJHz4dFvZdvis=","L68QkoW4OzkKMBKz2PauOU/sB1TpvRnepPjNoaNEsvI=","VkVvtZH8CbQTeRfmY2PjVij0vnEQD9UH4PzzafA2aeE=","0mk3ruEAttAYwN6A7RxsCKUCmHSrFwT+U4AMzvJkTho=","TG7nxkhi4snNsNd3ojFp+JB0mKbGnQSOYxhxbeacf5c=","mu9cdXP+qxSZetSH/L3Iw4NWIjPcmO34PtE90zaHS4k=","cTDiYFOdwa8HgUa3DKqAXKcyXSc0jKcs0lT4S6/Oobg=","nBK8XvGolSEi4e6t7m69ZAEyvbdZD31sGXEF093Smrg=","YhhVjg8OIlLDUXvCoQBk875Uu9vmwKl5L5ff8ZRplnA=","m459kp5L2AbggHUmIal2O306RruPQclWcV8blIw5yds=","c6l0044EIpyy6xYW4duqDvnbdrzVo6vK3HoPxllg/G4=","AdBnHr8IFNwZJJw+zl56yhIguIUyAFJOP/a4dQTX74c=","Rg91DWQ3Da7N2yqIxoxsdXZtISYk98Cl9RQtioV6DQA=","7G3vF+gBHwVRppninatkw9WC00aa8yjdzDUTtnKgkNQ=","tOVy+ZozE1fM0/sZQeKX17tVNtfQsMliTQQij3tzpkI=","xdNcEq0weZ2n7DxkVkYGKkiU1/vLNUxjNE/3nxXH2Yk=","La+lHZChcJrGPPFwhcoDihpLH5A2mal6daFnk5gap0k=","i8yXTvDmNWFm5OL+mTD4NLW+fZm5c6bphyXxh3tKmhU=","9+fzkYlPSeiHKR+Q9MxlaxwmeNR/x3jLW3YBZqxmDB0=","sAC2/d72R0CJJ/bSoK9JTTdAkQ3SMWuwCV4y5wG+U9s=","1xc9UoDs3+3dId1AZdQRT++gL2WSVZzzh+BuUzca6KI=","6mxoqMobFg/t0Gf+dCpZpmZmPv+aHVpdjYuDAfQvPxM=","W2r+kQkKl86xaSdLGA+psbvi37wclV5K5PPeIjhXLBA=","rwE1TypuWnJrn89Osi5xl0ceaGOr+J4yEorniemC91c=","kmmj0eNgeOtVVGvfKBUckMmeMtcVzKfuqsVczu1Uym8=","uY+4DK6KQecCkw8bnALiwEDsrfPVnkvFctaIyC6LvVQ=","WhAlQm6Boz1q+2NLJC4W19iv5tPawkG3fXkptPK4ppE=","jOqayK1kWEscInxLVsr/RuvIWZ3yatRnJTGxls6i8SA=","AS7ZWdFtyCn5cZYT5SNXR74w1eKSQkL3sKj+A6Zg4cw=","l4HehzZOshyWxjCIReqdzVXbYijs8hxHNvIrjPr4IgA=","NUJVhL1pZrMKf99QlaLowxxhTJbG+bAQX3IhQufGSyg="],"block_size":4096,"path":"fonts/OpenSans-Light.ttf"},{"block_hashes":["8RghMc1hL3yNzxLyIntKyvr7adK2jGnTfZpguSlam50=","MVAPp+uQnTcfO72fmXGMX1HzvST5PP83ZotuOR2jvF8=","yBJ9/m+hrwbbYJhNCd233oRP8uPP+3NDlMkwqdjn7Rw=","opUJTD14uufG1N2e9ghz+h2Xz9sb67Ggg3Yz9zi9tMs=","xC/F4YhBb084pvFjyr7NKt4ltyWN2cYDgOr7qKHwb/s=","+q2q32sDxFvNR9KPi1u7CpqreV4q8HRjvufLaw6Y/G0=","POALk/SannpT98G8JkHGogLP9hzMhMfPagOY232t3Yk=","viZEye4tukzu6wIsUcMDe52uqYH11xX+5gtRh4gTC3c=","vZ9TWipinUwoCX2g8Cc8N/UikBYWldPj8ThAfey2RAE=","KsAmyCPXZoS5NmAw0fJ71bQcSGsaHb4rlwl3RsG+zGo=","VXvULpa0bvQ6QN/a77ZxBARSlYrbH7VVMG5uHTbRDiM=","t13tpTfza2ppIABCuRRbjN/nkKk9NcwKPVkvmTKGRq8=","0uBgCJH42/VNhnrp/9KY189KfE+kDXt4AJNlZVfzL7I=","50jXHpgc/R5phuDea7F0wvFpQGoH6sQUU4M2phRUoiw=","/eWOkBEDtVwcvhT2IXnvjPlHuyiFg4gwHLpC/Bc4XwU=","XXiZuJJVcfLNu3/bqoVszKLcv5I6+6H7oj69fbyQ1GQ=","guv++a9sZbpdeZCWZnK+hnVs8i4kUx6UXPiLbcSVjrk=","8XchBOiQtbtnBFCTWDE+Tvj3buiN5CwcobuTB3rnIQ4=","SWX4WhIQswv2ZzQG3brTaV2rSPfgV4a4x4H4GdeyClY=","liZmMF5w3+DMgY3jS3EdJZ3ihEF2lRa7AWncdsAK8sY=","TluYrysi2N5m0ot2fta9TLI9TR0PBcjkdq6P2/JWtCU=","lS+J8IWUbYxLdYVRxeePoCaPzGpZVm+jn18d+xa+0Sw=","YYgipfLO5FFkBDPMJVicNW93xG4HqN6jO3XFdV3DfNE=","/cuPWN6ASJPj7u7vYq+kOQDDrqYuWqRxnfzf50Kf8lQ=","wsxMPn1FY2tux1wH24/QzPgKlBRMi0BhH0Ro7RP9jxM=","VGEUe3PvNjimggpoTc3Wfg0wGpBDBircL+ODMksBTUA=","b4gmz7K/mFji+LY10P8reVpLMcTqnXAnxZV2PDszUk4=","UJcJqbtqeQQvO9RzbS6+GEa6225D5XRPP3eNAyNhLBg=","5ZE63UE77H/YOeCQ1oXwAF5E6Niim5uAM/rNsS6Dl6U=","whlcX5IJMMR8EnQ6NhKd9PS7gxU0Toa3Kxh1MZYrwRs=","ruQS4EHbG3i/UuEVnQOT7xYegk7iyVlzvgGOhfnrbi0=","6NMV7zZEiDPrDKRLbvXfKB/mhbrqAjW2sRfLWT5OCh8=","gGeWYRWdp1ZZnintvlp4iC9Mr+y75oEZu/spJu9+Mg4=","LWdU2uV8bqAR3F5QETbhV0z00bF9si/R33t8T1PdpTw=","CBwEidxSsndCo7xkEhfPxrfsH2nCGa/xzA6AjoWEReg=","IaJIX6VxfURLZxiFBzYsUd84VTEq7h0eqPdDlLf5FsM=","F6hYJ4tXDH66K91dzLE0/TkfEEDtb9ECOltWXVztIxE=","3edezmNWEvGm8TfpnAG+GCMnJ+QQN2p4VaHNGxOqRic=","bdOJMTP8WaH8D8FS57pvc2/a4VG8YfI7H7euEamjZPk=","SZe7GXERYWKR9pf9VVKcc1pDuh7J/SOcXiB3Vwe1VPk=","31guLpWWAwM45ZQUW/PPsw28nWhkVXGpkyFEftz/07U=","h2JIrR5eeGKJcf3JqEv9XDOQ5pBjZG0xs9lp4l0i6n4=","wzaSqcRKF587cXiOJ/xN6CFSuMoT2j6/tVZBS0v8wKQ=","XuoIoQRfpzxCIHrVXOPkdmuSIwY3ZR2GI+yt6UodmS4=","7UtdbDUstq25C3Um95gPkIhVkGcCJhb+3RmOSUSZcWI=","uMI1w4RVd5ytfwzUqt7tXcGPXZgHhMwrWUAAi/8gI0Q=","yNihDeHc5o8ai7cc8DHJzKdFOR5t+P5UI49C8LiiDHI=","f68xb3hYkUEvD65GGFUq/uS6MQKyFcvtDT73WmLwY1M=","iX/2iwLcEZJC7TICz5pscXUFZxzNz7EWHJkl9pr5Ygw=","JEKK5lNSuakHcpeanlr6t4ZUDS3pHLosHkF4mwYqwkE=","EBaGaIgXHdvvHTi908EysQXUR0omiRP6fzsIWqaLyJE=","wuua9N6NRWYvRr0xZilZtMf/odmnJn0a7CCSX08oXUA=","9YGnYJqN131EGMSUsh17ffZQHOlJIUTsMrgX2kJ/I18=","5f6vTA+nN//79xQd7OiGyGV0dK64Zl8MxLUjwV2sBU4="],"block_size":4096,"path":"fonts/OpenSans-Regular.ttf"},{"block_hashes":["6nfrMwtUYMTLFZYoxIHi0QUfsfiPglcyBOBk/tPwRT4=","dDWg2N0FQZNQu166I0G22RIXsTxSdtwUU1rJV4Cc4ow=","jde+wZWMZnBQH7bKJZSVlgHHSNS1Nr8lUijp4AvNLP8=","7+7GSOWflrCtZWLgBPYEcHKp3E5Dz5FGd9Bwj9stM90=","Chw/BhMQ+2nOsiq+gjloqK8TOjWFmA5gihy/5ZnOwU0=","vexhIB2sQbNS8PNVM++ZFyv+6wBvb4YUDsnr6WXuzQU=","QsDPt0BHca3VMwyz0vY6Uous5VpeCrDf96G1KnYGBKU=","immGXAKlsL0QmS718McRDTfs5dcNbuMjtyL0t7cRUMU=","2Rs5vfvlXJdX2gCsDAJDXu2LfSJpP+C9LafEAGNd0C0=","umFZjOJJ7YwlXNfo/Gt0xC9Zn+KyePsB9AACa/FSOnQ=","dlZ3+jxgXgBHzVgPSVO1nVmvGk+X5Z1M190KhWN29ZE=","xkpHeCS4Y7TvGZe7niwUoXPi4ScadXAU1bGEqpZznbk=","O/ZxvDk2VHOdUJ7FFTpi7GNcfDJGhgRzEKwxYTYNnJU=","tuEWLBCWF2lKJ9euQ8ZnfAwK2E3AN8d7fP3oghTFpRI=","NcJfWjiUU5jtNIJvPwRmwGK+lddyXWbsUNqQmAbng84=","QR+aI1FoIVQPbe3tVrqkwB8+hSidbIQf5vNoMXg3Q8Y=","Vip0Bt3oIYtQCXmeuacuigoSNXlN0cQ4F6dgtPGM0DU=","rXoqc38tBk9TKqPHogubxgLxWUmaV68Yn+1pUI8LQAg=","BclPGMEhxYAO4dUPBKA4QirNiA5BtcelxRxMxu0EgGM=","TRUunr1kPGVMb7TKSU9IbjAqF37UY3JWBjJvC4Ts6ks=","ei+RbnAwPPvxFR6iLcOIa4eODgpvWC03mzxaqsw5PTg=","8LzHrGIBvKRCyI5BlGZgwJT0VK/nevyV9SyflN0Ulmg=","9i6UJB1c9iI41voZK80f/ve+bkyRmlUblbK5xm3iGuA=","okFQRuTJC2iiK29p4LKPekSogquBmCzpp/fwEypbXAo=","6yJZZ2rvEz5/ED6F3ih6J/apHVme+MtmECBMOB9nK4U=","zGRD9vpv+YckpRJRa0aBBUWc7M/RiOm8D8yT+8hSzlQ=","l12tsz48NSaLyWFbCkjtW+BZKpytgNAmJ29Z2PpwubI=","qoDzDbaEzCU6itgckbUjyA7p9e0pZV2X4hWlSh84/aI=","HsScK0OMtrdmi6HoRfs0EtrZ9cVdjaEF/90PYZU+3EQ=","Tkrs2kJxBRRyJI42c/TPAld4Mps5cksyTqV+UVAAtIk=","b3cL6zmdfksfi9fTreYIAz5YzuYyPgU29Mg/zSspjOk=","2dPc6lXzDo+SEViZV8IDtqLJvXXNtaa/0K6lWqyzTqg=","lC3zsnl25nbBssB0UPhu4zDfvALKJGI2Hcwo2iNJfxo=","hfLm/uogNSojIAPPxWsk3w1VRU1wWCYyvz+NSfgg1Qc=","DI/gyPpifdy+jOYGhQE8bcEv4tMwCbAV7WMwL9bxfHo=","+PbbzZHOME1u9g0Gys1OaCNrSXXbuArj0RsSknYxEGo=","SJxcdixgRCFklcAkf3j3eNvrfgGkLJklntJXDeJihYU=","qH1ABiHPuJ1yD1AHg+4w3LL2FPWJBicKGDHMBRrSKAs=","pvYj4/yTFBjEdncjVp+yTMM73SqPb8UxCQO7G6tIcpE=","/ql4a/VB9b4DeWLqnCNza8g6GWOI+XuSkDcaKXP4VjU=","gWz3g/aAzcXeSZDMY4PDn8qcKwbQ7jq8tREHtklLlIA=","3iccHt6mtVN4mSoE4pRdr7eSlMqdtYmlKAUsbYynb8s=","NZAZQDB7dasLcbSt9Hbd6VagBg6PfNdjtxUo05rv5KQ=","e/Esnt2kzMX5xs+seuLHsnHY3+tTaePGGJj8/zQaAwA=","q6vd5dke6t7JJGUSh+Sd9Ya3fFtIFxgX9evCs23kXwQ=","op0/LTBoe6FcjfiEinpsMgDJGTSM8qpe4Pu8Ny5gxzk=","9ifaJYNUnB+G9+yhwNSrEFFsJRGB+fbxecvuaUKyV98=","JX9DPy/LvavsTXKBu/Jv064EDPr8nlkUG42WZFrpN4w=","/vxx0sy0ga95H8dCLegBe6gj/r2wm+zeOsEhsajvlyY=","ENpgyQbA0g0RApjSXJAM4PyXpIC7csoHREsc4PobuMI=","OPFeVnU1j84iSao3kBAScPrxVu4JSmm1C9/IxSjGjnY=","Z26TuzLaJSy8DmiwT/uNlOWe5Eh918PRwAC1bp4UATU=","Aq7MVs2bo3cC3Kb64Jfv7cIcnrhmGFf00HpZrKgAR14=","C+eVENvriOmYxzaAhvqIoboRYNl2Hft6etVmJgT+ZsM="],"block_size":4096,"path":"fonts/OpenSans-SemiBold.ttf"},{"block_hashes":["1BEWJOFYQfeWkx4RKitXbNp36ncHE524bAbSlwBMa3U=","snGW577ijJYwqd1T8J66Mar85a2ziav+FuWzXL/1gKw=","pmW2Y6SV9X7jC/XbfqooATbhIzrjy3V3CnhgqN1lrgQ=","fngep6a+IZzGo29i0vJqbGkkY6Jva0DMKN4dd5eQFig=","I4UuWQJKnWxVIzakYB7wy7x5AU0fYvcEa88lss0Slsg=","SYEompOwv66qSIoOHlK5D65+5AMm2Y7bQCtgEwMH9tg=","VcUOKziZe4gaUT3GCMIa/zW+FFA8EHH50bqgRCs68cs=","Xd03veOH5KHBn4zli42L4q6X/sAapuDW3NEp41YLgxw=","pBEW74KTWjThRmad8xuDSLQh76PPm3w7LiQBKgb3rcs=","3oOVd+0pen4INT+tnwmqK3OE2prb284B+kW5xUuWp4s=","ImWCsr1kdywpUxCC+6aSQeQI6iZbZ93b9YOIheumAII=","mAVCrDUmckvrddB2SEn6nbd2vrqjtT2qvptOvLd3M1U=","/hG81xWGxiQVu2A+p0pvs0Na4FDIveCWtrbZ96rTPjw=","mdb5rEDk0rHe+dVLGaCl//yAA062OPgrtaaCNEe0SJ0=","3E1NzITjNeONAxP4VxaVYIrY59yf07BMxo3aezgkk/8=","xTzU7D2Oj2JYDsMYo39tCM+UN7Hl8BfdoDDgzF2W8kE="],"block_size":4096,"path":"fonts/fa-brands-400.woff"},{"block_hashes":["7xaD0Kmj++egyDWRRNbAINVKmM8JQqefBKfPonmDGso="],"block_size":4096,"path":"fonts/fa-brands-400.woff2"},{"block_hashes":["QI5gvOTbcHuUm1aJui+CGQb/KMPzZ0Bq4eFbVTnjZ4o=","UC92+LJJC3p9DlWMeHvGVqQVfonA9RXorPsLiimpNM0=","QhMZCH6WVNXabYerfwM591qEAXU8zPF/LpVv8IJENBI=","Vaq4dcep7nJy1b84lzmks0uGv74yv8CylrorqB3Ux1g=","sNsrmUJHqcHENPiA0TfP2cotWtl52gvxV+8Qak/frWw=","rlSweKVbstrCWffGOO8VoBKhD4XB/qmsfXhWxg0njDs=","ggIr9uxJxbTscw1A4977e3HmyI78KdwNVcnKtLtjM40=","MiFK0WtXjpgm5ULSB/upQWadgug44d7mWx81Fj8qM3Q=","S2kCr3LJQj7J0Ni5Baykso1VbHUFvqkc58tzZy4h3Fs=","nJNGitl0wArIdHH3WwfSCGF25m5d6o7XZA1SIvT+/XY=","3T0AOefqRT6eeTLXBcwVk+NOQVr7MMTRxY1caDdnH/E=","qXT9FcZPx+OiVcR+SHZMyysp6bFWxkwB84QwGk+0an0=","rQ6XeDKtyWFlaNzUBLAEEfBEUOKkh84lIzweyddoH/c=","yBm0EZjqPT96nhQo77ANrYOixiLHuvZQaEcRt/x7Xwc=","HuQk0JIsNMv2fuVmcBWNHBI1FaG6gNnO5SqtEu+uZs8=","7bL8NheX/sISCr2B6P7EzHbvGsJQISAbaXxSRdXr5eQ=","S/BEqU/Ccqzi/+6U4eX7k4ah6v0cFZuj1PnKofvBI5I=","UyTvQhgZ1LjuqCdPcgLzJkNF6H8NagGPSX7E8QMzUnU=","G5zrnShFgkzxMZv3zHSvdgs/V8kR11oF+ncWavaXK8E=","pz7BKjrcnh62T9VaZV3KklcS93Gi/NTHQI/3l6NFrcE=","0oBxPKIzS/dggRDve8gdkajtAl/2h4DIlIy8GsE2Q9s=","3UW199pDs1wLrxUsmyQPlbcY83K7FQicBn4qjkHEBBE="],"block_size":4096,"path":"fonts/fa-light-300.woff"},{"block_hashes":["oLugoVksnzJo6eRD3kNQ6Mh0VZBrqjeRETcpgLDvJg8=","Badeu4hJDOVbiA2MLfw7iS63uBaZYlttHYe1mepjRWg=","wKz6PG9BwtzEZaxIYSbSr361rtBJG1U9PFgSnmn9WWw=","47sLXKRL3BivJe0LI918bYHZgsSYqi6G52EgH/TKGP8=","sdUB/hBkUHCPJbDdk0tfxfoxCreCXAeEqv6IQO9hxKA=","17UOHTPXCcVYO7G/nfu5q2Vta+9fW8Hm8LxfGQTiBv0=","CV66AsvASFHTm6zGTQLQAQPSv+GFWiMQ7xaj5adSI2k=","kkeChhGLiJHBLgPoP+wi40YzNW679L+eacuIywsHdKI=","yDV1j+u06oODthu2eVPYV2TSK0/rX+LQlKigEUX1Nls=","pc98aVW4IeY5IBWfCXUoTK/s3fFbD4gThEOTz7JW8fA=","q7lfV5+z/YhATge/xzoVurplXHKs4zrJfbQKX52tlEk=","GyNdTzVuXufryiCTLhkQQ6vHjx4+ErTdoXRFRd4U3dU=","AETl8FaVWK8yo4sNDRBMyEkNbI7mOPbp2rZfpXYp5T0=","NPCuhuz2Rf7dtdVJ6x/s1QUii216otltaikrS8CM424=","lxmkSUOlZU2Fu3h1JSKNA7bboIMJaDxeFZZPMuCxP/s=","/Mmt6WNrlRV/QSIzvwM05ovUJprk/8IGQVvWlDn+zek=","CTE/GCsqpzOuylMFF8LBTKO+k7++BeFqe6IpuA7NzI0="],"block_size":4096,"path":"fonts/fa-light-300.woff2"},{"block_hashes":["Ft8/w9zaUJC7ahMci83TCohPkljG8r2+MXUvn0n2ZcQ=","qcpcy8Bs6YLCBBeYheeXuvlfVA+6nNZyoRzlJ/+GlBw=","EyLB/mwE9AJ388QMILnYa+hGibrrGw9Z3HywU0s0hZA=","siJ/yLzuJnYHRUnAdo5cf45622Lepa0AxlO+2Dh6Du0=","V1BUTrA+Uyi0zb9L52hb7iVawk3BD6Kzl3EAseeV5xk=","8EN+Fuhne1yV90yOnXxAc+NNBCRM61GEnPBS/IvgiCQ=","aDrKaXwbpPpnIRfvFOqxItc8hcw5NXx+7nPc3DkLTog=","qXEHDA/ziKYebcKIUceGBMok2fZOpgh/WHqamk2k+Y8=","TMfcLuJx1SM3e6raFGxN3BC3cp0cBXyj2w9Q1JWJSwI=","oQi/KTmkLZIf8EGLx2KqFqK6OU+kTeVKOpeeDPGvM+0=","yrk/Fg4RmP3osfaVRVfFjwd84wrejNCeyOqiHTBzthg=","uP7YZmbNGhYFXCr4n8JY5fxwreI50gGZgex0k6ql4tI=","LLgVtEmNC2W/nn8DOoeKpN40O5T8pzZE3b6AtpZ0Im8=","ZPapwyci/NZh4tEBZ1ocajMCmgrARHmI1g6ohu4UzVI=","JBPV8ZR7/JCDVX6Lnbc4IRB5BidhUN1GBNHCAUwQQig=","OBDt0EbJvCBtqw3pfaeUYrpwhiTELL2I6dyk1+yoZkE=","fu8f34tS3tIwmIpQIlDMZDJ2/1+rJvKfqX5/UIPgmBo=","ZQKFFMbmlVV9oLF98uL+6GrfMlcIjvJF2qSO6RtglwU=","nlu0CJ2UjD41MzVEu8ZqpLJ+6T72rrrk9ndvcrTQ8js=","fYN1bHKStHMYE+1ym1XX61UuMfP2NPdseQg2aRlymmo="],"block_size":4096,"path":"fonts/fa-regular-400.woff"},{"block_hashes":["sJemqTvOxFXRFDstV1R27+WqBoCCS1NADlsb/BVb/o8=","RgOGd2xc5XsQE2Di4lFkb1V3daj7QjCBdMEevrgdCYI=","cs/9FkJfypwqm7E0JOMPNjAgDdqy3IJsy9Lq+pirBd0=","MWmSy4N6nAGSkGfAzfPvlLaW59G2wgx7mvjXw7jwPGU=","FN4SBWcYNl+cMfVwbB94ksGg9v0PUFUWa2RbgRzmgoM=","AOo3Ou1D0p7pWgRC4SAbcqkpRl8g3a6pygkkt/KJ45o=","xbOi14MPwtFKukoF28c0ZS82Q5xcCv3cKdrNbDSnAZ4=","EbW0L8LHgnTktoRK2HO4Y1kYuf236R6LpX+uU1wwpHw=","5axRuFPnSnTOdCJ7h+1Pz1X7/8x0tD5TAjqXQBcJ1cs=","JaduihKHts0UaKvnONJxZx0V4NJe8W41bgIBvREFwQI=","9RHEP5rq3MWJkyvw+E/Db7xBQEZ9xa0s4ZAiTMHBB0w=","7cWlE3ZP7kInOlv4K3DrC/pFAS+gB6P6t4Zg385Jo6c=","o5Ok88DhlF59JECW7RJB8VlmIJ97LvN+3+aBB2FQNKI=","gmdllZsinDDIY6sn/v9iIXcAHtqoGb1QnrhKlQ29zeA=","tv+IibCxIzDcjS4SoRpR8un8yx+ANZY2RPxqMA9rNzU=","K6heS7G4fjJdXP077nIUj7bs/6QlXVZcDkQSKbZTrYE=","mwwYS7mOGmb1c0+a2Lr+maaGyaCKOs8EmLltXrRF6CA=","0rUzoOHvcGpWByLxhdZndR1oFHFUZO4dfE4g+FWjlLI=","Nd0pcHnIOtEctPe2KSUtnY7suz6BT1psTXgoJQlcSA8=","fbgyKBmFrqF6M/t8TIpyaVf9ePojQJIYxdQNYTk9W0I=","oe+SUJq1pxLaOmOO9VW3958BVnpO0cwOqXsjEJX6MBQ=","mDzz4stWgujJV6KQ29zwu5Kb3U3vszzcWDvBx5FfKlI=","d2hE+1y8swI/wcI9MidGcR8pQ9x+BQZ8xp4ceXemH5c=","OO8fip3XZFYyeCvL3shkwKJ3sa/IXSwZCTB5eO4KstA=","z812Of3Cq+Y4tOIRqBl8UupvIDBcWjzYlU8klYFNHT8=","Rq9Tpn+BUnBxGs7e06g1u/rykxCIwxiuU1RtVpEkYZ4=","aoh+OFZrTy7qPVuenP96Bw876Nu4qquz9iTMllKFMOI=","cA44njhAvGYGgzHJAFX8BVKiiNNFvDJcoUzM3/O6gSc=","Dg6Y1gV8/rRnSmcES4xFkaV92MhgYxt0llkKwVuftDY=","LZ9yAqqxRZquEJQIiUF8rhhcSpT744bVl5W4WwQucF0=","8BimdaSDx/NsymiiUCJKbgxgx1P2esIE0X1Beum/h18=","UN2bAadZf8Vs2GvsYHx9wRagR+1RubbUWQhygKB7pas=","UlAGyn9ZjTt12muKajKg1qTjBdw81LL2cRjoMVCwoKs=","ACanrnNBx/DXvRIeTecf7sN00+h/XDh/GhCdptaqhlQ=","pZtvEHET3gfa/43h/F5xVrCx7BiC0nfZ0hJSWFj4KcY=","M4JBRu841+WsHZkoQvGZOOGa8j0fbOYTS6hiGIRVM6c=","vm6OFkSBSiA/94kMMvKgJyd2A+1heZsvH7bctf3N2Sk=","YG/ZZKCqM0cgRulnijfQQ+4kPsHgars9jABN8YDN73A=","evCp01TUm5QJ3z4BxkaeWQJY38NTSY0SLI1Yb835zkU=","b6/SyBcBsztu6g0Z3w/jhoJmakzs7h3vqixiGrSSrqA=","WIbojRURTxnawfyFa7SvjbD+VUiMNgzxKYhXkxoUsUA=","zbhBACfXwSbaglwZ4vMp7sIaR/LeKwtM63DLsqo12Rs=","QTyvXq9+SnbG3Js8Lt9tnoMne2m3d7yoTeTtEu9hxQk=","4iwT89R2kTa5cugfaNyAucdj8tHUvqbXlVO+yLYSwGI=","NTP4OqmHntIfalAMaZbG1ddJ0mXEKkV7EReshujeuJ0=","ZSE1ncDstd30PZnhIvw34V+RabUrprfTWOcMndL3jk8=","ubbAP6O12CbEYp0dx4H/Io6EbOLVE097ZirkODgojAw=","T3o7hQoNid49UMNHXmfcFTZgXgdSwIMvRJknAYXPxho=","76BHmu+7CqDg1rv2rZLrFUV6BeZrBUXJHGcb041XdQE=","97NULWqR8dS4u18LuJkHCc+DuTAG5cGMz7kImRJ3hqs=","O8mUj0LdUw/7QfZIw6WeGyID/U0R0IbSsdNzxnU/n+s=","8LA9Z9JrvCeZpzsUhaWzIZwRtBbQslpG+D662Na8eC8=","T8+kqURKj+aMGnk4BrtMPN55QoUjrHmXBv32G0WuK50=","kA5Ub2lyIZeGk78jgwvHDa28Jx/sLzUpc6tv8f7rKcI=","6Nh9UF/6Z+DbBEG1A3TI6MZ5Skwun275g239XlvJZ4M=","tU0SaBboYbMkZdxZre012cMbqx4TGBZUzfhhXkpVBeU=","+BwPoUCMHcnMzEo0ETBoMI2rqih4r1RT4KP+UUhJFpQ=","2RB8i5mpiaKJTPNr7lM8rl4Iv9BojbOB8Qlyomd5/V4=","fCNNmdHwvuFjuKbA4T6nhNsSNObjnN8wJnZG2lQ358o=","uMO9A/+zwFEj+Un8214951lgXKZ68Qc7PkQGmP3bD1M=","gewLNt0KAMDaWfdiXKK8M8bw0kom5464tBLpP1wRlsg=","seQkiAWBzlnU1H7olhHRRJwbJ6pUivT/gwp0PnmTl2E=","V321qfp3tMUZ+NsTnBqWpuoKdBfvNoyCKasSPcBadSU=","J5/SdZ5lWqon5hAw1j6NsCoiH7xZu92DZsrSP9ydSsg=","za8BSWqavI/4dp2ywg1QXPgS+KnQ1R6r/nqAwFDiUZo=","3kK0UMpXHdzOtE0o9IqMbKvMsnMy5u1nk9okTVA5vIc=","gmT2Dc3ire5z5RXBdlBmjCSC2tg/PVA6INakeN8DS+U=","qSXn9nIQXn49FAd6HHvloIDI1y0Jef0X1pwLOro51sw=","u+v3dBpeIkBblwUIsfBuerkE63aDdpVOLPkqkvauzMY=","21XWDuYWgHpbonWR6XzuW5BM4nm1ZlHVghh1gDqdYXc=","DkrWls/7g2Kw968StAYcaiyfNdpePas3sTM72jDa8nU=","kCgMHC17kjL350vQHVwWC1eXYSPHoKTR+976QY11QJg=","WEHULPHnet9A7hypEk/wqHlzOVx1PIPYLPL5yJzx24s=","yjIU1US9C4Ur3nAd9QQ74T/Gr0ag1NTJFwAo1w2uqJ0=","wZAbxTXSCvgL8xs/8xubfuaGpbDj6S4YX3uU329i1Jw=","yynEnue6+x/Vx+ZBrzqlhrenvWDhU1LsPRnZIl+HLmk=","O6m4PNTpeXFcpXBmw6NZ/r4wFS7VyC+xhNhcwI9y134=","R0FrnvTKdk9vPXsbYstQD5z6snDelQO8KLrW9rH1GGs=","MVT+g0MR9BfXh3LapaLMk5xBzTOMvyE1cgZ+pdI01hs=","jSKnuZjK4+vHh31MMSmYIrU03PuD8Vw4SpAskO/NKTU=","OVvbgzmM3CcPnOmREcs+dEfxCgHPETDUQjlqsbjHlQg=","nOhTbJPYjmn4DV0N8szuiQkwtxtFvsNgX7w3++5cR9U=","PdJBqqYAPJdpvH0PRDjhYHFUI65JfncAxKOsd57Mgso=","9QJwn/rPcjy6KbNxIvlXc6Qfid2CB40G8LczkF9VHZU=","YTrBZwq4l+SdHX3unuT7BwEZHuOpN6Io53BWhLghlVE=","y3IVvWRLVOxq1cFs5V+WDmdFl2oQ0lYJQP2UdlcFoIc=","Rn1AP29QByYv4RVh71Pj6ts3Gr/ePM/NcbanVnrCooU=","h0R2wdzj1G2xHXQXQrhi7UHBRcwh7HvF+wgm03TiEaY=","VgNL8FnbwKXIHlhzaaHF4gOCPYlNMlM3kaSGiajHzN4=","10OGOqUuu1RJPKqr9ggfaacYsmjSO7WgqRbDk9GHaLQ=","asqxPPt2V58Fh2wqIfknzjmuSYYhAxIiWnePX4uDYdQ=","RnGe4iMTFg5L43gA34bR09Nsu/m6JGJwnh9ZguTIf+g=","o25ynxk1QKBuxLOH8PcJKtad5SLfOf0wMV0K3a6wP6s=","sR9TqQdSiAIhnmQydxwOGpVW7gQ8161sN/69beHbElc=","jXW+pekZhMfR1C/7uzple4JjryOHU9N1bLdwVUZFkbs="],"block_size":4096,"path":"fonts/fa-regular-400.woff2"},{"block_hashes":["2lOPu96fakiXrpf2C0HQIsjI3FI98L/+z87kVLX0MEE=","mcnQO3gRS7Ix97wbn0JU1i+1mRBYZz0IBVGpHKiceMo=","u8fk/COb9XdLtzVLb0LXJD/V+2qAcN472rk+IctwEXM=","8d7URzElBl5AkzM6jZzrPkiSOC8fgG0eXX6Qbi9CCFc=","9ZvzKCRgIsbzIy2u5ziYOMQUjQ5HXoLYAtiy9lUd65I=","SRir/38n1/7n/kxVKMRI3jFFQvyuxt8cQdGtABRAjF8=","U6HD/gmMcWDJsGfPG/xzvuivyEao0nBjCLjDWZBkbi8=","9WxV0odRc5dDMNIEvoEnj2L+ObH91t0kv8oVFdWupaU=","rjTrWaoe/29jNraFBs95sCf7bkUnbpAU48uTkJ8qw84=","k+zbAZfqa/AOUta7UXy5F3XXdERxNoV+5VujpDSojVw=","1ui6HGPZPhMtA+7nGlZJZ0QmoG+0VTlNNP7W8Ps/crY=","zsivZoq4/8cpL5Lzoc59+enZanF9lSpCeYD3g7BLgRY=","TPnw1/ihNmPLTQBKCNBGMKIumyS0rQW7A57O5PLkfvE=","NpD1KotUbFeNDYsGpGlCulY6s/fKBgzRcwC8Ch9uOKQ=","xmp6DlqpKER8MReRRahWr7LyuAMm17KzL65UGOxRPwk=","9okfrxPAWfj3LyzTEpiOW75ZxmuTTQj/BA/6SJfRaxA=","rEf+haxUa6PULYO3O/KesHR6Yn94/Ah8ianYCWOpbT8="],"block_size":4096,"path":"fonts/fa-solid-900.woff"},{"block_hashes":["lQPNrENU3VG2DHiwsqIeRwTZEdjgNTXPDCAPfk/SfmY="],"block_size":4096,"path":"fonts/fa-solid-900.woff2"},{"block_hashes":["jk1wZBq6ks9PPMRSloHkd0oX5QoCG8ihQdpTJs8qxyI=","B3TF8geaVd+5WjEcIuzVmujb7uDpQr9Dvv9LBggGSik=","N+T13Kf0Tj9SZKYUBmR5OHwaLOvHGQPjOA7650pmnaw=","ZHBpWkmOQkevhiT4SiAPzRg7BLZxEQP4yEX+elC1QsQ=","XClBorUU+p4upt5waVxdpu7qKmQ1UpKMjLk2jJt8Ujw=","WlWL7bShCift9/J0FE8HVhY3CjIzxBIMv5A7hSZZHz8=","5YpLXsqQceo+y+LA6csceWbaVAI4CSfwQvFl5tvvKhI=","j2qpJZHkXoZ27qAjiJAQvYunPlSROCPNvJc34swAPv4=","vJM7HBLjOk7klRKvmwYKiIhHakqeuSIwrbtie4aVYII=","Wqnwp7ZWto5TvFAOGcndXL8ZiReY7KQX7G91rcjU5so=","SEXyiR2rhOUE8OiuIVdUdGdM8Ug1MYVdhuJvQ8I4OYU=","0Cru/yoHDxNDt0UReRxi74rE0u1rTWAgKATaNwIwQ2E=","pcBzI1MLeGk4edk8llojxOhyHBj7wG7xXcO1FyCcYVM=","TZn3qPsH147em3O2+fGGqtrMEdP5xHstyO+Q8StVk+w=","HroRDJ5KFRBv+H1DIYEMXR3FIgEn4686WB7d9j1DDmU=","w3S6gLuW0IZIDndk/wjT3Jk22W94qacgN0VPzolLDW4=","51qtTIwOP+hGmUQGSEEfL/hotX+c6i9JwetZHAzp3EY=","1f88b5+VXG/v4LXZmXvp80nfzJoCID0r26sAYoJte8Q=","reWTLLpiRpxl3NzFOrEDad0kjwzhqyaqktBdBBuaWBM=","JdqCAemgqROO6qwvy6mrYXdGjEWWh59n8whA/WVeHhg=","asypGg2Ij2Wv++FqmHf/sQ6MlX01USqbNEh8n7dQKOA=","SHXgawQpROWeEzfCFO9DIhTiJH13QkgLrChFHth7KtA=","JIngSA8GDbNxgWGkixVXZ9cYlX/s+YskdwcC0nHlhG8=","hq/geIArIzCEzNlsFn2Zk+k4T4GhRuQfBniU36l9Kwc=","6waZE/Dtbq/OcI2fXRQs3YsYJivN+HpF1v02Yv+gw+8=","DrLIj5YT8vgOIuNEGfeNZqVkXy3gvMqBFPn5Zfl7iFw=","Id0ziVyTTAoFWOxWgPHxzszLHRqqox3q/E6pzpGhwPo=","scAgmwipC0q6ax7DHnUc0wyvF5IqYML4GMSy4KhJyVY=","ujhmkVgkba0EewtnsiEPCwowZa6/Zb1deamAlSzzxCQ=","6zOHyhtcKw3YE9mbv1KeUbbVMQz8LaekWs89LEqk5+g=","iCPwDLQSmQxz2FxyFFl5vwst8aDlzLqYwYXYgp7BHNE=","bou9IdRbppCEb6JHpxR9ZhpF2/CekKFeBGY0oICLRuw=","ySlJqZU263QtN8Edc1y8Hw8mJY4oayZrUapCq4h7v5o=","dPUwwRf4HtKngo7SX9fiUslNygMlEzdbjgwUEa6DqsU=","QmjAD6pnd7BLOaVmGKbG7bTpunInIMv/DzMXfV2V63I=","tksCKIjTGCBrHl3Nk8U5SmTjiF8XlL4coNAyCLVADO0=","1QSGKVQyAQIjK//rn5e69TNUzP3iD8MnxjOasb0wgoA=","rGMJnzCLmiutVuENuEsPFmIPPFj5uo8nSbe+3+lODfE=","yAV7guBwXKZt7opCUwdMVVSLlHc0MbECGvuPOpXQUm8=","YiPUNtXBV0MV993NLG6ZPb5C3X6MUyQqODp36xM6HmU=","AyBvcsRIFot0S9+1Vld5/JD/UHJITnX/cD95E96zGIY=","qYl6BEi3k7KeqAAhaUW0QQDoQO8HPtwcedi792c2HbY=","Qj+vRz92gIl3Nqh3XHdCs+VoFEQB0/8f+CoWAXTBFUE=","OSZ3B1xNfZXJENxT6qCoWx+4Uwt4QKx4MdifE23evKs=","72Zsl9fnCSPcvHKHCBAiZ54Vz3d/QiHB6ZvlFSiEMXw=","LVdyRIJH15WZ5jlYR9rHref1JHZmk+H1NzM4AQJz3S0=","pRTjbj+NxSD0aqC3T3/OWSl82RwfpToZxps4yPyJ78g=","MyHudaGHJpxU2InZhiSP/mRqkjz7ZFulhv1+GjVTyjg=","yqYz459viAR590ocgp7wY1JngOJaZLOExx5snhg+b4I=","UZho7CbjFDOBPo4XMvMTW/5Z7617TIQeDnuV1fRVCB8=","jR9naKq3lj4Tyy8bwlqqL132XKwD4HS+/ll/UoGD0cc=","KezOBcotGRjvKTuPfiqAOKCEZN/JqQ7vzv8yUhLV8iE=","QJ9Aol6q/BRXJn533Ajkd2fJ9PC0fIXLgiLZD4+N3Dk=","HZkFyn3tV9c4hE6F/Ldm7K8e9VEZCwqiFXvkdQSOA98=","2BmzF1/TPjvFgX4yisZ2zJuwiLP8fZL7KkEmdhA5kAA=","5Mk8AxzWpOVxCVWFeIz05x1yNTbDgK6vt7tvK2CnD+k=","qG4duMStdKZMaOEAoey0ojZYnzrLmcjZOe2xcwtlZK0=","qjIsZZNwz0A7DaQVOgDEbL3ahbSI4IqyQH3Dk3AYe7U=","HDzy2y9YhhLaAR+aPJXtIeDajI0D5FCYjBX6sgBRbs4="],"block_size":4096,"path":"html/browser_popup.html"},{"block_hashes":["0JbBxCxwUesMh+uxL6RSd2YYfyG1N9QEYg+H+k1Ikwg="],"block_size":4096,"path":"html/source_popup.html"},{"block_hashes":["WIHqCjwyC2E+Iw+IpED0sLlFCD3VBjplWt8g98aklXo=","xt7705qCAfJ5YmvKkuws/OJciDRieTXohxzbeRnxv/U=","sJ+DKAT0xIH7T8hF5jkGU5sCsfe6A5RClfkUcBCqC9E=","UOzmEuOD/lBge7GTMQgTbAosg6lvTj40iSyQJJA0DUM=","6M2e7ey8HIzyQ6NgnpdB1nLVcYISt6IsYS3XHSoqviw=","Dy2s8wCSSwNkBcSPNMGluxNciGh4mdxuXHdW7W5o1nk="],"block_size":4096,"path":"img/default_lead_icon.png"},{"block_hashes":["oiapM8AIYB3JAlP3xojWlbWsfNfN1bkjZHuOvCi/TFQ=","9SOGqgWmj8iigSWARmE7MBTXCP//mAWps664cntkJes=","I9xgaZyTJ3wpTxfxJMhapT0Vox5A9YWf4gWHTsGQGf8=","diRKFqHAuHg35j1620wEn1bippmb5DyDZUQTp+jJ5Q4=","D314DiPvCNrRNaIM3Tri9p5cxk31jmCcHp53fsqEw7w="],"block_size":4096,"path":"img/icon19_grey.png"},{"block_hashes":["Wi+nwjaUyDkH5GcjX39W2j8GL3wAU5Dn4eU8Ccsl5j0=","8mVpiOu4XExDy5fa2ORbRwstzALhQ2oBoW39Q8OpWzc=","I9xgaZyTJ3wpTxfxJMhapT0Vox5A9YWf4gWHTsGQGf8=","diRKFqHAuHg35j1620wEn1bippmb5DyDZUQTp+jJ5Q4=","SXnEpxBFi9OPUhsFaDucOMcCvDPGHsWnpg6GWVtmmiE="],"block_size":4096,"path":"img/icon38_grey.png"},{"block_hashes":["rEWzqbC4xA5laAk+6nvuU8gZ/kF8aTHAFaREiIqen5Y=","edH03PC/VutS4t6p7uzVlwKOpp8x0GoCF493GLHwb9Y=","Oexr5MBzLu4klROTnrOBoyDIq2NAji9PU9nY06PH0P8=","AQcevTFueQO9FZA4seNv2dlIEdpmqE0blgKuoouyARs=","LVEaLtosS2EfTlBJY+DinPC7Xxgua2t07XMc2lDNlfw=","YdXoOjQgbgYhlMWHLlUPE9iGrDGZg+Mg8csusZkYGwo="],"block_size":4096,"path":"img/location_icon.png"},{"block_hashes":["aPKrmJ8Ua3OPVOi7l76FNvI1zZI+cXbSFCD7MEkN0kU=","BLGX7ZS34CbK7q+NlRaJA5niJlhpBQLzkZZROe65D2c=","xadRHEVssFJsDxgC0LLo6tQ/LVvxWv4EePIi2RReGI4=","MnoIQ2EgHRnwRR0i4IClSNJbtJoi2RJZrMhnpGb48Ew=","br5J4h6bIIuKX0914iUjaq2pV/fVBJDn33VSwx8TzYM=","BrhoYWBqRiSBw97YCdJTJB9amfrqNDSFBKEfr/Rd9TM=","gYpLZMQTnsWw4eJ7Y5MWBPNUxj8wjikBcCl4f6fz8Uk=","JWA54xxPvQo2dO7AdrvTcW8CYR7O7hGJ2W5wE7HvzQo=","6upFJrTVQzVaMu/4hgRDj3nb+thEcp0M4aYrxEjTTQw="],"block_size":4096,"path":"img/orange_transparent_logo.png"},{"block_hashes":["O4hiKv/7HT1cBskIrYGX+r/VSr4qDk2JoQwakwxBnVs="],"block_size":4096,"path":"img/search_grey.png"},{"block_hashes":["0iNQ1C5ATnmg0djWH7YIvzbIdWagQ/7Cm+zpNMfBigw=","BLGX7ZS34CbK7q+NlRaJA5niJlhpBQLzkZZROe65D2c=","xadRHEVssFJsDxgC0LLo6tQ/LVvxWv4EePIi2RReGI4=","k7RflhutiuPSw+PL6sfFTJrnRFEdGNfiWXluGEA2C40=","TImZS51Nl1Hsm/Lb+B+BWmX+uaU316CoJfxBzuXZJ6M=","yRz1JxupxMXxKMPbWnh4aZUj4zSvEGb8Ly8euAU3AZw="],"block_size":4096,"path":"img/white_transparent_logo.png"},{"block_hashes":["zFhp0dk9ZjSWJudkDZJSJDqNWmOiKp/ReIQspugx2To="],"block_size":4096,"path":"js/background.js"},{"block_hashes":["78nVtP12CmlV2QfpmkTKmjAtNrW14C0LVXvWd2aXgJw=","V9xyOUMiFkxX1xUfxwNyJMUdc6OqKUGDpkjY7TVbYdU=","gIg0/qpp8t3RdZXA9yGSH0RQJ98Q8aLJSV3om/ZbmRY=","g9yIb5E7PSJsGae7lYi5bvZ7UhBg++/vcY4hi5HqHHM=","DQPn/BWYzUHc9UZN/Zr5N+9seO2Uy5KawmnGbabVyp0=","wTsGoZz3ciSdN3jVcHHYiXamHuLRiHrKGsidBjksVK8=","BXCyZ8CBtWsq7P3busXtx8B2nHBVq55GAoU20uK8Hzo=","a1tBWntDgGgKTY7NwY0qKQZvl9ZVgkxn8hEx++W+eOc=","oKktiZMb2K4dXR4x0GgyZgHkiDgjE2DEQ6y8FblNBWg="],"block_size":4096,"path":"js/browser_action.js"},{"block_hashes":["WVw3j4DHwCx/c4K58MMVsloDLc9+LW2TU2aRQpkGCmM="],"block_size":4096,"path":"js/hunter_content_script.js"},{"block_hashes":["pyAa3dLaCpwMS24GN4ZIOb4IqQYALYwh3Qfm3N/oIow=","3GwjXtY5fSAx+83XdiVaDZng6+6Yg1ixwgd1MKxrqb8=","P2VpO3mBLMLgPKtvny3UErD0g+vrxrD0N+/Lk3bzzO8=","FuBrvrcuzTff4fOls/UlGueiwMApZBAxqaOoTOsLQXU=","BBn04go1nF4YVaOrXqqfB4G3WsurR6wHsgAAElNXzko=","ONN+dqqt0XPtCLxXFC8H6uwcVtXQfROYjBJWV6sCXkA=","/bj+kiy6C8nfgodm8EBdhRs3sZJKfCECKDfNccu9mOE=","C0ls9jvp7ILiFbh1NQ4WWGedKUwXoeuSLCeHcuF3Ad4=","CQQTQcljChvtoF+I4rmiBhUHDgwF0xCNQFcJZat7BmQ=","B4YOk2UPkXQknsJlu39cfynEbsDhohsiqfXEH7/8B3g=","bEzOLIT3kqfzbyTrQ6L0ZkEhbw3e99uaqWNOkGURmss=","odwjNapp1pqfITzmfJp1mM/b6o8OeloVcooj8QeO/Go=","8M+tMHU+JbIfjKWpZ0gqyMqtVKfEzgly0y6NcDhkbt8=","0pCs97abjUxeQbGCPWx4qzC69rTC0d9eNCDB15gfH60=","fyy8JF1f1Xfwb8oteDAEd5FfjJ3U1c1BC3Vpkgd1iYM=","Gap698nPOjTnG0MhXAzS5hb8RNtlGZ6hbqZr6LdtD24=","f7z89QqTABAK+YYtkAaDMMg05aNh5b5YW0nBIrdETF4=","Zq8dKYVEFQX9U+H+wEVs5xF0F6IiuSNQC9G7xV8uZ20="],"block_size":4096,"path":"js/lib/bootstrap.js"},{"block_hashes":["aTcEX2jxZPOfiAqh5Dbosdhyc1RLU1e6S55TPasvWaI=","JuUIsCorY5v0v3izA1QDIMeBXO+xdJvVroXotG3OqwE=","MytwgtrQGwB3BGRqJzVYRf7VKXhqn2iVHkw126P5uXs=","+dWI1MJ4oUoHqVA7/Ziw6Lnt2/aWeslE3Qf48+lbMVk=","aPcJPdmOWqoJz/MgvAVKGjysb3QrcpDxRoX0vCagdKQ=","pdW0MsT4Hb5aFe924QoEeE7LRoSOMOMk+enqbvLDrjI=","QURtaexp3OhkiX9dHvS3HUSsKPrOUwdlErqiMtpullM=","SqrXfTtws5NJroKLNmnHlQ3Zv1PSZ5nPNcU3rRdlalg=","3uNqVSbEMtVwn1s5FiDlKIpKs5h+nUkp6AyV5D6pqGs=","iXXmdcCun5h10O919zVH9wFJ4Zh328x5yqWoBvVYL98=","QcPBD3rX0DGUFZOUlMUvownP5ufortomKkcffYJQycw=","mecPfKcg6lrGwcYt8efC3NDGqYmzfdlmMpt8QnQMSzY=","66fTrj3Nq6aO/CGnpJL0MGl6OlwAXN8vedw38tHrD7w=","SE0IGb7BWlvsg4iOA3pNDw4nkMOrNZrNanhfQ6hicOM=","4RFlHqSh2jTOFa+gvp7tOjylfQ8vu835bsKpRqcpm3s=","s2bAQbSAfiPFpMbZMY4h/dqaexi+/fxbH3zZCfcPrzM=","N1sOrtZTg6Au91hwj92HhsY5ZYvbvNFm1wMA8F02kn4=","W00P35VdtJFoZRq98npg/IMkSMHlIpajula/HTH7uY4=","EGvz1HFEZquLIV8VXFRRQHLlWfNzxU/NqoYlw+wm+u4=","gd2UwNCVhpNWrUI6o1UbE956glZ3K+oUPnTLthWuRgg=","N/ZOIN2+Ree1tp2K7jF5eI327Zt6E3+GmWB8VMh30PA=","2A5LajXtSvheIdpVbPyIrn7BBqF0GeI7KvYhFs/6zNg=","50/ZIc0xdOY1OqpnlFgS2BkXdFuirZInweXVK0yy6oY=","JwhkjfKZn7mhm9fETc5cTtynF0VHCrZ2JOqtLIRx/4k=","UjwJrojn6yrNBZvTfXaya+De8ObsIELUcYIfMt68TSs=","D8ROf6o5B4TSMLDpgdVvo1UIz6MoRBXET4aCYvqkjsw=","euFjd9mZO14dTp9/znqfigQfKNwAAg2bBFRW1EwJJrY=","gN2NQeC4oBiooTD/6u/BAMTfyvD5r0Skrc8H830y1qc=","Odve42F/oAvlb0Wf9VYaQSFf1K9doDmhblEMkWFQPiQ=","MckhgIpawOKoYRd7gHaR0RBRnmRntZ+ZXMS7QjQAM1U=","Tin165vzRq/TZ4u9hVSsSXQmahVjJmdIp12snVTCD14=","WO6e1be3GsD/gK7aS9w7BkfbSQe5Unu5pS8YMxQDzWE=","jt5xEfakxmI5EzkD7uDXgi5cpmtfLotOqxrLK+wyj1s=","R8yYE6GedHLi+23XnH9jVlmcv6AFHiOVg64R4n3HKa0=","/CsMJoidEt1wiuXiTPmfgvpJJqYURlN04dwxwn+q2vE=","3HVhdRwKua+LuCB+dTQEBsvAvi7Z6HxdjbAgQdAjjO4=","tMey0jBwAmUBTf5rm/TQTY/DRsV4U9Y5aPHbQEbGwQg=","EaTbHsoIP9c3Y27822yGP3NVNVY+ZSdBgY6wmJgPVGE=","PlMCoNYAhrlsE2o2n8CPraE6Ns0YIOEB24AOLeFcX1w=","BJWhPu4NU25tFrGqki6vgg4yW0ek2c2+tLyi07ENDhY=","tAPadLqhKC6UL/188SXrVUE1cojTO9qV0xvhlmxv2ig=","mu+RbZx2jLsquJrCa5wouE2DzzNGRukLeeCgXAKibw8=","iYfwqQ/QEwFMoxiXCoHPZskbabwLorGCni1Ztd/n//o=","FQvfSMvHGjras/n4Th11UscsTjblVtVc/BvrNTI4vIk="],"block_size":4096,"path":"js/lib/handlebars.js"},{"block_hashes":["wi7QOt1wbve3N+8sc61QOegEV+IdWi3m7NgZLlJGRXg=","JProJv3eJ32VVzGiBBGkbED8mHDids8WlbkUdIoF9yo=","KYybAFRYBTe4lezu1WMoGN6cEhapSI/vyshVqtQ/5AM=","OaRGYIF5gfz8vk3h4qeMoSXY3ozhdaR5Sr2UnRqWdFg=","xdDgGSYlJZ2VLI3YxWNzNb38hrrdWz4gwroUvqL5K/M=","kVt165ap/GzBHyFR8R6Ohej4bplSUhPbhoAdv40bFbo=","eccauTk0yb99WX35haQdsuulCnL+DEk/tpuC3YcujLI=","fTmUUIY481zWRsdAvodE0UGm9r8rKoAGd7MIrMnaCfU=","DVkhAHoLSczLV9cpXizdmK3hsWTipP2YYPAohO7HLtw=","nZSJrKpNuExw6ua/ziCoMRycnDKtqwIbMEvh1Gu+xso=","M8NkJe2C0fK5B4WbA2VsXNv780JF1XBZ5O8s8/txwhY=","cmS4HA671L7rCnkn6+DRDETveHyIpsNCZwuQ02JTbok=","XNPE+JMQN1h6jq7LwR4ywbqmk3bUZi1GU+QjAylQ/XU=","m2mfBIbNME6TBpSHm02LTDY6TwVc3os3Dp4VOA3YGDI=","l5wKue0uGwGWLj0S6pjJvcFHwaKLzSJP1ZHhNJqYAk0=","uhVJko/aF94o9z0ute6KQh4cU/W+9RyRSrwCjNmZGSI=","0VcRirrwkmCAXiS9W8HRNgjq3v/1ra+9AaMjEUns/Lo=","T/6NG14B4xCK7MTPFT5zUr4hFFow7HjG034eEc3JfSY=","AMaUWw6Ir4gdzkliBhq/Ojm2jJvduZJhXe8boBusDYI=","xuXmarbMcltLalIGb3cc0pIC8DWrP/FKtpl9wDQ0duc=","k4Zaj35Dhv/WLcasmH+b61B6Gu4V/HyG1Vepn+e2+7k=","erkgVsLVfvLk9KWX4Do90F+jGt7sT/19/yqqHXWPR3g="],"block_size":4096,"path":"js/lib/jquery.min.js"},{"block_hashes":["Yam0UnrvtZtWys7bZFPELELej+kFbDq7WyyekVWpXTg=","NUR3vvxlvUkosvePGrpNCOSJKWCfTwcZoPw+UlWLwSw=","jQhYprmlJ6a+Dpu6PfrIdLmEcLdDrOZZTWwHvAUi/4o=","vTtNGlY2WnczgWFpIXrA0rsaIzTOYM7ve4SH9ZBfPEc=","o/uYnmmyNYdX360DaT4PNKEWrJL7r2+OlHLY4XzsRjo="],"block_size":4096,"path":"js/lib/purify.min.js"},{"block_hashes":["vlaI3r0lDQk7O+EifIFAdk/5jLIbOZUb9VFQMfc8/Qg=","E5/8jh04dx/qlA+Sb9I7+wxM8Ek9KYNkO/yj2cC/Q+U=","gWR44y6dyR4k03GrB4RfABxdEjuqgmZq5yN230hGIMY=","LjaOWL84z3ztuhB/QTUWtZjD/ps5H/M+TWfZ31s1Sko=","MGoP/aJK35zGvm3KA48upx2KO+jVeWQLhhgoJWpadhE="],"block_size":4096,"path":"js/shared.js"},{"block_hashes":["n1P1R6usPADEfbHSf3pglmwTSvgvObpo4sNmDveGVWo="],"block_size":4096,"path":"js/source_popup.js"},{"block_hashes":["OFQazImLiPcTyPshG8HH6HteAnMt5/fCzMyLz/D1pQE=","lWxOivTtYRQiFmSByxB/TgOVJDKhrPfucBJa/ndjfyg=","tBHaas6bNV/3vsQCobG38lguRZqWKPsmL/ipAX2tdkA=","QvlW0YXzPYD/+lkakU+a7EK+CE3Nh3Q0sHe80hIYCeo=","sim4CGc9v61mVnYUQu5YR1DyjEwi0mUQsurbN+EGp6I=","xNb420UfBEPr1+uPKwL4nrQ6c0WZ7RbwT+00NtaUVBk=","Mja7ZC+PThFZtEco5nMwG0JUXqnwGgStdorPupg7Z1M=","Ytl4wVFU0fjk6cQJsdYtrV6DNKNR6fZPn/lQLOuaPhA=","kbBAcPOYSnvlPOqJIDEecY4XmM0igxiGnzPpgF8LYgY=","EKfkTI4dP3pVNVA66GNXiG67sZXdhPZScTruko7QrIw=","r41w+9LgcMJqc2oar1Fy2Mzw6PmZKS1ixTFVddw7NmE=","TyilFqBO5ev2sne0C3TudP+P3ZmJojIvrli3pdepf4Y="],"block_size":4096,"path":"js/templates.js"},{"block_hashes":["DJhVQG+HO5InSoWkEGNOSCIJAQml4/S0d8ElS4KkC9U="],"block_size":4096,"path":"js/websites_content_script.js"}],"version":2}