{"file_hashes":[{"block_hashes":["HA1KOiE7nXYRMcXf6icw9LkuZ7HnIVPqNWvRNcIlYzY="],"block_size":4096,"path":"background.js"},{"block_hashes":["fuJiWktXo2akv2HunWU3ixH7tooF9eCpp3qBiDI+NFg="],"block_size":4096,"path":"options.html"},{"block_hashes":["EyBbI9aKFDEbT1ZUCfWcSACpWjAaSGKV2TnoZCK5GMA="],"block_size":4096,"path":"options.js"},{"block_hashes":["2f/Ju+yIqoUv7AhzTQOvvYh9xa3eMpnXbUJgZQATRCE=","TcAmys2t353ApvxhgkJ/eqNqiolC0n6pOge6f3P9XvM=","arr3bYbKOcOlnsZSTPowIaOvZ5dmlRRx/SHJhDms9OQ="],"block_size":4096,"path":"tineye-robot.png"},{"block_hashes":["fkE4gC5C13jbxCuL59RO6cNTR1On5KsyT5l8st4Bt9Y=","NP5Vuh9o0sofYA3JzmfBcwopsd4AY0VTy+Is3mPz/WM=","ig69NItSHZ2vZuMJyMG0McxuSfDlVWqzi2vQMZ2Oe+Y=","IXiG4YUZlN2MX1jw6T29epK1/dpw8W6++sBEQtzAOIg="],"block_size":4096,"path":"tineye128.png"},{"block_hashes":["/k9rCXARpJjpGcUfLf2FvNb/3+p/b6MOUf2maT2OX7E="],"block_size":4096,"path":"tineye16.png"},{"block_hashes":["7KXsH2di2iepyHllfkGDjDdW2CkPHLyGppuxmSUoX0Y=","bvxP8lzctddXAtnOHVb5lUd+5Rl8JgTrV7jdUz40kwI="],"block_size":4096,"path":"tineye48.png"}],"version":2}