{"file_hashes":[{"block_hashes":["SJjv9GAW6S/rAoyvRUTuznRA5/zKvWxIyDEuPpFFzLw=","bwFtGmJ34HYvyfEqNQNSHyXiDxElv0Pa3I0XHUCVEng=","L755VLU8CUXhNSxa3CdbL4Qf+FPCHFxHNS5Kh1hP2Do=","UHUQdDG5yPS4MD/WvovJPxsQT5iE9dZiCOnBcKhLPvA=","45GXkX7mVR2r/MZSgTnpMVVFG4Xfw/Ok01AeXMNbbEk="],"block_size":4096,"path":"LICENSE"},{"block_hashes":["b1Vh9YRffh2ujLqvCW1qfo/YsEuA4fPg4/4hjnSypGg="],"block_size":4096,"path":"ReadMe.txt"},{"block_hashes":["UVWpr+sBqXV0tDNkbaI+LaSOwYZgkUkc8K6ox1ZKjX0=","x6AP18TVR68uxW1U54BhjCcddqJJ6Yi4dnkWNk6v64Y=","VtpRVv74EM6K3eJ/F+ZTuw3/oqvaeTc3wGQr/CBAlUU=","ZsSr9JsU7HThi5PFfQqtp7Nu7uUk2N+3rpwU9YaB588=","l/epaEFo3i2DKyekspeJwF8twLuikrzYb2++/wEZqmk=","P+vFctIGy4jd451dveOdL8gInWvuLDzwL90bIklvyMQ="],"block_size":4096,"path":"common.js"},{"block_hashes":["wor0I1jFZoMktFYHm5LaTGOnj/ihoJppzybRGcv1UH4=","DloXs7qiMlN7LxPSjsiqih0VyJXQ7niEjOKgpQSgwB4="],"block_size":4096,"path":"data/icons/128.png"},{"block_hashes":["zLocTG6AtmF06mMcI6D+Uc7yD0K2jA6d9NrZLKPNIl0="],"block_size":4096,"path":"data/icons/18.png"},{"block_hashes":["ulZn7FxeZdUqRLflHq/uWhgnGqvmaoKQlDZ28aQVTPM="],"block_size":4096,"path":"data/icons/19.png"},{"block_hashes":["al4XuMmSlYcVPEuCKB7S+ivXNNf2lWbEgWTvDBTfh/o=","fB/Qa0vid7YIvV4tdOkQlLBGIK/TrBZtcJn5g5hreBA=","PqiBucW9tEURihllubeo/5KZ8DVQhhPpSvxBROoaTV0=","XTXHBPxWy7u6KWvMvECh6b7ZEGdyW04p3SMBVOekjT8="],"block_size":4096,"path":"data/icons/256.png"},{"block_hashes":["gMySlUUKqMGGPob3f06rvOlv3xnQgXLUEF9PHM5W94A="],"block_size":4096,"path":"data/icons/36.png"},{"block_hashes":["3zoDawnE6iPY2AWnwaLgFiVyU13onCTgGLLzxiRL8Lg="],"block_size":4096,"path":"data/icons/38.png"},{"block_hashes":["U4RM7/Yb6q04aUvuxr8zNRYwUF6EL7raOWYxSf4ILRM=","+EinSJ3nRoCj8eu802lKRTEAi1hxMQNDA5qGs7n6hgw=","gvYDUIgNl4Nxlw7k29ZXBTIqg79HJYGaDHS7AzsN8wg=","Ma4thzAZRYrO7KSp8Ht/Dqmtr35XKxcyXyW5z+mCLoA="],"block_size":4096,"path":"data/icons/512.png"},{"block_hashes":["yT6OQhhiPHVix53OVoHFJkuvwUraWWjw36TNZ7rQIJ8=","fywVQ91XO9k4HTKNf2vbqLu7PqtWMK22JDsO3NjrCks=","J+da4+vbw+kZyYSEwnUwkomtrh4t46125iNu79uMZco=","zAYT5xDOBl2liTx2qKkxd59bXli++YHt6KBnPnue7R0="],"block_size":4096,"path":"data/icons/active/512.png"},{"block_hashes":["x5X491ndx6waK6OAdr8jxEq0hYfioWqKKJKrahtwDYM=","Zb5jsk9ZIiIt7jX5h258g3bxfqF7N5dyddnxOc22Xzo=","yuoBtnlrxi6eqyJk/oPjHV+plAhmQWnjZu62I/TyjIA="],"block_size":4096,"path":"data/icons/ignored/128.png"},{"block_hashes":["VBknLtLN9JBMtpx1C6g/iAvgajgb4GHCzxDqvFmY9sU="],"block_size":4096,"path":"data/icons/ignored/16.png"},{"block_hashes":["8e0lpPQuyQN0n9KtQXOkLctOVMONPWp228T+YzTJRKI="],"block_size":4096,"path":"data/icons/ignored/18.png"},{"block_hashes":["ufm+hS8T9SNXKksNc45PljuSob4+4PjfLhRenaOyyug="],"block_size":4096,"path":"data/icons/ignored/19.png"},{"block_hashes":["o1aaP0l/IxQxFM/vOhTcaq8hGA+FyxO2AMVZbarhaN4=","CizzZsvtr8KiMyxtJe2rNHryLOKy20oHIpq8bv32R4c=","Le9rsNVgaQLuyqq70xvhD24VL6bfeKemj8q3YxVYTA4=","g4BsQ7ofEDnrjko54S7eXGLCKD8vI41TH9GCBSXU7Vg=","AYM7swrRYS3rcBDdvJYQE2ofE7VjwSnU9eJI8ssiyfA="],"block_size":4096,"path":"data/icons/ignored/256.png"},{"block_hashes":["AULo3zZCaYB4A1Jrkv3QxUrxcYx5N2nTmKjFyP9rRfE="],"block_size":4096,"path":"data/icons/ignored/32.png"},{"block_hashes":["N5r/tPkpD2BSeIegAqtbJ9NGDgV/EqRVYUyEKpSBUp8="],"block_size":4096,"path":"data/icons/ignored/36.png"},{"block_hashes":["eMEI+qXb1sb5KtRY+I40aLev6p9izsN3IzyzGB7sEyY="],"block_size":4096,"path":"data/icons/ignored/38.png"},{"block_hashes":["EeW4DVdfq1/ajyZ6I2iCN1uE7lOoOEFH02fXDrhuEuw=","lrch4FUCyrKtTvILqPv3LUYLC00K8eDVHkAleF1GXHk="],"block_size":4096,"path":"data/icons/ignored/48.png"},{"block_hashes":["TUNvnW/yZN/R9VxbS8vMfkICpxgbiM8BUbfuhaEReaE=","CVMSxj6sDOEs7MfE1SDepCx1ATAS1cia44nA+/mvaXg=","48pIXoMPUgDhXlp6rDkBin/G1XO3048DK5RNGSo5EdI=","9QeNm2S3k3a9JgzCRJn2bQ5QDH0T5k2va2m3Y328gVs=","ZlaGC5PLu1dY1FAzfsYJC5Libng4UZ+zCK5yg63sMPA=","7na2eM8ox5YiuElBnZ6GgW93x6QxvEjGsEPUbNFySG8="],"block_size":4096,"path":"data/icons/ignored/512.png"},{"block_hashes":["1Am8bzKYQhsWT80l+eduDgPnNL7/tRNOjVbZ8k1dAUY=","P4oVTSLUzewPdcCNPYNgyvCda6Tw3XynNd8VZqWrqjo="],"block_size":4096,"path":"data/icons/ignored/64.png"},{"block_hashes":["t6RCRW0PRvKuRi9ThA31O/PsYVmMpmpYvWeNYzVMYTs="],"block_size":4096,"path":"data/inject.js"},{"block_hashes":["H44FVAOX29+6fT1fzehOEBKGCBj8IqMHc4mjgIlarEs="],"block_size":4096,"path":"data/options/index.css"},{"block_hashes":["80AEy9WcHyLgTh6u9OIfgWLbOTeiAAzAdGxI06O4VAQ=","cueyw9ziqNix1r6DrrLT8GaOEJDctMou54ZrlIa+gAs="],"block_size":4096,"path":"data/options/index.html"},{"block_hashes":["TwRusQbAoHrneRJkrmAEkR6JkLySO1+Y3ugdF7vNMNQ=","D/C4p6lxr1MqIWRAap6eaZJ8bxaJf/kvTYUP6M++kJE=","BpVZShBvDm3pQWhzO17ieXnutzXpYIHfK5u+5hGJFHE="],"block_size":4096,"path":"data/options/index.js"},{"block_hashes":["V1rCej2wzkQcTwM37P2moGgnQhWhjoGDQZSnHa3lGfA=","V2WCEFCdPAH4mKzZk0Z61l9zedRxifzJXTP4g6nko2o=","KP5LvUm+gSd0fBagwKRn8kfJpUaLz4lDJLuzyUMF+hM=","uxhzD/N1/TZWpv6UuJ3uyuTY0D1YcCyQb/wNzXiJGSA=","SzpMJoTD4MhETYkloVseFSMc6NWJnyJtfqagnlA9CRk=","lKFeSfPsPCrSruozJizJAhE/skc22CFYcsKfZkKPj78=","ZF/rt7y72Ye4pbZpSSSMfgWo44QM5gO2b5Ej+jZIQgQ=","azMRdXYJV0Qn3lTZGeDzEB4jf7kdkRJmBiiqAZZ0Ark=","JkGemc8u5NGvlf01bM7anO5Py2UES54ssyKRKDsBMjE=","9kkId5hVJOQ8rCDpHrXbfxRTNHDi8ouALAnYF5Ce0Ik=","ymacrw3kYkkbJWRXfpky/brF4pQF15Nbdm+1C1H2iAw=","RO40aGlnO2CRAXHKSb1xcISxW8KD20fdaxptfGR8DIk="],"block_size":4096,"path":"data/popup/browsers/android browser-android.json"},{"block_hashes":["CCNa3IpMOqA74mwpFVylSyc7IpJggnyXr8WegvPfsAs="],"block_size":4096,"path":"data/popup/browsers/android browser-windows.json"},{"block_hashes":["wPirXM5m0hY785v1ZNphlknbnRM5L4ilRHOZScNLu/E=","TMG8Jnk4ItHkCS39fVzOfaj9JikD0JGD3MfrIbCGfoc="],"block_size":4096,"path":"data/popup/browsers/arora-linux.json"},{"block_hashes":["hnqMGD7HGQBAXIfQ6LbisoEK5p5YBSepUPUjI3BD9f8=","jBFQkTPT8BYpQMtxeblmY2pgiIGen6HtGp4xE5aWoG4="],"block_size":4096,"path":"data/popup/browsers/arora-windows.json"},{"block_hashes":["NXP7MSDYgSU3xJnjp6cRZxbXSnEaazcgTVstU5PH0FE=","oOaInXWajmIvIErhqzwmIH+WIv0ftXbPJy3SETZJY1I="],"block_size":4096,"path":"data/popup/browsers/avant -windows.json"},{"block_hashes":["fQeEYwUMcH4Kk29WnsRn0aejCIHeYGHFGFM/FqewwCQ="],"block_size":4096,"path":"data/popup/browsers/avast secure browser-windows.json"},{"block_hashes":["qWaNAxi5ocjEZMPNmIXD7+TcpQ/jpYcqMvaeyrmUqD0="],"block_size":4096,"path":"data/popup/browsers/avg secure browser-windows.json"},{"block_hashes":["S80sg5V+vR6VuHHQkPQpun2rYM0U6dv5HTZi2mIxtFk="],"block_size":4096,"path":"data/popup/browsers/baiduboxapp-android.json"},{"block_hashes":["BEIIapLvpg1Oa3+sB9prDlWeqLEYLx2kFuhBgrJ1doE="],"block_size":4096,"path":"data/popup/browsers/basilisk-windows.json"},{"block_hashes":["B5DLKBLvrJuAbkrzpsREYJf7BG6C47RArLcCWzZhjZI="],"block_size":4096,"path":"data/popup/browsers/blazer-windows.json"},{"block_hashes":["WqNhaC9g4hDdoUHhitl7NuR9ebpx4sAfnU+0QlG0ckU="],"block_size":4096,"path":"data/popup/browsers/bolt-windows.json"},{"block_hashes":["HnF4w4wY579LtzasYx/b0dlQprXXC2qJERPW89By47g=","6OFqhwsue34wGnXx5gpWkqgihl3QNRs2Gcvf2M0x4jU=","sJDB7zuF5ta/mqnYi4fY/bdw+5SD2KafuPR6fLTqnvQ="],"block_size":4096,"path":"data/popup/browsers/bot-misc.json"},{"block_hashes":["nx4tIGMpT7qwBIHk7nZWtpubUOscU6agO+mLsroKiF4=","UE8Oen9hDbANBJKmBqG1H3+2AFe8rZ9U+QO4+lyKu1U=","0vGqb0YJCg2vgkMPz38Ph4qQLPU5/4yTi0Gr0TUnH04=","AKhplzs28YnpyENSl+0fHxQNTXbqb8fMIqMlTSecI8s=","XvO2zE9ZgB2XhqYoSNcJIn77M7KiL9LYWjzyFMs/yMs=","7esTkuxQv7Ai7KRS4PykKMDIioq8K3D87R1SAZAo8mc=","fKM9PNaVclhGZuAtu5jMV8d8Sn2mU9433lAkqifwgAY=","pRugJz+yu1ItYxm5RAL9IAgbprwfmJkb1/P77I8luzM=","QAsnDQlZ4u4p0gt7zl5K2WsQExpJLLxvqX0e2oi4xsA=","a5gFN9nZQtLUeo4JjQc5aGDs57u5baghM/vPxrFzh3M=","50RDvJILJ6Kj6KPwZYH2XlG3hlET1M/nLzDLQY2DyjE=","rUqoxKe9eSNj4iQJsZqtK/sNw6loQpoKPIkNTp7RU30=","1EE/zOn9RtnwEp8JSJvs1dFWLWFH4Dv/D+4HShq3R8M=","Yb9SzJQXMwS8cc4+dvKrQbaqP3nocOZRhRRrWb1UDPI=","ETJ6C6mVYPpyhuPgDiBTYe3XRq7q/LsfWmIfyp1VYAc=","+L5Uq3brLpyMQ6sIcDzItzP9KdYHEl9EVpsGFPnm3t0=","nfWRaGfypetfdEbJMH+yk8JvIUJ+YMDrKXLkDveLS+M=","LTBakVgMKM/CU8vFNchF2roZ6aePYn+0gcl7WkkHhDo=","Kw9WuMsHfgThLqmDnK9E/EF7RClVKhfzA0rW0iOzZF8=","JmclBK0bTwFgxurQ0/WyECDxqBU4E1+7yxG1jAIFegw=","LFYJlC0Mf0WlnY3+gTxH738R9rfaY5heX587VT/scmw=","eeqg04DnYZXakwYQpDYECXC4E5U+ivAfX+wTFuOXkZM=","m8YGS2b6GRsAbFGc5C6zdah58XXtRwHE65ifGoaJ8WI=","mVfzv4zC0Sqo7JTt0cuppr3vFgvvwHHtab7PkZtA5vs=","fAKKQEEGwwWwOrcuNJ0nSGQbY0MGdgg31/DmYem3SKU=","werIe7YVN7S0+0zdMWzkwEh3v8W+BO4IGZ6JPklBd5Q=","i0zRZRGBF4+etISvgmxqCPsgCtN6Gldl3giMJ17lCR8=","J5icbSNIv+P7Ij0P8iSHW93B8NSF7ahYb0WDW1CgyR8=","9aY0mBqn1GEy0zkBcRciLCGpDEjORX52y/tVBioLl60=","AZSfyvGHBx1PAzKra9HNHOztVM+wTqBWZkmOKTNXMLk=","oe7j6t3P9cuWXVrvbc2SjOE3qCUiNIRhBYdLS3zpsWc=","/GQ+XDVEseWymFPQp7HtZhIW06feKDs2MHPguwcPvR8=","x3xi4kM0SqyL8ZUgy+kay4PvTt6fJygMsa20z9V7qSg=","LvN7KIf9HbS1yvAaszBM19gD9aT3YLyA4FaYVsFBC50=","4dOoU6Z+9vjIkA9hQEseeWaCrs7f1Ux5fhK4Q/kuiP0=","JlxjqDUWMBHq6sfA+Wqd9qLp5VRK5a9a8b8Z3RiOS1Y="],"block_size":4096,"path":"data/popup/browsers/brave-android.json"},{"block_hashes":["Ie9+kxK45HSrUBv46y3ZEugYoeoa1yYvKou7x/dOgJI="],"block_size":4096,"path":"data/popup/browsers/brave-gentoo.json"},{"block_hashes":["LWK//nirUvNwUGlXqGjsgvHDHvxs7mPRvNeHe7z6PBE="],"block_size":4096,"path":"data/popup/browsers/brave-ios.json"},{"block_hashes":["twU3PEERMBweWwYVmQZVwUUSAVMbdMWE6J9Dwn+xuko="],"block_size":4096,"path":"data/popup/browsers/brave-linux.json"},{"block_hashes":["Xy7d3WdBr5UKqQAWnFqrnpL2TfBG6HdOcSRKJes5i3A=","NvuUUYmcvb3vm9u6Kzj9MaQigUN/MOUhZeOJHRLpLc0=","KrMBdNC5cjigGb9UjQGlmNUWD04jcGJz3f/U606Jxfg="],"block_size":4096,"path":"data/popup/browsers/brave-mac os.json"},{"block_hashes":["wZ/5FqASWZwPSP/nMeNpkhkmxK9T+dOKLVa9Cl+Bccg="],"block_size":4096,"path":"data/popup/browsers/brave-mint.json"},{"block_hashes":["fKAHvzANPWAhuoseTsdfzBGlDAHvN2I8QpNP9TS827U="],"block_size":4096,"path":"data/popup/browsers/brave-openbsd.json"},{"block_hashes":["1/tU3W1PdJQf8/r9DnAeFIMu3rfnpIp+3B0nVEHXSns=","r1OGVXD0W957ezCsDd42Cho3VE2/ylSYH0LeaHlo6tM=","bCI0dT34HkOUpfr8HjoM9SL+Mg36NVW2tQ3x5I0uIX4=","3GKX+Whba+WE511pIc4+KheLNTajPZdbZVGZQZxnj0o=","gfcUxXjmrLpg1ohA3wq5TBsAIRPEb/yPsi6tWQ4yx1Y="],"block_size":4096,"path":"data/popup/browsers/brave-windows.json"},{"block_hashes":["9Agl9I/xP3jgsJkWC5QiYuSTkA63FVJveFKcAOtUErU=","kZCrtjPi8ZTW4TzDZNvP6ttV29haua2z4NELgp5ga7s=","D3GAiQACEXDHhHWCNeR2tryz0vQmTHTuZhG6QpTVBGM=","/DS5hpH4DNPhfljXHkRuyltxpdE3W+UbIxt7hZmZGL4=","uZKE3Mfp0EuY0DPQlV7JLFSAw6vj7oKk/mJ8vSKmQ0k=","rglGKeTfOM01EMY7TTnQpl3qdqKyfe+gBxvPjIQ/0AQ="],"block_size":4096,"path":"data/popup/browsers/camino-mac os.json"},{"block_hashes":["0ER1Cx1SjqVc03OJvMo/Yx4C1HHwlbI8/29qyxx5TkM="],"block_size":4096,"path":"data/popup/browsers/chimera-mac os.json"},{"block_hashes":["MxjI0dmyRSphOffyL4SIPhCqel30DYO3QQR4U8cdLMw="],"block_size":4096,"path":"data/popup/browsers/chrome headless-linux.json"},{"block_hashes":["Fo/LD6FYMzZwpoJv3fkQEA6UWeH3rBHBOCpX9cSNeDs="],"block_size":4096,"path":"data/popup/browsers/chrome headless-xbox.json"},{"block_hashes":["kDwF5Cg/j5gVy4FjO/TaVNURwsxPeUdgTKe+/+OFQgM=","Xr//pnfD3cyhVL8sbewKgSlLAq5eMFl52Un1jCFmyHY=","HTThXX0r+yWDSxHRPLAB8uob+3VbumntU6wN3yqSMpk=","PVZxwIu/CzxCGuupM9lVgmpw/AQJ/U5tcLq5k6LFqNg=","7KEEGG49csR2XOEOzPj1XAE9ZJWPsot5SHwuHH5nGUE=","MUP7ATaAperDQIrnzX9YoId2k0WFCX/6KM928D3QpEc=","INGFkHvcvwqbSKBeZ2950nKQDEVu3PDA6ir/Aqc7YhY=","UnBN/OOwkYX2l8xvWzLWVon7gpXc6Bko4/p/x7MekVk=","ccKXBl7dVyWJLbpVZHx0t81Z/NxxZN+TPAZ7qibSx3s=","mRmRl4e8TkO1ihll7xClJzfai7OPerMrCCjM04OYKuU=","wD9RZF+WxIOWgJ95mPk8kjIGVLf/vTtlItkFqbQzlbE=","07i2O2cV2TxW06ZSXixZeOpWDk8Y1qp0I2t2ij9j5n0=","r3vuRyc0eKIRNloalPjufX3eOrvSc76ymwCJVJmLIMQ=","6bT2vxYjQdYss9AR7lp9TbW7di7ZGb94uMoAek66JtM=","sUnHQesPPVGuZz0zEFtaAxcyCLl8NxNIhORXpoegouY=","YiA/2RnrtEoAFx0X1yRxVM6bOIqL4crqDsWrULU2Da4=","7FS6Xkno2Bcz/c+sT66ND3xmeOkc/yeWWOv/PRav2aU=","9kJU8wVjpu+rQAEYbuM+QH3b5pJhShdeSy1ZFtoCtj0=","+gZcg9SQ/yBehxvlM3CnGEnmhYoXHLrMggLCiIzqFlI=","5dTO8q/hnrH2Viq+BDzUR+U0hxI5VNm8fbZe3Z0fVpM=","B/vQdU2X4OVcNW7JoCNBzlM1cuC6NwYfkUFrk+x5FvY=","797atXOKaMcLi93s16i56IgPKwqqtuLny0honQEQMvg=","aqm2SYvhvMqRRiQOk0eZGAeM4/iqypyq01XxicsT0/o=","2SLYN6OupiDw/B6sOTKfptjLk1NrDoniR0xEeXJ0q4Y=","QqlRiYUrYjZNgdyMsQ7ff/o70fvIx2qP7q/rNG3r95Q=","RqmyPqJcunpYDi5eaV/qh9tjl4+Yy5hWtQVggQF2guo=","z4J3ZOLC9plyLD1meuMfSp+/IIqbB75HoxdG97TNt9U=","aa1OHJaEsUkWy6MQEPrylNBRPiKpo978RIf7BjltsCU=","K+pdQdeDJPDcOBiiP6ZOeKSWRRy4cBjSfdodmpJskoA=","yJxeIxR2n58xmWAbSdYIxArGGWtISJIf5GwBNEDh8Lg=","J4ZEPdL7SWbvSlAJDBDJYDEzZD99hJ9kbaBSLHOJqPI=","8k/jG5WDShlaufi7D2VZtFbZuOWlSQdgF1zvxSk54qU=","EZ62XyGuI0COJk9OEK8Fm/hU+kIyzm1+jIYIDMg8JCs=","mfwO2nxmc8T4JDzKCT335m9mHxEmaZgCBQO/2qjsqAo=","+YGAVN8cs2NY5p1V3eNZ+9CrlK0eg9nhQn5ZtCAwQAw=","b6bi+lYBq3HWS6mWIuQvKKQDA+ZXBSyFybUXsYKoFP0=","LxtQ//2Ryn+nQSIkI/vjCLeGdOFGqQJVyaklIlgYQG0=","nJGEr4uJLujmpWyiqE9KkzweUFNJAaCEusKtLeOfezs=","LnuRAUQAebv6zoh74Bb0SisoZg609Ys2tqSMC20NPKA=","F/t2/pwoca+BszNJ7XSl/KVcvwtRgWgeWkjcxB5xiBk=","5WmNROmMBRHpS7ybdPCMv2aPINeII/5sM6mIbrumz+8="],"block_size":4096,"path":"data/popup/browsers/chrome webview-android.json"},{"block_hashes":["1E1IAAIDbJhlq7h4a7n6zvBNT8TCo023zcxKEq4eBVE=","1eWDtnJy/nIEJIA44HmvzE/xLibye2/v6pe4VSRsQrI=","JfCVKH3Js9nLHj05gMkxv/rIyQp3dJjbQtKdbszbSh4=","Qo287zuLE15rX54jucyqzCn2/S2Q5C+nJxTAhTw9A+w=","dQ4qEsiRISqQ5kklO5NkWN8Miz7M7bgCOkis1TtwVvY=","K63ucMtRAxJiOC5Ef0lEIN++HDr8FKp0FAwyiB4x4xU=","3uQq/RcO8VNoyesobaxABOijfaAYwMd4E9qtG9NxIYg=","LkB7n/ddk/zCiIWW9F0oBN1v6SjD8FePkBq4+SgZ2wM=","cGEoG8vgWctq4xeEFuuPoAQOjFbbH/G58JFSnlbfdXU=","EV3LqC5xn6d9eFnHZ8zI47X+TnJtcWmwpUiZ7KgeNxg=","tB4v0hSWqRhrKsvNm/gOfmncjG4pYRAaaHOqHuiDPPY=","X/OFMBcHhGqekl0O8k79EZhNI1U4o9rdagAzOLRZ11c=","YAU66O1+47V2BmPkugnndKyQt+f1OnIvqcPq4B6Tges=","rx1V8aUmbM+2K01jYA0VYTyLyDSk38M2uBTs3UKPmjc=","GlmwhZD8/p4Uk6G8bWNHKp0hGf3e/6MnBnaQyYEOKtE=","Dsp99EfN9vziJmxR+sMkWDOnZeIV7KIhg3xADEZCjOk=","DDevlaipiVOVGccHRTRsbF1dqNuVAVj/ivV12fnSw68=","hX8B+CDYQ8Ve3m8Y3QbccxK2JuvFZnb0HQAInnPPw5U=","dUJCmenXyVuIBICuW+Cec1XTVGbqJHv7qSvLaiyODLY=","sJlmJbEFyqztH52taD0QPV4194bThkA/P+fCLKyHnQQ=","qD+f++0f66E/evsI0jzxMZNoBwJUApR6fcWI3s3jU20=","NkVGpjJ6vkmfBa7+A/uooEgFjUn0PYb7YOhSClNGxTM=","Srl20XLGOfrBSOxmT8kCsOgq7IqQ8LVo+gDEN7ZocEQ=","Sd62OgVx13ilTlbaLH+3QGBEylPt4r1rDJL2yRiuVkE=","aLGpjoqQBLq2ryegnzFVjwVQZ/kND/DIxei0XhB4/3U=","+MvMy/sEMQn/+UXfdBPnw/z6f5IArfpH6uV8SYdx65o=","vdA4udCDScAK2TKPHgo3cQm7npWxTdr1BuL4rs7RbeY=","N6g6Btt1F4sDwXR5vLU4V7i/YW+bdljB8e0uc8G/ULY=","ONcec34CPieP4dKYWJ2xJAWU7omwmMMj6UbZefyYgYw=","ZETt2EQA4opCRX0q+K8SFqsowISBuaEy3xAy16tP6S4=","jLN5cK2xJzTmzytNZjUW572YSfaWHzvpHfbkJqmGZnk=","0IFvia/0grOAOB+zqWYtVyrIZrgFVCmaBbXyrE3j798=","yVVnliNvcaiSWtP08J11azy6MGns6eaDH1PbFP+2gQ0=","kZkpH3awW4GX2PpKHMPWLH7fTk17khq3bgpkReiH1Po=","Hj2b5dJuSA5BvhgjVMBFzP5a1tUmVeGJyRr5PLK3/sg=","pMEL6d71AG6YXlM3XmenVBGnZzEAmWlv0u/pg4b+T9M="],"block_size":4096,"path":"data/popup/browsers/chrome-android.json"},{"block_hashes":["IyoL1mv3gJiW6udkvh77CNgZAgywy15SVrzdQJkM1Gk=","LljXJrazGZBFnZEn2A7ZOskMNAUc4V5E+0FCqP544B8=","o7UqJxswHUEw7h5JRb4ETsSaLwHeGGR1cAjtle10l60=","sZH+fiqgmLjh4zdgbthMv+lcNLwIVzIDpKqZvPw4D7I=","owQM3M2OjHuIsVxw95eVrAVPou1wOR+dUzAqLHdg/88=","UkPW6d8iRAgjSEQ+M/ty5soj1XHYdbGjiBtcxEVpJA8=","g9Pd63HNR6gjdzuYQC2PCWNrR/I1udojc9CzoLmT7n8=","KEdYIvJagpCtK1X8/tihgUjYneEwJUeYnfcQwaEdTl4=","6Jmyd3umU98au752Fk9Dkldf8MivleZ6CkL+gTP0AQA=","QiTsKK/ELRpNxF4t99uEiiMFdSZnifTty8Q65rxKxY8=","BOtFZvz/Qhq2ZWRgMgWaV0eex4B/tfIpShjPvagokpI=","7OzDyCZrrLzI3+kDabnqPqynAiRHDIH1Og9K/f9CEiY=","V5EW7KvNLVlVIUx619a7d4nnYzD8q4XIGBhK4eoDHsk=","Um30mgIw0NHiYCPqGh4z6RIjKSNVK03NzoIft/56bhI=","cfWgwI7o0R/LgVnQWKpUXdxiA7CCmLuY4ROUzx3gE/4=","B/rU/UfbTHnauFJGXrSZ/iTrSsiQuAnpp3bpW49yEJ0=","pN1AiGMEpqJ5VjhSZO8DrtHi2UCCem7bBWnY0RRHfSA=","KSo+VG+7xi7A6NTFBpmJQqw0Kx6aUpDSdeDKWQobHyc=","AhtfXZWWlHPcoBNlCRlSbIq14dlkxlxPIJqSWq2vL+g=","eEexi5keEIbKMjvTBEbzgAwqTW1l9s9GRa2iumTiKR8=","cLFIS+JZ1IFOcHy/j/e4DD2TtCSN5mS0J1Nq+RswvDg=","zHKlv9t6Op0J5T9RBR4Drh8kPh51cOXzajkHTWB7CNI=","OYP7SJA78NN1jsTK+8KWBhxrOCRDEJqOA1VfwhsEObI=","SvH9H6tOILRdTo0Cp3xDAKlN1cTxyvMKj7NBrueAuCo=","wd7Lf9cLxCvTkH8e9EMVUYNXIu57b5LJZrTJjkVj7mM=","RsYdT6xXkDLyi/R1pixk5zqoSSbsKc8SHXWN/BeMLWs=","bidc05stDDwFg+icJByhn8SjLxNF5HvPj0K8CQalH1M=","ERw0JUDN4VnuLdGcj9xOnbpZORyLRnJImDst1tETJ+M=","9faysERfqLN9MNY57abUb3i1Rw7FKxBoe53gOw7c9uc=","ht+Oa/+Px2VbWma9WVBBjGs6yPXtRnnHWnR6AY0WS/o=","77abZwh2+iGlzxEk6n55GF6k4cFNqOnddJ5hLm6UKnk=","rtASOzhil0rAAaMD3oKGhYN6uIiMXYqcnUYgKB+f/9Y="],"block_size":4096,"path":"data/popup/browsers/chrome-chromium os.json"},{"block_hashes":["JtEXM3wQLfaa4kn6jcDlQo/Gtpw9H6UCqsZ7Ed7iGU0="],"block_size":4096,"path":"data/popup/browsers/chrome-debian.json"},{"block_hashes":["XUm/ny8lIWVweC/VGwNWsKy1IN4EJj7TjGCiEtco2Fo=","NAi2R6/Y0wuDg8F/RG2s9xwgv7PTJz1ltKDpyBCpx70="],"block_size":4096,"path":"data/popup/browsers/chrome-fedora.json"},{"block_hashes":["QyAHm44AAg2uupsTPyJwXicisYIefgt8i09m262Q4IA="],"block_size":4096,"path":"data/popup/browsers/chrome-freebsd.json"},{"block_hashes":["lGoVcnQqTLGtH58G3GzmtFrJ2fOByWFAv0HGQb6pI4U=","zxsj35qnt7Oj22apF3f5Fm5qPrcM2I/VFsAxtRZx8qM=","RjwZocpmJSErGYssNgl0+4EXvhqEc1DQIGPoI325b3Q="],"block_size":4096,"path":"data/popup/browsers/chrome-ios.json"},{"block_hashes":["euUmZf3KEdUSUUCvq94Okojw/rcZ0KfC+LSciAS9Xso=","JghwUc0WPEilQrcKXWjnRCT6CGpSIvKEKHKwXYdiQSg=","04m4PjhNArCKPktCX15SSzNtpG1XZZ8PnwDhJha/+20=","q98DOu1lBevYKaJrKhvJOGVMJ5GQSLdM2Fjg0R5s8mg=","HrlQfETIsOSXYHmFi9WGPhQ0eFl5xnDIyjEa2Mr3AFw=","pBFjLwjXSoMjbzRPpef1becB+l2nHeKN/a+PAef6rQs=","tnx2nvbyzImRwH5/VvUaPvajWMnW3hG5OeMUsGCi6cE=","jlOQNIJBe5499JWitE8kclOPj+YzJpcliwNLc//uDsI=","Y+PC6Gmqd3yRJ5kckMS+/lcoZ8LAULjW5J4uEWgvgxE=","ztcgJXHLTP6talwGJVmV+aj9QhUdQ/emNFD/xF/JqYU=","kRRYi9a2vgG6F6+H1qxsGUnNwdyq1ApqGzmphHYswz8=","hP+Xx7/mT0CwNvbqlHGQ3drGVJI13UKsWwilOt4IlsM=","EQxOlaRxCWy1I+DNATKxJPuhMNA1Xm1B+G5Ot79VBjo=","RUP6L4AHBTO1l9bphOBBTESsy+YbpIpiS73wrKwEpns=","dLQ4j2PqRkJ7BtE0uDCUvCWvQNfxWQJJlEHmCeIvZ9I=","6hfjAO3POv5NyvFyJTpxPh28NybkH/iqHbyzyaGMjfQ=","kP2XDrfVcpD0JXmOE22G5wzTGBTQBeSwh69jSYpeI3c=","FTngX4N0NUoO7tD2klfzUWYV9OkHu8EisMXEATjyEGI=","tI5iG39fKGqCRVIcUJG2hLzHWohtRN3S+D8+oZnm44o=","gfgHfREU/bh2ux7Eid1timmBVztS2yvKw2bKczRuxBc=","vVRvRmDWWnS9c/JuDDlv0R6lnfMlXEhC8V9/vTQLSqo=","DBPdVqN3pMBnChwJ19PdYBA4SSWKIsXIOoqub/rEwp8=","GY1TnB/blKqZT57C1nOKTGbfarf+9bGwbI91fh+Ooag=","/zdfISuLxJ4reGvFUGxZwWkEOi/NW84KLi1IvACg/Os=","K2xLjspn0cfnPuulXdCgeBAcgoStFXwD52HEGi1FxHw=","GTAHiQSmDxQ3bX9BMeXIhzjPkQOA7IYpAe4c9YeivR0=","JtM9V4/63QO9G+zsCjgFEvCJECsK2y2QxBzwHa00Jdw=","rq+ncf34qMG4Na9l+HksvfuQqXfkeHlXSOlrr+1ukFk=","GtwxiSeD442pl13jsYEI9GH2p0DkgWNAqxpo3PzhBuI=","4DLsKqH6JvNruh5nciJCFXC+e7ZkU2yX19AhmM+Lehg=","Ykh5OEsl2wpBO2VqjuMB3zTalebMJNHfjarcPfuuOy4="],"block_size":4096,"path":"data/popup/browsers/chrome-linux.json"},{"block_hashes":["a6e0X07OUca2uhxYZSjuITsMEyMrTsiSJyeOeQfa5d8=","zDBylvNYWT8kHo5adF8q7oomQ0G61vX2WVhV36dAyN0=","5j8R8nNJuQhmdu5A2y7hOlOPju5L0bH1o0vOgY4YpI0=","dkGY8nvyslUTFky0nXX33eQqHf6+STkWZqlr6J0u3xw=","vovVYxeGIH6B0gIARaXNVCfeINbD2TqP4qSlc11vqyg=","wfvnWa1I6cqyWHsjT+P1fuchMqlYFLAUfn1GQ/q0KIM=","PCUOW+x5TIf6/4StWfnivqkvgacIs07ho/PVzFN/G2s=","MDSMjpZDIzwhWe38RihJbmzsBf/PoEGaD1orXEoNbVA=","KH43HvhwL+YRSc4aqyTI4jY1gR83bHtZRwZysYO4NRk=","5Bc3R0NOkYEu7fo6QmTV9O9Tf6ZxfmyvQtwlo/lnJr4=","br1rQCbATkCfO0KUVEDodkPfGjSO50r+/ycfznD0hrU=","f8vgk7ZPmay1Rm5VJDkrJw/eHcQ+Sxe4HnqbYunA9F0=","nEfc4pvvQBhdgE4TdjaRPkE9usOCPP/cODDwUBLj7Yc=","Pbvp67xQ7XdqZ+a8aZg5mLOrGmf5ujIzlz2xaBuACgA=","0H5xhXyRxfoGXjU05NSM5G5/8gdzZ0YhUG/MBjvnvqo=","mrFln82gNIuJkCD8vx3THwLZAP6FkHY2SrIl9X3yfzk=","pr5kFPeQBJeDCLIVZ/BrOTTVdyZN3IxtIL7zdB/D19I=","cT4jGIhauvvGd8wexYrMJqhZlZfByDDkJeQLxWZ6IZs=","FoREiZOob26wiMQGxSdzzW5HXohswjEL22Tl6pyJr/I=","fso7N5BoLEzbB4157NmnwJ8R18ED13VKSJuGNLrup0Q=","rYDYV2hj64Q8ZjAVwt3bfYe/T+HyfIs+Yxss58qTrNo=","570pjFh3Ocl+ULggZWxy4x8eXRXPzdIJzOoYfb81rw4=","+Sg60FUdd15XIOvRq3Qt2SbBsHXpSH0iyC2Oaumb1/4=","KZDqPQq6lOVJf3KUk28OAVkBcwjTyv8jGbrMicOAX1M=","KSE4geSi3VCXZJv5FaXllwj61hwfawNpHLF/sus3H64=","MHsYoKXYhKkeKs7FuA2nEHl14SrxRtuHxP4hgrsM9W4=","iGjdWzpLy1vP62Hm/hYOCDMZANmT76ReAkdiLWBHCo8=","7b/nfEXdNh7kXGRWTTe3/WXBtNr83XOZbGUZCnn+wVg=","4ZgA4D9cP7BlC8g+skA6xlJbZNKr8KeZkcdvqGwNfWw=","bJBy3Jqss6nV1lwKjeZehDGtageI7AWSphTqMF0mxiA=","0g7tCRxy64SHmhp9wkGk1yu7mPJkGI8YA9gbmTdEpUI="],"block_size":4096,"path":"data/popup/browsers/chrome-mac os.json"},{"block_hashes":["3WvAa/rSGsSw+OxSv0+IUw4vR8hRyTdXAtRNCPlhIlE="],"block_size":4096,"path":"data/popup/browsers/chrome-mint.json"},{"block_hashes":["i5pLQbaG3VLMtYuVdBvNmW051a79HlIy7Ao6Kg7MZEc="],"block_size":4096,"path":"data/popup/browsers/chrome-netbsd.json"},{"block_hashes":["S1ES6YhkYEU3A2Wsd7sJr3qPVELAJs+e67gUhTa3gtg="],"block_size":4096,"path":"data/popup/browsers/chrome-openbsd.json"},{"block_hashes":["6SPsfxpQ86uOsM3xgAUB94Xpx5BnbQakdmHi2ktWrvY="],"block_size":4096,"path":"data/popup/browsers/chrome-opensuse.json"},{"block_hashes":["6Mtrke6GNfLUT9B2+zMDMszafa+ovxoiQIfLcz/4vmA="],"block_size":4096,"path":"data/popup/browsers/chrome-slackware.json"},{"block_hashes":["LloZjJQm7YWhoDuMAN8i+AZtbtNgoyNQU7TO7Vc/6F0="],"block_size":4096,"path":"data/popup/browsers/chrome-suse.json"},{"block_hashes":["h0uzBx2Y5toxCBaHjI3Y1eYSydWeDDkZNuseR8xE5qY="],"block_size":4096,"path":"data/popup/browsers/chrome-ubuntu.json"},{"block_hashes":["EXF3iMFP+IfFmVAvH7sZNvUNOCZPmkgxziwCo20MaMs="],"block_size":4096,"path":"data/popup/browsers/chrome-unix.json"},{"block_hashes":["0LU2O+o+lADltZEXbrGoAlwfvcpPkHbFJjw6VRnPDVY="],"block_size":4096,"path":"data/popup/browsers/chrome-windows phone.json"},{"block_hashes":["/ZI/car8M1+mhf/KAKR6/hGiu6KReWmtNcW4Sv+ws7o=","L6N95rs17bdNFvNd53kJv4cL5tZF0YamSalfuGPyVFE=","OaNNA+cOkam7/qI0r9YJbdOJgxN1lGfLk3Bj4RC/z/0=","W5ioaMrdd6P7gvqIVzfvNUMHWFNbNO/3EEcHDEZDgAg=","yKUMXbfDY4QA7embpQPPq0tyV1L1MzWPqQvhk4OD5+Q=","E0IvVGfkv+bWqgPX477FA7NqSUjwlsYcbBtBgrxLBMo=","9dVZk+9L+jSpFstR5TMQlMZijVExPAGajCcGqLJ80kA=","zHNscddYNBJyqAuGpYYyUA3AWLbikIMY0tU9mUnlDSo=","ddURWFL9HXCwu/s+KhtZ7w5nfGuGoCrRrEf2xDYUe3Q=","FIc9CmAId86jWzHM3m8XgYvTPuNEPQXa+/VmSCr3IaY=","aZ/a8FfkwTkieiYJ4Cf+B0YVl962BHhDy0fHnP2uCxY=","A0dL8xn/zDM/AmJuA6ck1rK1//XfYXyRWGrctmtuoYw=","gYJKmH6zvWRPcqE92FIEPMWOByEA3+KasHWo6dw0o78=","cK1S+Ytj6VieNKF5VBypxtSKGUh6eMAcgjRNE5kftxY=","0pCiSbCUiXoQHAt4j84A1rLv64XtMdmOfimP1HzZ8ko=","Wbdz1JtR3CK8PmXbwQNdEJtnpTdur9v/TIfQjrV8bkM=","dDldRW4i4FrQe/StuDIZykZR0vYUvnMZ+Y7QHukLO7k=","duxG/HmEMVLKUl356hyza4i4Owuhg/OgwgXK832DPVc=","d/MhtYxXkM3ZdEy3EWscnM80o3Nku7ztZidUyIGXXOY=","VKmzhWuXYLjUj1NqoHfrMhAWVizow45ZHZMYGASDIcE=","QsUhAwGRhXP5Jh/9Fqfvpz5BG1iHXF7Cv9uKal+0r7o=","7Lp3Ry0UkLsxgWpmAOXJVaBpQG9jUPFgG6VjEQ/76X4=","5zY2NgbW6UXNtviyjpW//5Nxmq24ZQEXAI2aiPIJkj4=","WwDSFIw8E5fDwcH2U59rnlnYuLIqOA5hK9NUQKrVEeI=","DGTw3FWbgyWtyZxwrV8J5xBAtdY9Zu60TzrShAtf66k=","b7Fh7j+q5deb6nc2u3GR4qHhSBsAyrGRSq1TyCnVlQE=","dORnspAfKi9r/y3/31vbceGQ64RtQbcw9q8aPV1Jikg=","F1PnyJ979V2A/4EjG6+QvDUNLdfsLqfWNN2OJt2NXgo=","U6pjqNw0BzPsQfL7Z3SaLXaKlxriBFHvSW8Ry1n1hnQ=","boWgqGqQM2sX2AWarlcCBB2tajafrL8VMIC3QMhxXrs=","Bzl8UMWkFgcxzuWokdLaFDnFRHXAlTSw1szymmDqJu4=","a/FXhWkBzfVr1uQ8S2U007z1Koh0CK7e1NIcPZ/ZOcc="],"block_size":4096,"path":"data/popup/browsers/chrome-windows.json"},{"block_hashes":["4sb4/SJPIkp1YGi9J5AEhhBw83CZG1ovKimBe/KFDcg=","Zd4cOF/Jl3q4SBPXVHEN7/f3//Pag1+/9BXRwZ5jqc4=","ufIHBUEkn1n3Rkoelar7he1OJgIimCjHDVUnWgh3qTo=","Pb9Zqg9PL4ZTDCB9hnfxMXVPD26hVfd9LrfHMg2xz0I=","5MKF1pNPSMYjwGLIg0nHPgu0HvRUVnGWvOQ8pg5Jb1A="],"block_size":4096,"path":"data/popup/browsers/chrome-xbox.json"},{"block_hashes":["ep9pI0XEoh4Lr+PE/WfLkk0jf9VMUxnxdTe3g8go5uc="],"block_size":4096,"path":"data/popup/browsers/chromium-linux.json"},{"block_hashes":["4+1kOCEkgJOmqGMuaH9l9ASH/NnU+jh8TyvWJA2nEb8="],"block_size":4096,"path":"data/popup/browsers/chromium-netbsd.json"},{"block_hashes":["aCeQv9UYdK+7U+lH6UkIhRlUUI3aSps/8dvh2B1aeqM="],"block_size":4096,"path":"data/popup/browsers/chromium-raspbian.json"},{"block_hashes":["v0eJsJl3QZM7KMbNbYMwVuwFtCqcVd00zS76+ARbs4E=","5e7AhYZPk8z/63bCMljHWbGuvZcQ2wjX5NKwVFgmJTg=","obziDWCoy2NReZJ4C3PuWT3bImy4C5YCdtqdUOuCIpI=","A2Szhg/jA/p0XHaNowCoQgN0FczF23OOKq3E5LeHXIU=","3oh75mw5TmMD6+1UJBvzaDmizOZz26sB5cdz9Pq9e/g=","gFKPnyzusUwda9+t5xWT3FCXj3zMTYfIsSSQ1a3p3is="],"block_size":4096,"path":"data/popup/browsers/chromium-ubuntu.json"},{"block_hashes":["UgZt7YWDxQtR8sEfGu4yWNZdZF7PeJ/h8EWui0SVcpY="],"block_size":4096,"path":"data/popup/browsers/chromium-windows.json"},{"block_hashes":["qlcq+abzzyC7IHbz7fKj/D2iDPJWBIwWI74a0GFvMyI=","1lpiTjk5Vf6pnflLH2JYUT1NbqAM45gZBWAIdPC/V60="],"block_size":4096,"path":"data/popup/browsers/coc coc-windows.json"},{"block_hashes":["kgfvsxj6mk++/JbZgNeb6ShoXfUZ482cJ8x35GVNMWo="],"block_size":4096,"path":"data/popup/browsers/comodo dragon-linux.json"},{"block_hashes":["nOsLkXLKhuI7ArCBVHRBLY0uCdaw9a89cdZDv9qQdBA="],"block_size":4096,"path":"data/popup/browsers/comodo dragon-windows.json"},{"block_hashes":["n+moZXrsUDSciLhjPk+S7arb9pnZ+MM/gJRfQS9d53A="],"block_size":4096,"path":"data/popup/browsers/conkeror-debian.json"},{"block_hashes":["ZX91PztVDR4R9PO7DkgqagT6ME7R3hUcl9366Fv4PcA="],"block_size":4096,"path":"data/popup/browsers/conkeror-linux.json"},{"block_hashes":["LAcu7RAHlgKJQJxPbNIy3Lxo/zINJWXFqNdVVfDJXr8="],"block_size":4096,"path":"data/popup/browsers/conkeror-windows.json"},{"block_hashes":["fsD9f0IWCVaAuc3cvAuK6UglesmZZDRE1Tngqp04IjY=","bIgiFgOyTF8oo8mmhcfLpBf/wpT6mrS5sHE0byMyDIA=","DstSR/l+iW/LTCjnc4OYcRwheHs1pP0YdazmwXXz3pg=","IUUxlsEWTKxVrowMnv1cu0IcxpTTZl3LJdMh9nnY51k="],"block_size":4096,"path":"data/popup/browsers/edge-android.json"},{"block_hashes":["gqZpLwnaUvO+j+Gj0pxwKX5LMMAb03czF3YHckkD/Eg="],"block_size":4096,"path":"data/popup/browsers/edge-ios.json"},{"block_hashes":["X4JqKY9GSkJl9Bern9O/CarbJAIcMPS9pxjTkjITmgc=","CHsjDO9QsSoStRsrtTmaSNAvl+NuopSTJWGlDoaCwm8="],"block_size":4096,"path":"data/popup/browsers/edge-linux.json"},{"block_hashes":["bSWlaJgZC3bml9I1mIG072vLV9kqPdoTiwqXrCgrka0=","cUSEntx8NnAlpeo9O+q3Y2+K/fYr8Rx/VyZqBLeQmX4=","DIUxp2kWZXl8syFqIyOyeQdakdZ8LMJ8gGpseRaWGOI=","VLnz7tSs51ivroYIIYrEDyGDho8PdeOV+4Ao5nRwCok=","qZn1VZ11lI6kHyDjyXKUDX76I7TlO4SQDNYgIPhDwik="],"block_size":4096,"path":"data/popup/browsers/edge-mac os.json"},{"block_hashes":["09vwkrjyhn4/KMACfyDNo856RiVTk1yHs4nqU2ByPJ0="],"block_size":4096,"path":"data/popup/browsers/edge-windows mobile.json"},{"block_hashes":["mpAQSf6nqelk2yGuPjnMzjKV0lSJiA2c3OvyAa8N8LQ=","0yziH1d8R5e9OoIQ7FQPH485xtnzbJ1KWvp2Ye6lVuA=","ghQpfRnoN+voVjz92TDH4ievrP/xxmKsjKeyIYfZ3A0=","GPRLxmuw9zeweiW7j4ag4dr+uxaGzF8irfDK4973Xz4=","Fr+Egl+oMNjxiNX4xMwYLR8wOXNAcKT5lof4w2Ajt18=","agNQgcD58iqssUhdPF1fB20U5onw3zPoiNuFzZLASaM=","i6eTWwZmIZUoNAowUuI1OSxMOuccyzdHCfz1rIk1hEs=","cKXj3StF52uL+aFPpxs7DggfnI2MWdFwddMtlDG9MIs=","/6c4rHBxrlO5TbwX1N4s5QD1oSGfzZEeq/WpxtTIlqA=","785ejYTlnzgnTP7HmfLlOOPFCsf41z54QtM1Usojqgo=","ywo+3TXivkwGZ4eBs9FemdlKf0Ll71TM2ahhktFVRCs=","FlJzKpmoZZq6bW38OKvkBnRZv3SHQiA08HkMvVLUKY0=","l7zJMhyTWfgUJhnLrg/KOuFPVEg8sS+6ctswzpDyiiY=","v8vXD8VtUNwfqg09CL1FFC+c+6Dv0FK6RN52y7WZGvU=","n5XRoz0y1NuM2DJYdSrMW0czsmnq6iTuwkF40LFpQqQ="],"block_size":4096,"path":"data/popup/browsers/edge-windows phone.json"},{"block_hashes":["faqWCceeiWpaemakgOFwbM4cJ7D4rRuKPSz4E7almEM=","1bht4YsMDQo8LcucvhJvUGLUWRTxxKeKAIJB6lqpxAk=","dmfTrMjTMO2I9fp2mEFRDi+JtXOZmnok0OBI1V1lOOo=","2pwQC5/tL+AzU9eV9FTjm5wRTj4CT0+afu6wLHCzJ9w=","V9rd117DeEzFMPpdxrd68/lync+g0JtX5Oeo2nroNvs=","nrdCPCDZok5Fr4vJaZXmmpAGTqGVETnqCrrzKyXHFeY=","NEoiGfo7POqaBZBHVBAJBsDw28QgIOsXMRf6/T3pG0o=","Us/vHPCdFtxiycCpTKJ/jgexE/fGDI77QwkpVIX9m5Q=","sIo1CpypkUe5WmtOwG4DZ67dWi00zfE4BYUY3h92ObA=","MefakN+0Nc+y8NWhEYZMQHxY8sGHw7FoCyrkCpD1+38=","g51QQyFRRjIT75kNupT7NbDbt8MQjSpz58f1IDIkd60=","dZ/F151Gdp1MBqxGOQHdEidCpL8GPoF7+CRqAUQ9zNE=","RmbXRt3MUEbQq29d1LrIEX+bAKtR86pyQfI4Jy2sggU=","qkO1RubfGketyjONaMSM5HoktGc5Lvq5iRDqFqZGZxs=","pljWFnyKL4sovEQxqm9iUbqDHje06V71EbwqO8XfnMs=","FNuFlkggS49dEe5+L7vQN99XqnBub+eDWmH4JUE6A8k=","nXgcT305RYtzuSM6z7Kjnd0D6JJpmig5NojaD/ZotTs=","ZyEcaX5PNf9Pn84KeYk50U2+8sSgzniNm/xBaiKQrO0=","jnpYbcJDYMoXQMQvFptfEK4uZx9EsoWe9YE5VTCykFw=","CIgIzuQd9CI3zJqBJMFbUr9cBfY7AbniqVw3qh8eNAY=","IrEqwVBlEOlHXYZ+DZmtt+hVVEWq6H82ZzNLS02LpaM=","1YvYeJ25j5ExOq3PozaIYroH0Bz2Z5rOzcfoVHtk0Jk=","sXRSoHx2H1XAimAwLe8Q1N6bfsI6P8xpu5cAvkxArQE=","5phEduQD2zmpvW9MSH2DaZD7gc1WVmo4arFLHwX0Exc=","cEnA3Ttb2iPjHpItwjggqvXWVLSxAJELTSJuiptiXcY=","y3NL/lY7Vw2XoHW1yOKxqOaVGOMr9rz+Tdy70yfFU8A=","5tZ0yOElLcn5gfG2Uwa2wlrThQ5mslWsY8IQEBfc1f0=","3NPQPvUjEEFVM+ntiaSBaeX9mUUvSRNyI/xW9MDZ9U8=","dfsqjxUGWzbMVD/JKiA0oL5OnAO2eD9sxs/v8stqcqk=","aSTUaqKR/ukGlVSIaKS5xJo0f04c9Ta+02BjnPsqUOM=","5tYpPfYZt3OSkoxJZvHW0Q3p5R+RKS3d36KmJxIRoHs=","gZ+O7cVvnDYozOuxWhovGJeI+Ux0VQZdoTQyCNTrv2Q=","fucyYI0IeFEh9WQkwUqIrWhG7sbMuDduWIcVDKLRP1g="],"block_size":4096,"path":"data/popup/browsers/edge-windows.json"},{"block_hashes":["GSQWx/O/npCGQH4dE8TBi9slyaz3kq/VbmRPW0KsWYY=","ZeBF74N6161/n/+QCPaHhEEGihddcJI1z1SwZiQnMNw=","X8osZixNrWQhwlo3yO4t05C9n9rPotz1uKr4pjphFcs=","XoRw78NxqDkRC/kltvxYZqoJJQpmXHxs7cL2v8i25QI=","9rquckrKifSnbS3ZM4wHwMozmiKngP8ubVOFMzzB2ks=","R22l9wynJ8MT50oR8trrspa1sWqrmGObE4yX+UJxez4=","cCOMF3cSRmzgbv6iWF6AFvEfy7GHT3w3VRXJNPvNRD0=","pYkEJ8hGMJwPZHmWC14mqXu4xnV1TGtA77OZIzKdeRw=","JVdEQs10LZ8HjH/57srRgMGRGuxQbFKqs005fzQw2GM=","1UWidHyxMmFcBCyXMxrow4GeVbSTdaea9EL/BB1eTp0=","rhJ2+6FMuPlwDIxN3aTbqkMLsiYlgywv5CXePMDVOgk=","L+m4D0iDiJdtNSsW3Ci0wcAaBoWmdx1/r96eEeSxVaI=","S2+BCmj0SWkt8BSD58rMBf8tJOqZpEo4rfKwseA67Fk=","b64rrZN1Ke+4hFTkqd4I2+9JGZxPKqKHN6zNeDmQtKI=","UadTRB26tuwtu7JVabf/I6g/zx9zW07lDvsytVq/uLo=","A8Zsp/zil+9nZFJ/Ax6FS8tJgySjbzHpchNM/1YtZDs=","jN24jVsp9DN4bAtEc0s42jPz/imM+jkPF79kz+GO8nM=","Rc08LODi4wYXkrs+R7q1mqlN9I7JCH8c3l1MUagHDGw=","cA9jfj8p+tsa46FX194gQHXPlO6R80BhR2qeI9K62Do=","QwBi0/pGkbcvSWp9QFkXKSNrNbwXjC/KWVa0+m8E68M=","CYNu3P5/7EBaY/Gyac8Rh0dUfreQ9bmu644u/5GgeLw=","hV+5WXmnEp6WDiuYhf4t39IH59s1kbFWBIPT2T/hLvc=","FOwcbBM4z69qYa4Bu9txagTyXFeGGi74gCKU+mu1WVI=","JlrXRi40kCkahWwyt2oHFzUT6+efDTBhoU7Kge+v508=","2m5iqM7lsl3vqHMUHeSzj/BxGdX4DQLE2iwTIGsyq6I=","qCod4n8JNvx2KHdhCzOLhqtQvU/dPiTS1CUBCnCR+V4=","V2/cxdLFwJs7fo9U0zfb3tWLZqno2kl3VcoAvBBG01o=","Su2ucbyYfMaAjfT1qtBBgypFdb6PNXiRTg7xpCMnacw=","jNN3MhuI10ZsD3zG4zEDi6F7jA7XuO3cNTeM8YqNV1I=","D6O2ko+9+mevNN9ziLK/8k5HreWqYvIEKtlnoBHwPTY=","ErH7/KmxGPxPuSVEodybYj9WmEFDd+6hsw7V3ux3k0c=","o0XwpzkDlZHUzspugrbMjX8JOBsDjT9xlm0+2G5IDgE=","C/OUhe68X3FdgYs2liw0gefiHFyI3AVuCecK0h/VB3U=","/nrU6U2y/ZpsCqVYQ5wEDpC7LpwQeXffALqvaqdcFhc=","eJiD8LDWAeWgg2d+LqzipZ1b87KZ05CFqqk8ZwlEvEI=","br/lDVbJ4fa5VNjkOkwyI7SgneH+gA7Yd68z7DZ/DNg=","s79lwgLRVSNdihiMOnigLyNMXoaShixooNqO8PTDlw4=","uUnNdDZqWzsZK2PxFM+fWevCi48FYy8tIUTqJy3l6tQ=","SKmjyCS83jjQ3ZNLwX476AhJJsHvTP20dM0HY6noOZU=","rq0csEY+tcgDm8qd8joOAddSnrme0CYTfNPZ+rv6DAc="],"block_size":4096,"path":"data/popup/browsers/edge-xbox.json"},{"block_hashes":["A/2j6PCiQF50EBWue4yqwUjiqrNhalv9bHMTDoTMwf8=","k2GfRrqhsNZGZzU4ei7jaJJpQaIy3M4B8vr45W5YKks="],"block_size":4096,"path":"data/popup/browsers/epiphany-debian.json"},{"block_hashes":["4XdIqcz3PKtdbeqVAbioPg7zjrhl5sQhWUAvLTZPTVM="],"block_size":4096,"path":"data/popup/browsers/epiphany-fedora.json"},{"block_hashes":["QYWPUm9FL3mxxKCdWdQoUBbVrE77qNC1mPLDHPCnXiE="],"block_size":4096,"path":"data/popup/browsers/epiphany-freebsd.json"},{"block_hashes":["QIb2a+MlRWFTZLbXQEisPeugK76eDx0DiX3hJyzji3s="],"block_size":4096,"path":"data/popup/browsers/epiphany-gentoo.json"},{"block_hashes":["audrcTG+1Mh6Di3VnfSSHfl+zAfF+V85PWgzdGhsGEM=","2BGZu8ji8iD+1h/tau8ltlNuqKUgURNI+QSQWL8D+5k=","QXodgZ59pxAD2mwH/q+MWI9Nh6zc+NWBgfYUryxmd2E="],"block_size":4096,"path":"data/popup/browsers/epiphany-linux.json"},{"block_hashes":["h5qNSCOiAFZs6TumgiOPPxrYBHTEr6XzQRj/6NXvpiE="],"block_size":4096,"path":"data/popup/browsers/epiphany-openbsd.json"},{"block_hashes":["+R3bH5bQDsHizfznSB9zsHI82q6qxxm5QL8LA0CXwQk="],"block_size":4096,"path":"data/popup/browsers/epiphany-solaris.json"},{"block_hashes":["YeNrrxEDPLZ3FDe0p8HyOIc9JRV5DxpGRYGKM/GSGI0="],"block_size":4096,"path":"data/popup/browsers/epiphany-suse.json"},{"block_hashes":["eWdHdbqRFk19VX0aEVqyc367VErQu099DC+sLKbwjKU="],"block_size":4096,"path":"data/popup/browsers/epiphany-ubuntu.json"},{"block_hashes":["BpLMSFkCHLOPhQmf+eyGxkWesHe7r01wwymVInSK0zg=","ibVlUUzcsbDIiUG701Xb0PmO8GHhcmfTxNIVkyjTFC0=","RsmnDg5ajGmJMjxQ4q0Q3bvsTFjwvXrcWGwQ4Ng9jOA=","MB1KZ/oxDYe7BXp9QX2vzyP9W9HAjhzlX6Yw2E38FgE=","2hceH7XmxNHGz8Y5NZ0BxsO3MTbBjjrAUXKrRb9FO+I=","vcBLRvtGM3fVNXOUPYweoKFbxNxNWte1ojzuhEMCA5c=","8ouDUSRg5kyDXf2HxuOwN9oAHJ4e8IbswxsAmGLtyFQ=","Z/ke7SMe+Zfeka77bNzxIKe8cfnJd0wGJyTPf/su1XE=","XMgjXtaPy9vqYCiky/zpwddmOEGTBmnXk6V1hYkTY+M=","Q08filLWgVVYAcRWoC/U3cnb57pB1rQKdXkzMAGNW9U=","FR6x5rWlkv5YJNNhI0+J2VIv+XQVg3270b22SBkAsm8=","lX0vac4TIJbjjAnpvl6Te+ZOYGyuKUVrdatpmPhbZ5s=","oZIGlurC4n3wLenbsJO2wSW+nLRfVdhDUipT3lEUpSg=","hsRsXcOtIXo7Z36PZuaKajw0bsr7PjVV2PMkrGarn0Y="],"block_size":4096,"path":"data/popup/browsers/facebook-android.json"},{"block_hashes":["tD48hM2sAn7SfAgbFgIcHrS4BlXNetarfsotPfLLjrU="],"block_size":4096,"path":"data/popup/browsers/facebook-ios.json"},{"block_hashes":["xvp6Szr3S6YwE6mabK7eb8DBpTNqUEYjsSDN2ch7vjA=","QUYNxIrgvFm7NfIU5IexUXxE9+8kKIZDkfe+Gmz8qdg="],"block_size":4096,"path":"data/popup/browsers/fennec-android.json"},{"block_hashes":["W/b2A841EY9bjGJMdYAl6A5Q4m4mFaJPEszcNtki2V0=","2QmHSIz6yZhlPFkmNoQ8NZOP8fAd3l3FNOdduzsAsDI="],"block_size":4096,"path":"data/popup/browsers/fennec-linux.json"},{"block_hashes":["sP5RkU3bL7EwVE61DEbbbb1oI452eTZX8dkzmOkc+kY="],"block_size":4096,"path":"data/popup/browsers/fennec-mac os.json"},{"block_hashes":["wL1J6izcM0tH/1T6RWy/83kc8uToPg/ywLvEMbYvjcc="],"block_size":4096,"path":"data/popup/browsers/fennec-maemo.json"},{"block_hashes":["tiiB0ROGhJKUj/MVm31cO0W/eWc8CyQ+wEimwXR03wM=","V/6mLaqLbqD4wa8PE7MTABs4QqNiskcFrubVb2tqBXs="],"block_size":4096,"path":"data/popup/browsers/fennec-windows.json"},{"block_hashes":["tMzSyq/oKZoxfHEHDA0dIcnkRq1kG5aRvByhuL1H8/8="],"block_size":4096,"path":"data/popup/browsers/firebird-linux.json"},{"block_hashes":["tB8xaZUgeyEx7O09VtG4xddzuI7py4nSl2GKaeGcWAw="],"block_size":4096,"path":"data/popup/browsers/firebird-mac os.json"},{"block_hashes":["8Z90tQk0mDMMCSMW+rvk11yl48lryBgX8jFU6gR21jE="],"block_size":4096,"path":"data/popup/browsers/firebird-solaris.json"},{"block_hashes":["KpJHvfHt02530cdyQL9nNJWsy+XSxzdHFL2T8UbWmtA=","zLxUmIhie2cJHs8no/OsRWWa1pnRux0oVAEUHDAW4Kg="],"block_size":4096,"path":"data/popup/browsers/firebird-windows.json"},{"block_hashes":["OdWZtXNwBBUclciLEC/u8vSWmZsOgyUMTIOaNF94bhw=","CEFeTBJV64QhQRAzzMmuUNEX4vY1Ev0Hcw/PZ8jqr8g=","+gePkQ95zMRmogM5RNpf1o1tDmltOR8kT2zdjQmIVfY=","dNCYiZLFPqBkkQRbbpl5SwS3h8xyt8qVeyWcmaVpk14=","71q/h2n++hTS6DDTRl1LOyGzxv5WRTpDz+mPMjrnF8E=","uPmfJnn0fnKPyIg8o5X/Z6EgtLsj/I/4i4Cl4L97DOE=","XoDwE88YdJlBbtEoOaeeq3U5/8HP0gp0B0j7wFTTvfI="],"block_size":4096,"path":"data/popup/browsers/firefox-android.json"},{"block_hashes":["p+Vbl9+A33VyK0Rm/n1c1D6ty5bhAGQUAumvIztdkLY="],"block_size":4096,"path":"data/popup/browsers/firefox-arch.json"},{"block_hashes":["cU3npMvPfPSdRLfyRt/KZv3kzMcUaLLv6ecHRBtreOA="],"block_size":4096,"path":"data/popup/browsers/firefox-beos.json"},{"block_hashes":["BcVncFs2z2+ect6gDdQQmssprcPBlbo0Dmr1zSz/CVs=","Cy60lu095XZX0i5zq0SfHyTOxF2wz487QCmLGaBsKgQ="],"block_size":4096,"path":"data/popup/browsers/firefox-centos.json"},{"block_hashes":["4oyHMjJijE5HQ1G/SjGG0V/pzmnLNrVTjnkQWWfGoc4=","2aQR+Uku4ZdlvQf9DPo/Zb1cc7I0ez+5P2Bqb5tYUIU=","30n71CqB6EtbVK5yqHyAH+dGsAnZmqs/RIzACzDxy7U=","vBnSa7IVLeZGE+J/a9Y4enZmLUrfACI/Z3vZgyH3TwA="],"block_size":4096,"path":"data/popup/browsers/firefox-debian.json"},{"block_hashes":["O7mjkN0Z4HAPN7KQ14Z+gYR7PxCgT49C0PI2XZPZOXg="],"block_size":4096,"path":"data/popup/browsers/firefox-dragonfly.json"},{"block_hashes":["LtUMWdveDX/6cgLC0k/m4skEonpbNx5ZthauXM+lBZE=","/O3r4EKemELsrVyq2njh0EFVgEGoEGKo6RMAuXMA+a4=","hS1DKbem23ClJNjSMeOvNL83ok6DUtnXMlw9vDMGdMQ=","e4fSxxandNSAlmDDbqDBS4beChdhzcEvbMXNaHBtXX8=","jOCAMxsoS1OGi0XTU++tTwSxXf4ixkITGliUsy8JzTk=","d14bEyiE4KNddO12p1WEUCmG2vtKbkCfVpvtMwgnGCk=","ZBjUIyJIBCt9smV1g042XaV+Tv/brOlx7JX1t/zsiVo=","qIKljbOEa/erw9B2TiCfUe9DzJZ7UUo8ADFEWwbrSQU=","PxccUXrj0U76YO9DbO27+60Dx8YTxexrw8wqAqdWDYU=","LXjiV5cbzPSpc1qrDuCeELVX2yCFKxaHNdjjhvcg+PA="],"block_size":4096,"path":"data/popup/browsers/firefox-fedora.json"},{"block_hashes":["BBXdNNimTSEnu3bfXC7IQk6gD3+gHx/otzCUo7g1z94=","0K3FXSvWOW7pep1hydebzsimB+7A5B5aC8QIfKHUyq0="],"block_size":4096,"path":"data/popup/browsers/firefox-freebsd.json"},{"block_hashes":["ctogH7vOHcylLX57UJwoNxSCJyf/MVBgkpowy2GU9rw=","HNCZiOnmiIou5upid61B2CNGzS5Sphj4dyjbuZSU2kA=","j2ZdvJSCg74ZRH8DOqKIdTuZu0t36i+0/f6E3X36AkU=","3ZG/sc69dSheXQ44fe7xm8RQMNyZFlj8JLh2ab2ue+o="],"block_size":4096,"path":"data/popup/browsers/firefox-gentoo.json"},{"block_hashes":["qBw19c2MoAzoNus1AVXewhyAQDUbM3tnmQLCYZuS7Dw="],"block_size":4096,"path":"data/popup/browsers/firefox-ios.json"},{"block_hashes":["Wv9wXOqvd/h3ZDd3/hHVniZDlSa1ELBK5qzY5eHoxwk="],"block_size":4096,"path":"data/popup/browsers/firefox-kubuntu.json"},{"block_hashes":["RCHPBBLStIGOkrd7a72gUEE1xlY3kZWrFKg3rcDTRRk=","GUKbmkg89lr/QiQpWB+QmfX8NHUm0q1yaMuPtE7OG/k=","R6v3uJy15hDebAQJvPDRm1OTYogdxCQQgoB+oPuadeM=","G/6JWwmkvmPnEq3cBYZHBtWbVdpDTdNkUqx7ziU7frg=","yDP3aOautI05x2kPDQhfEJkUkelXX7K2iiPSGcm+JyA=","+QSKCXGh/plul8v07WbPjnsrbFfKExXSR0r7WjaEAy0=","IRNFHr79ib8m3aEopBthVtdrPRUg5BPkXW62KNGdDJ8=","aK3YZ01rDYQv7q81ZY4P/scWMlzjycgN9K655C3rFoQ=","y5SbiXFrba79Nk9KrV8kU5lq3oMknVQf+yag3MOyTyo=","tYWnyEcWGs7VyFGcLdb9JN199cxFVSiwjSCrVnRd2Ps=","wrue0RrVh20DSqgaQoU0pPwEib/y0uoQs/ahzrtVY5s=","0f+vFystx7iwpHTPhCmEytpXqz9yMUosNC8zP9MWxT8=","Z0V4Q4YN06EBbikqvCVn6JPrFsJ/GdJevQ6fu1Ts62M=","dzB1FmKANcWYiCQDiWI41PCld9hQTcT1yJKOIjwGWFw=","k1ZqeUoBGpi8sCQnGJKrSf3XJEj/3hslr9Dk2Q4KNMo=","3J9oQQquMyfMh/GtjLoulICj83S0iDZWvz1RtSRfGU4=","DQh5MOkvAZMCBcPDSVHO5xQNgOrvJsgf9edn6UmivrY=","KlXqzbBd99B86i82NcSWRi1GMPSfBw+hH6+CZRTbudk=","HLaQpeOQagktferzyzuVHU2cQGlMk4Ltmn7kISqomLM=","6mxQzga9bnx15I5W1lFM1uAjKkG/1fg1cPv7u9C1AKs=","jcakaF8EiUNf9zuMfrw9nkXqBePlKQYhcTwHrZTApnM=","rNIyc0fo2FQF9qFOrzS9NSR6akDGjNQAL50jAxyodAU=","tPNLbvOWrJg4qp6qnR8DVmN5Ev9sAmW+fj3XrFzlzxA=","DIQMx/aZhBRe8mHvfbhOBGN4aZsQR16uTIO1qkxErpw=","aAYq32dMsXkRYTEsUW0J8wYKOAyNYwKT1WKlqMN/7Tw=","W2B4UMAssdUIMebj7Lhy8crjh6Iy7m1VxULHKV8zF0o=","iW/cxkqkTaCLAtp0d9bAwDNzSLnBLupTxPllxbgaIjs="],"block_size":4096,"path":"data/popup/browsers/firefox-linux.json"},{"block_hashes":["W9QgRoCw8I2tq2JIB33QF6nshn5JWZvZTwtBssL2H88=","j+TOwJcuCrVspoEZGjsBqwi7o89Hk4V1fKggJN4sJmI=","jAAa3V5dHmjCmsxgs+PtmONo+9nLcTI7xC3emARnmcI=","xo/BBYRwYljcfKUqjAeUYyOBg63zVvqdPVTHW+mBo/Y=","NypMqFHTaA9ef24HvSB/ci4XvrsGorTAgbM2gF8fc3Y=","wftWR8dMdfRn2jtU/OPXjyimWA0W0C9jgzSwqQM/NZg=","pPumJtC5kbELzhpQO6HT8NbVWrOibMqZrvPjE/7l0TI=","d7JwYWsOFCveNikC+JzPdF92gohBJoZwE9LaYEtKXuo=","hnq5hQhZHQvP9FnUJhbRRPa1Zlm0Zg+UWz494a4LGz8=","c5q4W5NiDjQFhE7futSCnv0H7pr0RgsWmxNIS9kHdXI=","kfrgRoKGx1/SPex+0gFggAJQq1G2zz74dayGUNvLSsY=","6MLylpE3MP+o/XOP00+Ik6gqgBnhqw9eaEQZ+Yl3u6U=","0AaMZFP3gO/sOIKlus6bY0jf7HffzNwTTwZm6nS0FLw=","ferdqTHUYtI2VZLV32EcmlVTNPSPuBQ4PqHCdQkOPdg=","7N9M7RbHx0D648T0Ccg7rMbKwosH3w7RjjzUm88+f0Q=","OVeYSCXLzYGn7PiSogp+Henc7z8mwwinBupjewyXJDQ=","O3wsSSk+YSHXWoyp8adhuyofbxszK7mTA8myU/oIyUY=","xy/GopAyRXpHV+Tm16gHBOOwwqm9YG6hLLzvGRQQ0xM=","qudsnioR7jr6DaRJQMCTGwdncw+LwIstxkqYxdY4sm0=","B1+fPm3/7gSwfyEM4fH9uF/d2dd/EEF7GcF2TSTql+o=","IebuAqYBZjrJzTNFo1ZAoXzpjE1baqjf/xDaPMVUPCo=","FqiQ0rYglR1B/dKRNwBOsgWHtZyPmAD/z8NxjwqHaY4=","0+kjUUTJiX/fuLHJ0gCfJDUpUIwWAu4FbZD0uWJnNDA=","TioPOaXb2AJ+s4jmSVEwxe4mgyLoAbrta3IVeW9rWnA=","zmwoBWARXX8Ib5kpI2oLbBZc1c1r4HOTkhNdDQukb+U="],"block_size":4096,"path":"data/popup/browsers/firefox-mac os.json"},{"block_hashes":["xQkVheHbaeUhsLQ9YSi979v/k4Ob7ltIL9Hi4lL9BJk="],"block_size":4096,"path":"data/popup/browsers/firefox-mageia.json"},{"block_hashes":["MpLjXOuCcnxJf1Q4tA+lapRVKeBYHtu+cSeu3y1gFKQ="],"block_size":4096,"path":"data/popup/browsers/firefox-mandriva.json"},{"block_hashes":["hC9rnYLbgNVbkudNTY+9RE78BMdmEIhXVzhOWG2Uj6s=","PFNF96huO6DV2JmodpHNFeIFNasvFPI9WOmTxEdWU6c="],"block_size":4096,"path":"data/popup/browsers/firefox-mint.json"},{"block_hashes":["sSo3mmwJbnBqphnodvMaVkJ4w5IA2fP8Gniz6Tu+PJg=","nLx7gQ2kYhg5zHu8oXf+U68DV8mvnmSFYa/CMebIYJg=","973jTqIa6Etmwkvdo+oxtmgukVymkYRGLlJf8my8/Lk="],"block_size":4096,"path":"data/popup/browsers/firefox-netbsd.json"},{"block_hashes":["K6w5fEYlT5E/LADHzdQJSMNdp8ANdOS1XGB4QrfXDAU=","TtHUPWM42hX5a4fjgD8zg2BaTwbIfOSV0q0MFXXq/dU="],"block_size":4096,"path":"data/popup/browsers/firefox-openbsd.json"},{"block_hashes":["FoBVP0ShBVh9V5zw8d3UY4ByGZf5w3G93PradyPm8/U=","TFBoMBtP+4kMRYJKJI4ml11UtRkmduJp5x1Hx19mWdQ="],"block_size":4096,"path":"data/popup/browsers/firefox-red hat.json"},{"block_hashes":["5zVTbUjRyb5E09NL1p+b6ElAk0LJBNZeTD1tnTarjDY="],"block_size":4096,"path":"data/popup/browsers/firefox-slackware.json"},{"block_hashes":["oesgIvp8qKtb6BXFzjAm6TH90ungwA3wsf0XLCZVLJA=","YIISuWq4I05g5Phn7AwsuGI3HEInct1lpbn8n1m2DUo=","dukFkZqDWr17MmxF+kHfG1sOt5oRrCHuyOjz/vTMd+I="],"block_size":4096,"path":"data/popup/browsers/firefox-solaris.json"},{"block_hashes":["OLJPIXh6Gb0O7livvf5fFZ4YAMNwsNJoZ0pty5t0AQk=","2xM690AY362jd/TwrpM1K5pmwUq5I90Ke7z+54BMl/0=","6LrXKZRd8NtFsLly+HBucBB9PCECu8OJNAb8iIhRQkc=","5rcxpKanzwx9UJxvUXAf98BZGOH4rKosfagJJU5ZL4g=","fhjea1H6mNx4Rblfn6vHVnVIPMTzb2GvEfzIaMgmLy8=","qOVdEo/rJol4ThkI6in9qMRdQhxWsm4h4Bf2fh2dtKA=","JeqgKXpdz0mgdhxc/GI6YvHD+o2jS16r9yExe1P/W8U="],"block_size":4096,"path":"data/popup/browsers/firefox-suse.json"},{"block_hashes":["6n8VUf5xApKtukm1ZYsZaM4PUhqG2jjshT8PEeEdTn8=","/RGcdVPaw3ay0F/BejDRBDFs+WCleyTMlaoRB1C46bc=","xtqLw0VnONZUf8pTCtqeuJlO59JCCYZSgj0LOySNoMQ=","hLNXdMLmo5EEdz5hQW8KrPCSDFJFqGVea6C4uxIth5A=","bN5Z6FwVBh2msIV+hLZbslCxDsIwx7H+UZjv7tt1XyA=","5BiOq8119onhJQvlD8wFFRZHme+NKJhlrMIyiEr8Bxs=","HBraO+NtpCbDtfW91NnSit06poKOuBUMWST7rFk290Y=","x57Im9+PpKDsnBMgHPeosg6GZFZNYPmKpRCPVL514RQ=","k7u2Ycgs28O2WzdTidF2qG0eo22pVsbiv6qGFg3xyOU=","Tzx9dxynsi3gQOldRYn/vRrZJoei1gaxyStxoJRZvis=","I1GF3wvCRhFOjydRaNWPQ8Gcn18yP4Cx+EU0x84RxT4=","ZLUsYqymhNRxPFqAG17BOPrtjc/hRIAfkvOun6BJeF0=","MOrvKr69hyWF+pbWRFVSYHdzzGHo1Bn8Xv3rP04K2nk=","zjf/pMC1aEW1Cv4ij82DZ7BLM2sOhG39ZyMJRrFsHsE=","T4+RjPMnxAJaXmH+aoZ8xEThV+V/I4xQh5OKUrzQkZE=","78d6Q1ktQnwnXgHh2PG0BtsiZvk9XCta7YSmuns2f3c=","A9+YkekInP6QMcjwWo/8nI8hBDbVClKSs5uyhjdCEGo=","hmrzncYdh7fXhQvTH2pLw1Qayk4KPxsaLv+9y8gno08=","ITGSlrgGhgvwbhb1qeoeymfC7tWuLQsL+YyAR6CsGsA=","et8WjcFkV2AfR/z64bSShxFgE0flEFKcNn/I55WGHQE=","o7VSmURNHXvCQn54D/bbrGimrN5S/4O4QGhgWKWcTpc=","g0LRq7cX96Rg63xYsAcGGP93mEJawEOfuA705i15Loc=","mHnMbaScL/fv7OAlx8w/cQbjKHXuBEG2DbLNUVPayJE=","ePk62XqMUONmd9EP59y2ZlFFnIuc9wA4vGFzYrIPmBY=","Trm+Tiqxqlha4rP296dcDQC+qy04zc1D+DfNvtEhhZY=","fmAJCIrDc/McDh+TIOD3wKLVyDPFRO+DSgQuZZ0bioY=","dn1BCYBvmo1Qzs1+wg0hpi+DTL/UykVwDNanGHb8Xdw=","Xxz1MTk5f/WiCuLQ4klzBnX8ouGbC4H9JgkKg9Tj1B4="],"block_size":4096,"path":"data/popup/browsers/firefox-ubuntu.json"},{"block_hashes":["NOpldp8DwafhmCy0l+/R5RENb+4/2Nj+Ohu4sXp5Q60="],"block_size":4096,"path":"data/popup/browsers/firefox-windows phone.json"},{"block_hashes":["ZL/E30G1OhL2cF3wS7oZ9hIVQ0RDXRo3xeo/aABJnks=","c3ZZQ/Px21bS8beIxtA84ZCEcKlvoUakyWAfFYghcvs=","6xhMY732GkilV6DeI46N5tHn/m2cfglNI3nKHVO3cJM=","y9wxpJweUF+bW13dog1fUn1SXsKtNOcBy22VH3mxp2k=","ZE8PXT2XVPVJ28mTocbsJetmMrZTctogEBPIHUHa1zk=","5quubkt5NtTJGAL4NV+lNNpI8vCcmmRSiVhfk2c9s1Q=","5PCMayLD2TyKuduAntW2gJJAsbbzmfvXuKaLRhBG83M=","tTggptJhujOeBQh0tdHvplUlfNDw2/bulMlVo+/tZt0=","g8TCxU9GAMKF/pdbEKv4EJ56Tajtm21TPQ0+Og71x0I=","yuvn8DGqC+vZUR1Bq5BUN7fgAOcyziJZUbpXwEkPI9w=","/BX4+8PulrQ4FbWH5eBzjt+LUouABM85vvG8D93lzpA=","BuxNuVddBID+xGHGq825QjO8/yAzqWawsECaSMbqIFQ=","YpxANfJ+eTTZ59zvMs8vDZURNMPvm+BTL/XsovxXXOk=","IH/y4DC+OPcCTZRypMitytXG8OO3PTHU4uJHZ/LtztI=","shF6J6oTPbQ+ct9adA43mmdhcDO+9cUlGunNe2NbkFI=","JeFaLn6cI24HkcEOQ8MTnhWgqx1jp1wXnNVhXjpU2Rg=","KlNS7TtEODI0UXW9/ZrK+LF1O578C0uQcVYqEb9s7+U=","IEUjGJfcZewXTtejq8S/bvx+fMS6WoSBdZFp+RaE9E0=","lBFzavXpFFuSRZB+IpktWrR5JV9/tP4CJZlXazgP4EY=","JjSQLjKk0gY5m8YasmQTab/wYt2fSKIUWidk9Nc2wxI=","El3Z/Tds6DtDARH0uz3Fb/0UyXOsg0SybRvhE3iHTBU=","T7yl2szUSvRTKwKdUkDzPBaZfJ+XXTPZ5tBVoWlO6wA=","JR8rqBRTOLnYqvLRV35Egdnf2UWE6hR60FcwKopJ6ko=","HL5RdoVFKIVNRvrOGoRQ3TMJPTxN+kZNWUBbF5uqzLg=","/R3maikOh78bvKHIkB/L+k+4842/5OLwbgriRctOvrI=","ys2hC0kqNwybfr/osZcu9I/Cm4bC5lCAevs6WxGNqbM="],"block_size":4096,"path":"data/popup/browsers/firefox-windows.json"},{"block_hashes":["GOMJ4uN+39bAre6hAYBKxfR6Cmlo3+iigexfrAdGbaw="],"block_size":4096,"path":"data/popup/browsers/firefox-zenwalk.json"},{"block_hashes":["0swjhNCwuioQ/rC/Usiojkn7jya3k1DkkYQLb80VewY=","n4qNw4ZHKgwIoYX+8a1HdotzjGth6PwOo02gqAqkR1w=","AYyyICrilnRxxsXX9xHxPwTbgj2Y68bIrlb3CLO7HqA="],"block_size":4096,"path":"data/popup/browsers/flock-linux.json"},{"block_hashes":["VPUU37MgJqBpqTwwHNAHgT8KAvoyYz5bgnopqQmZdyc=","0ockzVPnpfpYbBXfPdLPeok+Be858iYQAsqybtibFSs="],"block_size":4096,"path":"data/popup/browsers/flock-mac os.json"},{"block_hashes":["1CpNrTPOCDmr1Otrvq40WkpRkKH1mLxJuKggInoomok=","e6t3w0PmIXBt40INWSfLmG2UYKRG75qRKmLVpYWjv6U=","kXWdFwbcp4QOBPWaufBTYdgAYK9bB17Y/pY/KAMxnjo=","SccYbtlFlBKo6yKz6z8I7wUJVsDvShmF6zzOFmFDKT4=","9FIrXcL+O1TpnjuHiXfPz0jrYIeigfwaBBp47xCG7NI=","ocZaqeU9fJhq8VcAjst5n2ibjSq0FSoYt1I9dbeh0+k=","yoWPJd3ValZm0JFFz9pdFuO/KEYMvHYCDnRTGHM7poE="],"block_size":4096,"path":"data/popup/browsers/flock-windows.json"},{"block_hashes":["OM2A047gNy2oXao1rbFkptOYcW/2HkgQ9Dbjl6K+rbE="],"block_size":4096,"path":"data/popup/browsers/gsa-ios.json"},{"block_hashes":["P52ecbvhZfO0iQ3eVGiPSWdd/bvG+TQtEQrorqEsL1w=","0GW9fcSfCHnXZWm7GUpAC3FwZScXFsf+IEgymkjEWjs="],"block_size":4096,"path":"data/popup/browsers/icab-mac os.json"},{"block_hashes":["EvPOUQU2+1Yo3L/x5lnfy56B0C8/8znc7148fdSD22Q="],"block_size":4096,"path":"data/popup/browsers/icab-windows.json"},{"block_hashes":["7yhbALwY++zt4G01JwJ4GQNQur3QVW7Mz+2prNTc5cQ="],"block_size":4096,"path":"data/popup/browsers/iceape-linux.json"},{"block_hashes":["pHUxFyoyOAGL7NNqKhas2uobHrl0E6UQocDmhhht76s="],"block_size":4096,"path":"data/popup/browsers/icecat-linux.json"},{"block_hashes":["Dqa5xBwbfsX0TQpylUW7xyYHWJEyRZ+E8JLNLVcySzs=","C3gUVyQdCYOvfbLGN77TEjtLiCEudzQCBNRtl+nAYLI="],"block_size":4096,"path":"data/popup/browsers/icedragon-windows.json"},{"block_hashes":["vHCgOHP+Y/63kRAszlpc1eXTALdDSpkkPGGhRVautyg=","Ugqpw3tG+Oyy2AqjALqxl7d4cAo2h0Yab3aKYcozP7E=","hKP5loTrU09Fvbdoi7RFcEwa159DIQ7P7DrrKOUDVxc=","bQTvaSEP+xth28w5T4KKoeoZLECWU/fH9PjNbefG4cM=","4YNC2FUo+EuRlhvN/PL9oe4376qCgNqQzA/Zi7gT8GU=","PeCrgfs08s4Lx6XvpUFASrz4ADdu2t14aJT0IGnHFEA=","ZneTbiIu+wNERdiGa4MyTkXriZ+2Fnx2q9sRGUOYH6U=","w+vufaOJII5gOntpaDweYc70zaUPbalC/S4BiEQeS3Q=","PgNMJeNItF06gyUPq9FlV1J80m3MCApdccCMt84raKc=","2DU54u7sGnJ9oThjJJ1tJTpCkilsHvUop+JSjYxfFN4="],"block_size":4096,"path":"data/popup/browsers/iceweasel-debian.json"},{"block_hashes":["K0CC/473TP+wQ9nrcAcS7wNpEV5e3HfDDBP0NrhaWrE="],"block_size":4096,"path":"data/popup/browsers/iceweasel-gentoo.json"},{"block_hashes":["hJluiOuWFiFS2RZMTF23Kd6BLCH/M6JvpgUWhvLPvJY=","lez5F/LR+hpBYB4XMo5BfyE5qzV7ctDV+AWuqcnsEgA=","CpPBdXlR+TqxsinAjha6SscHOhRoT9v4Eq768PFiIr8=","v2gDeg+JlfS29xareLXZ4eugL/l4PL4cECOws2ecPZk=","lqzJgc4wHSrpUm5EqNJZKH8UtklRX+b9bFaFbSlVjzA=","SyVwmI2NUz8qEY6QhxxLcuQkpCfn8BYqV8urkh55ZwA="],"block_size":4096,"path":"data/popup/browsers/iceweasel-linux.json"},{"block_hashes":["wWTSLTohF0nPpOzR6LvfkpGAK3kMEZ5ABAMid7xlwAI="],"block_size":4096,"path":"data/popup/browsers/iceweasel-ubuntu.json"},{"block_hashes":["7w/9HVoGBXNin6gWBv7vJtdxtwJutiHdUFoPS2icsD4="],"block_size":4096,"path":"data/popup/browsers/iceweasel-windows.json"},{"block_hashes":["1LSsXVY2xdobaBpNeQRCxIqbj5hsE8hEMydgvsMnrX0="],"block_size":4096,"path":"data/popup/browsers/ie-linux.json"},{"block_hashes":["ub8M6dCVGEkiQJiN23dK6zSufSscHExvLcOUplz3mZA=","vpwXL7vd1UujKJ/hU6HKV4cdVGYC+JoLjroNPrApQ8I="],"block_size":4096,"path":"data/popup/browsers/ie-mac os.json"},{"block_hashes":["CGWwgRQDdo05fouj0nO4JNurem0LV5iE6OqXOyFR/64="],"block_size":4096,"path":"data/popup/browsers/ie-unix.json"},{"block_hashes":["WBgjEJhGnJ5pa320kUPcZKdhCF+7jswF7iMrlSnYzpg=","wLA7CssJxQKR57UplmZQ1J+kz22nXWXKf6gKD/u9B1E=","Pe7NEAs3sW8f5ReFhrbc2JZfrYYi4OKPJnMwqZehZwk=","86QyBzQnEsiQfyfToGBMNtbWINSrxyzNQtAnnxCi7AA=","dYi4CJD8M3y8B52ZQwjv8GxDXkUwf5FdPXhpg8qRkwU=","+nyUWlMEb9t2XH3rl6CxuQ5/a+vHfUIIvQBKF8gfkMk=","6b1ubJQJPjmaZu91/2ohPS5f1IDlT22idFGwceNc1QI=","PwGxfhLi+X36QRiLMpfh9zIRXQdLIiwThMqvvCyn+i4=","Re+YOzvElQsz5kc+V4IwOtU3p6fL43LmVWTJD+XqXVM=","2BnB9Cxt9zlXWpGX8UmY2/EpX6u052X5hafZ0JJGYtA=","UIMKGNR1YWBL7U/RH9N4KeRgZvgQDPE6TBD9HBGMbbg=","JhIs9y1ff1Mflw05cj0+2SETyAOsHyPYUFf7q8ZtkBc=","m7CyYF34UZv7uhHlWss30e+RGk01Hg6QEqFtFnT6/fM=","UUJuzhV01q2CI1v0hDqkJEeTY+QwRwbcXHuFIAcM6Gg=","lVrOYer+zYVimG7txvStYnL/zj6dmmrZxY0B58vBprg=","bYqEPeMlYDP7JSW4rKbg1tz2AhU5KkAQedjzYCrlCuU=","6O88epIEF0777ZYSHRjX9JQQYxrAM8Os4tk2mEXHwN8=","NDpo7L94ex9A+Lh1yR8+uN5frPkg60Yq3A4CBFm4I5o=","Q7v48bBrOP84N02cIjgFgf3CX1dgCy0fEECHx0MoWL4=","TsWXfUV4it2TJtUjmzKYNylJbyLR3r+UjkqdaOmzcNA=","lDYeqXpwe8amp+qeNc9kV2hJYxYQcRt9+VgsWZYpYvM=","gq8tAqe1Q2d+7SNW7+falGHWBKMvWB+d9EqO2LCTMRU=","L8nEq14qlv+XeYhhVEX7MEjWHx9ZFRm2dGa24mUON3w=","qtOUjqg7KOnBH12XxfJ/dpgj4IAKXCA7gncHir8QQfI=","MN9VLUq2GTPOSvHq2u/wzvSy5NCuhPgsx9HcKRZhJtM="],"block_size":4096,"path":"data/popup/browsers/ie-windows.json"},{"block_hashes":["bk1KF7B3OiuBHC/qJ8f5aNlQjuiQr/fKLg08RMiyJi4="],"block_size":4096,"path":"data/popup/browsers/ie-xbox.json"},{"block_hashes":["pLJnZ4wJCnd2wky3QsZv3PBPOK83kQo6BR9HGKbyjh4="],"block_size":4096,"path":"data/popup/browsers/iemobile-windows phone os.json"},{"block_hashes":["y2nje4g1FdhJo9OT1bWR5YLtpCnJAv/hkBuX+VAJJOg=","CzZR9Wkolt9QH/TTgyCArcqaRJxPGsU9rwcM9AaGoYU="],"block_size":4096,"path":"data/popup/browsers/iemobile-windows phone.json"},{"block_hashes":["mUSwZsyVgSuug5/SdSleq9IFkB++BHjZRuIcLlLWd6s="],"block_size":4096,"path":"data/popup/browsers/iemobile-windows.json"},{"block_hashes":["YwedANpZ3CFv6cihLvejw7k6Wcs5G/zCGJjJd8sek7c="],"block_size":4096,"path":"data/popup/browsers/instagram-android.json"},{"block_hashes":["S0Kk8XtX7ZHN6St2myqYwOJ3VWOtm+Cj/c+ufqhztuM="],"block_size":4096,"path":"data/popup/browsers/iridium-windows.json"},{"block_hashes":["FADkIyH+IHyjmX8C2OP5HhpgJAK95gkazznlqDMspJ0=","nvEj8mLVLxDBfCsA6I3L9qmpCBbbgn/5jtBlxrvAub4=","ncPr4dsHQRPh6sVdmjP5VIiziJrrEbcdDdGAGdrn4uQ="],"block_size":4096,"path":"data/popup/browsers/iron-linux.json"},{"block_hashes":["LOwHBZJiDcG+FLikyaWuwQP9xHUcjnGDn78S+rDu+08=","Hyfv8YBFQl413BNAxwhB9HCHD4OnbrQs83afLuRBfp0="],"block_size":4096,"path":"data/popup/browsers/iron-mac os.json"},{"block_hashes":["b7Y2B1wEkNY2PfztIv326koyCyxUXR4Y79tTpzp/Puk=","i3+q8spZhydzf6+jw3noJCGKPZ+NKDh/+xSVxpBF6/k=","ihXS3FKpNH+Yjoe+PFn3dK4vjCxhwhA/A+zuz5uN7RI=","oCUYgNY9sZBEkcomYcNT+nzgbA1oB1QG753sD5HLYWI=","wr4XGygTCFXv36ZCFEVYIIkF93MAfahea9h08Jwkq/g=","N4iUSjs0aTPad0cEDvpByX8DifAFRXUWPRUIngRWKHE=","P0jr62RKlwUZUIN59BVGJs90KTN3tbU64QUtEfp1abY=","Fe7/mIotdfYg2wvpRWERSzq/5KSC4LdxYA/HFoM3v44=","WXO2uFGQ0DU4nBgCUxYpc1GkA3O9hsfM27aDcqTOHjk=","uoAytfuFfwHNVd8YmST3Nv0lZlGEe2NdPJydiDKpOnI=","epCUGGggpDvg4IYWHtdzzUB+cdMUVIAq3+3CHTCTveE=","tChId6/A4MdNw3ISjIxGQkSbbFJ2zgRX9eUlpuBo3EQ="],"block_size":4096,"path":"data/popup/browsers/iron-windows.json"},{"block_hashes":["AeIx9Ubfi+Hw9Iaf2H638hPtpxnqOCFOfHq8MOlJeMA="],"block_size":4096,"path":"data/popup/browsers/k-meleon-freebsd.json"},{"block_hashes":["FcWgc+HXtqcimeLFoJ6zYZY0VdRX5VYlJVuEXSrjAmU="],"block_size":4096,"path":"data/popup/browsers/k-meleon-linux.json"},{"block_hashes":["SmYSIVb+1ExIYmyy15dZJ0iD+Ks5tziIHXPi6BimevE=","awM7M+5FAw456avzscAWeiA0gg/oM0i0MmQOZ+WiL7o=","OpNaM7rcxhRyBfP48qSZEl72MpfRNPZPDAkiRVLbABw=","E8E+ind2bENdIsOiQ1G8JGpfcud6E0kv8iMPAM6BwO4=","Ubm8eWx6MUOQXqO8x0+J03eLmSZNKPePgFn5OWJcNpI=","wlWKIc7WPDYWAtAwI0GSdi7vflkpTbJZAyhR8FMShQw=","HQJV/qXdCgWZ/ZYB2uD9pmhBeCYDTAiDnRxIWGHmNlg=","I+OSZdbgSOGbW1Xzl6511n/IdDweTXavhENAH8oWlDg="],"block_size":4096,"path":"data/popup/browsers/k-meleon-windows.json"},{"block_hashes":["xfiwWlW7fH0QJA0jeEbQwOKMJwnfRr0hBfTRVGqsW9c="],"block_size":4096,"path":"data/popup/browsers/khtml-windows.json"},{"block_hashes":["m0FTpXw4loy/pAWSOeyjcFmTikxkyVl0kbZEsNVHG6w="],"block_size":4096,"path":"data/popup/browsers/kindle-android.json"},{"block_hashes":["O8b4211kV9nG+NwZavRWKdAlmMzWZUAc8gKZ9TR8wmc="],"block_size":4096,"path":"data/popup/browsers/kindle-linux.json"},{"block_hashes":["eqed5zpLV8KQesjinISOkkEVZ1jF5RUFOc7EpXo3P+k="],"block_size":4096,"path":"data/popup/browsers/konqueror-debian.json"},{"block_hashes":["s0mZvok0oEIaMBFK1licDefs98250F14OJDvvFJTZlo="],"block_size":4096,"path":"data/popup/browsers/konqueror-dragonfly.json"},{"block_hashes":["47GwYHF3W69NivHosQCHAKtgANFg9QfaU0+kFSCcQkc="],"block_size":4096,"path":"data/popup/browsers/konqueror-fedora.json"},{"block_hashes":["rv1IKxe5SmNjBn/ZDzgnR+g38UTnufFNhHjLJ6qjIBQ="],"block_size":4096,"path":"data/popup/browsers/konqueror-freebsd.json"},{"block_hashes":["wOY41yz4OTH42IoIDC05p3Ywzzvy3+RBP480EecqSQo="],"block_size":4096,"path":"data/popup/browsers/konqueror-kubuntu.json"},{"block_hashes":["hw/LmZ5DC0F2fQf9j2LvfYk+Au9BJQLAgwt2oOwNsoA=","zoEY0cIVkSY3osDixQr6BxMRJKGk6fIfDCgKBBKfJsQ=","WhGSwVxGGBvFjYH+1OcDk5slo6XmlRWUSJekMJZLGl4=","4NtWA7oZHPoznymaPbCuu9c7XaKfZiGkhHcKf8kE1B8=","uPjpmpGlEGganlllRgBrSxnYiTuLHroZi0+rNre4oAk=","PdIm6+Pee95sS/Va8FptxYlQxTV3DI2n3f+Mw8fJNCg=","8+McrOM/FHTHYugNsm9GQQ/A4tEBPc/M1j+cSyKOREI=","sqw2Olbg58pK4Eto1xGb4ZCzsA7N5HMvYutgw8h/1HA=","h2IWuacJ9N8s2Ov+DMpWy+BXKK8+qmGabsAXRIt9VHA=","EpmfWKeZAFSzOl/ymGXbyy0VxFzvVWJmSqLuEtijEJY=","rY2D59BmEGwmHFi6vADzHhncY5llqgZ4/Gp/q5+qJOQ=","vIWKP8QAmMMXlKe/x5X61mJ5Obj95Lv/X78e1QZVMFU=","b37bj1QD8GE5+sIJdOo9lRMiBT3Ix2PIMbwILCHWPdA=","9jvWLDWU4ESApjM2a4VHFtG/T4LBs5ELkfWWVpTOFg0=","RHF2CV6jiyzEvAXH2iTXV4DmVz4zKv/3mdCnUaS/aLM=","YMxyiPqlQ7Ppy5R95wTCnNknq9jblZWLVlKcTUGDHmI="],"block_size":4096,"path":"data/popup/browsers/konqueror-linux.json"},{"block_hashes":["mZJa/aLYul8V+S2kQmTGf5WM8/iGsjQToG9cVrBopzo="],"block_size":4096,"path":"data/popup/browsers/konqueror-netbsd.json"},{"block_hashes":["Am0fa7wsQ1T/AmPy0pA+5+YaRpL1D3hyGjnjQK4eyW0="],"block_size":4096,"path":"data/popup/browsers/konqueror-openbsd.json"},{"block_hashes":["lvRSkyj4A23weShCyjCDF2Z3AySYL2AsJxA9PskwTfg="],"block_size":4096,"path":"data/popup/browsers/konqueror-slackware.json"},{"block_hashes":["FAzoAGuZM2jxGHr/Qdksi/SHYpbNiNfY+zTLcCjBVE4="],"block_size":4096,"path":"data/popup/browsers/konqueror-solaris.json"},{"block_hashes":["slXuJeJC7yzpapn/lRA6OFgas30nNbPh4N1Jd+tjX40="],"block_size":4096,"path":"data/popup/browsers/konqueror-suse.json"},{"block_hashes":["gWYZIZW1SJcHfD/PogcuDfqp53R6VKB7FTxtsJZAsbM="],"block_size":4096,"path":"data/popup/browsers/konqueror-windows.json"},{"block_hashes":["LEp+W6xqXoyVUeaa76FKnh8TwiO/V8MVWkrtTEtQSUU="],"block_size":4096,"path":"data/popup/browsers/links-debian.json"},{"block_hashes":["Z6DDuDrq9xr28IAbDadq8OZ+iryfXMLxceJIRAC8vTk="],"block_size":4096,"path":"data/popup/browsers/links-freebsd.json"},{"block_hashes":["gg2XMK/fXiKqJb3+oL5DPc0J30gBg9mQBj3nKVukj9o="],"block_size":4096,"path":"data/popup/browsers/links-gentoo.json"},{"block_hashes":["LpNFSS0h241Ge/czR0i7eZ4bPgCt3H+9YPTomjmug18=","px31NvsUJOyS8BcOpqXqM5GkxODHR3KUV0k7GTgLCv4=","mfGOhNJ5e+EY5vA2LJQnPQ3JXcDk0zpTg/U7GrQre3o="],"block_size":4096,"path":"data/popup/browsers/links-linux.json"},{"block_hashes":["4uhEPxDlTfz0NBR/xFVuxsGT1fNaa8LOXRiLQ2RpE+w="],"block_size":4096,"path":"data/popup/browsers/links-mac os.json"},{"block_hashes":["my5KVOiZmngTShxWPImOwgZoHEVTWRecS82o4sWtsBE="],"block_size":4096,"path":"data/popup/browsers/links-netbsd.json"},{"block_hashes":["U2O56txJYj+Tty2FgV9zd8UfEdwCTi4K0taeuDPQ4fg="],"block_size":4096,"path":"data/popup/browsers/links-openbsd.json"},{"block_hashes":["AqWUtt59ER0TL/cWrBNfdidxCgvm28WnXoFVR9ycXl4="],"block_size":4096,"path":"data/popup/browsers/links-solaris.json"},{"block_hashes":["DQ/lbd/yNkWH4wny6lrvm/k6si6/S4i3d8nbgzwp1tY="],"block_size":4096,"path":"data/popup/browsers/links-unix.json"},{"block_hashes":["XBSn2VzKgzf7jkDqNn07ttLvy2VgfJ8lnSl/K8R6dPM=","sQCq6lQz7VfFKcQ32oFU1D73ZLENK8yVuHvx0J6GnZM=","P9LNUVxKT/2vJtQFDwEmT+ag7G1GviQHQU4vAy/LEcw=","4jAfewzsBJ3yEVqfAVkvn/fbSSqSD6ruIIxAwQSi8Ak=","z14W/9teFjGcoSube/VYEINtXA55e3sNcpr7n5lFUpo=","wtUq8fnJ63fAd5DCFCY6/87DN5/LhCEFi/GSsaPI69s=","whFAPEGHWy84RStyHasF9msHKZr8ELJazEt4QCnAWZ4=","QJHtdCAPcYvWqA+fJMr/Q91KS52foYU2loIkdnGQFHs=","nKbG78cy6McE0j91KJBSsEnztx7HgSqrRA6MjyGGNeY=","tieSKug2z0d617AyB/I2Mxu80wQScteAgQe45r8YPDg="],"block_size":4096,"path":"data/popup/browsers/lunascape-windows.json"},{"block_hashes":["p+voIPaWZSKAQVft6Msu0Qfm0v+z1TH/zPxx+7ajRDM="],"block_size":4096,"path":"data/popup/browsers/lynx-gnu.json"},{"block_hashes":["wwCsNj7LgBsGd+n1wf/NxYh6i6LSDbtdpRFHtaepviY="],"block_size":4096,"path":"data/popup/browsers/maemo browser-maemo.json"},{"block_hashes":["Esiz+5g6y3701P+S03/0VZ6xJEw17ppzNGaKsYnDvVI=","Ctj2+0GcKdeQE5hPh7mctgoh7rf23ZjV2uEl7ZlmqHk=","0vZLYvSBSBGFDXZ+Uh7blDlnScm0Cb8Xo1AP7kaS2zg=","EBDifdQzbzCv2rrOTNALe6wwHmc94DrqFEan13kdS28="],"block_size":4096,"path":"data/popup/browsers/maxthon-windows.json"},{"block_hashes":["lmMMF+OufJ0oY50o/vZu/HpyHJU9iATKn1HasAEYYqs="],"block_size":4096,"path":"data/popup/browsers/midori-arch.json"},{"block_hashes":["jpA4gEC8QBl3E3cY7WiQJnTt6xOj7iHitgKDQgYdm8I="],"block_size":4096,"path":"data/popup/browsers/midori-freebsd.json"},{"block_hashes":["BZBqqpoJCsQmRSSWJAy8SUHtQRlSERqQARZ+/ieuUk4=","/h5wrTnJ6xZcEixSXo1pozfPNpKnZ7hPxbfJvgRFilo=","fXHTsSJvhCQp8jrQAkwigQKHnJzQkIgJted3nbQUmIk="],"block_size":4096,"path":"data/popup/browsers/midori-linux.json"},{"block_hashes":["wCArVv638hd8h+f0iqKjigOMMWwKJJHzqQOxejvcL1k="],"block_size":4096,"path":"data/popup/browsers/midori-netbsd.json"},{"block_hashes":["TeC7m/zrdjFQM7oH8vMV8W4ABQPrp6/nCItCLM8wYHs="],"block_size":4096,"path":"data/popup/browsers/midori-windows.json"},{"block_hashes":["GY7E/nVAytJlAtl9V3proIKSKcNUSPNWIoKwjbQDEIo="],"block_size":4096,"path":"data/popup/browsers/minimo-linux.json"},{"block_hashes":["cxcy0RQGpDk1fIbkNSycSzT3EfJUBmKCXFnx+NqF5FQ="],"block_size":4096,"path":"data/popup/browsers/minimo-openbsd.json"},{"block_hashes":["PiUbq7bLquHv53sqjSMMQLx6jKwv7Xb9/mizEMC5cWs="],"block_size":4096,"path":"data/popup/browsers/minimo-windows.json"},{"block_hashes":["cBsRd2/1oezznTZgvfYufJsTY4jlWdd3FB5H2RDoYOs="],"block_size":4096,"path":"data/popup/browsers/miui browser-android.json"},{"block_hashes":["Y7+Z3zk0QWFVNENbZ26LjWWgQiieyXBePk5eiQau/ko="],"block_size":4096,"path":"data/popup/browsers/mobile safari-android.json"},{"block_hashes":["UXdkVSKqRo+Zm66gaxKnRahEqWDaDMoG67fQpH8kklc=","J99pNePqaN5W6VIwEwdNcja/fdpx9jDCwvB2jTOIXD0=","0/LAtuIHzgivJf60pXLMMsbnUoY5jeyWLN0uY3Uu0bY=","SlLEIRLzZ/G3KtebRsv4zmoEQqfZPnw89mr7NfKo5mw=","H7g6nE0BwIS9b8gbgyOguqfZpHHflD3XCmxMjtK8RnM=","gtxOF4brcGayZ3RvvQ+2vgSPoIJJcOaAVhtvRxo1l+E=","rsoqaQu6cWU6Qko9BC4BOGM7W1kFRcAjMMs6Oam+SOw=","0lwzwJSznKXF4NsUBsU/OBQ7d+4cimPOzmjI4Lf95DI=","YRDJt6dXyEK6HUPwYnOoNRVGhws2T4DXP1MFpZ8WVgo=","IyctXoM56RW8o8KEU8umzoh+pq1VE0KZVz44ZP5B+04=","EQAVA0MQP4jsDUT58YEuE3LFBL2iG/lQZs5I+NblCTA=","uJ/brx5OEYV2k198Wtb0wTxjbRZarmNEohPfJdXNhGY=","cboTsVnXkZSpBQMQKa1IEciUwAWzekMnBt0r3ibj2Qc=","RFKSUuNeH/ZsJGhnGjSX4Km0K+6qCUh+CjmDxGkMWPo=","TWiUv7mSYJSYLGWUhA7g53jNLhmAuVEpiXrJp9gQYAU=","2kqaVVrMLVSL4byVecAZ4fk8znrWBf0jDiLiIWPpipY=","DvqKyyHeTiHhyew9S+AlG12eePG4uXiLqUwA7SWGnyo=","KzXQ7pd9OsXW5gskOjqmg4SBKr0r9hoE6DECYe2AsDQ=","eqWoGj0YP4iDtc6ZNcYNkvqw/Bro93nAECgKM3RMUe8=","Suzuc63ugSEhtccgSQ58Z67wKjhxqANnmATS7ptGLwg=","J987Pew/vPqXT7B4/W/hVvaV26dYcy7new5A0nhnRCM="],"block_size":4096,"path":"data/popup/browsers/mobile safari-ios.json"},{"block_hashes":["cya0O9iLpcYtYCnh5SzH+cnZ0kYX3D2TIv2fkCT44+I="],"block_size":4096,"path":"data/popup/browsers/mobile safari-mac os.json"},{"block_hashes":["X2CjAD7MpiK0r7/96LkCrbRyebRTdGFYI4RoyiluhvQ="],"block_size":4096,"path":"data/popup/browsers/mosaic-aix.json"},{"block_hashes":["gYPYwqyiT9eeLsy3ZxF+P4TBdsb+3XpNiq0dnd2igUI="],"block_size":4096,"path":"data/popup/browsers/mosaic-solaris.json"},{"block_hashes":["Uf14HTf3d/olmLytBIMeyzFlstnd24YufkDoVojP0O8="],"block_size":4096,"path":"data/popup/browsers/mosaic-windows.json"},{"block_hashes":["o/8Ea+o1AEUtweTdTfLRZ6KxVhYN5M+CCIqc2+HmKhE="],"block_size":4096,"path":"data/popup/browsers/mozilla-aix.json"},{"block_hashes":["VDm18nSX1QyNXPT81r84ajY27krk0VZGCJ2F9ibLEXI="],"block_size":4096,"path":"data/popup/browsers/mozilla-beos.json"},{"block_hashes":["EUB/smo3br2F+3oYNVzAyNtIdBKRnQeETrlecSbA+wc=","MSw2Y+OewX3ajXKLJRVIBwbfwsn0Y+EWalaElA/GOpU=","+Uwcgtt/OT64Lg0bwoLrYSNJML5mX3c4OUahSgcVG/k=","W/Rteb/DN5vxovVSZkoaGx46hoq2Y6SPBTZ6Ocq96h4=","TaIQtzs7DS13JZcYyLwsB4yZ+5nT6V1wCqXK+lsPHHw=","LCGYRfrjLYm97zgF8J+8H+sTkWStKXMhkcSyCebrt44="],"block_size":4096,"path":"data/popup/browsers/mozilla-debian.json"},{"block_hashes":["ATKz9zKWfUbgBfatHVVqVMbyT7kgjk2sB9mV7v9dBa4="],"block_size":4096,"path":"data/popup/browsers/mozilla-fedora.json"},{"block_hashes":["Dz9GldqncqHGuHIgMgpZitTkYVEdk9WT/P/XqhZuvw8="],"block_size":4096,"path":"data/popup/browsers/mozilla-freebsd.json"},{"block_hashes":["kiS8Qnm99MF3hAZziwNVRKf8jRGzx/nQL/BliODCcvA="],"block_size":4096,"path":"data/popup/browsers/mozilla-gentoo.json"},{"block_hashes":["MmWiQC3cB6PBhUqCXmZ5hzQQjBd3dlZcBt3h+P13F1c="],"block_size":4096,"path":"data/popup/browsers/mozilla-haiku.json"},{"block_hashes":["3lSR3peyzJBnz8cATbXO9l5068V+EfwjLpiL+ICcGM0="],"block_size":4096,"path":"data/popup/browsers/mozilla-hp-ux.json"},{"block_hashes":["iqfQRKxrZo4wPpIdQLCSu+oxrDsay4y3NI2t04Zn11k="],"block_size":4096,"path":"data/popup/browsers/mozilla-kubuntu.json"},{"block_hashes":["HR38zROttvLxE3TxNXQ99LXS4SD/LEFgOhIak15eFlY=","uhHpv4EE3cwLl7drXLrTJPNtoJgzlcvSnb5PQbT063M=","ztLWoWlWh8v+Y9jIlcdXBpQJEtCBjByYZ8CrvOsb5+I=","OKXNVur34BV2V23sxPu32KWuegrGMCmE8JYvh3U5Na0=","niXdjJ21qGOnOYqLEpaZJTGwrMqWihN65/que5+hYM4=","iD8G08w85alIDijj+3JRsLDwvW6IEpLROMyKMdr5WPY=","5S9LXF2Mk/urssLxQHK7ndatQa8s/jDkxaxA5XnewTU=","nncYUcrU4HZzp8wSIL52/V2/GbDvyIVh6bZStUw0SBk=","nc/MPKsvXY8uyb1zZuEMOsa214nqS6xWw6lTDBe3Yno=","QszQUjhv3lxZuKDrXs3foydM5u0UG/0XYyWH2oR+73M=","TfZmvLWdBZgfFo8fneaT8v7U1bOjK2M4NC/Bl3fkEKs=","M0L6a4mhuYQ/uTb3ZzolJ53Dbr+n8JogAoPo7NR6s6U=","zSkrSozdh0GXRa77p9osDKNc7ck6L6cEc71w1Rlmsj4=","Z2aCb+r7/74zVRALbRKwbsx44CtmIb/8Ae7wTpn0mwM=","ONSl0+LJCBmJ4JnftoKn+NltzjGEcmTm4jwz5zg8AuI=","b35eOSkPRiSQnbtoOxsMHAb3HGU+rrCQ2VDBQA2iz8Y=","lDtTmWaCAaW3yWvKQtsmAIoG4KEcRk78MG6rpnKr4sI=","Tvm1lCJvztM9sYqdQmJpJMUUXMv7cNT14IjT0JkZT2Y=","tfeOZ8e2sq1rlJDMRnMbl250g7X254pIzk/V75v65V4="],"block_size":4096,"path":"data/popup/browsers/mozilla-linux.json"},{"block_hashes":["6mYLJniBXJ8V2iy0NaOIWN/Kce8ALKNsP0+RBAc6lDU=","kvZ92/MJ6q57s3EW3qWRPePxaZ8CXeQXKXdqrJTP/hg=","/t30PXLm37yXPHzpC3SotBrG669BmU1kcYpl67/2dos=","GO2s2+IZh6vOrD8+Lgfx59JPAS9Z3x85tu0pLMB+iQE="],"block_size":4096,"path":"data/popup/browsers/mozilla-mac os.json"},{"block_hashes":["PIL9/3HRTVeX0u7SvVoegWTBuajsbOMAxArxK832YSU="],"block_size":4096,"path":"data/popup/browsers/mozilla-mint.json"},{"block_hashes":["SRgDQHuwF1vLrbRAvIHe6b0u+HmNd/+50qGVXraap8U="],"block_size":4096,"path":"data/popup/browsers/mozilla-netbsd.json"},{"block_hashes":["K480PaQtvpONBbXMBvx1skmsjwyFyewPvjlssg6xcGw="],"block_size":4096,"path":"data/popup/browsers/mozilla-openbsd.json"},{"block_hashes":["raecQ3qsK+GJZ3zkkznZMfpRqjUZXfjwPFkmAUZATzI="],"block_size":4096,"path":"data/popup/browsers/mozilla-openvms.json"},{"block_hashes":["Ahdtq/SS7D6kOyu2lYLASbssOF+3UEav2nyWA8gSBfA="],"block_size":4096,"path":"data/popup/browsers/mozilla-os-2.json"},{"block_hashes":["HT23Gocgdb+R0iIGtmkUYiEFoLmckb2AUQ2Ofj5tUrU="],"block_size":4096,"path":"data/popup/browsers/mozilla-qnx.json"},{"block_hashes":["BgAqva3ewlBnDu3Yfs1e2CppcaIojUc/Y3BF+hjLauM="],"block_size":4096,"path":"data/popup/browsers/mozilla-red hat.json"},{"block_hashes":["iQczLaIwFG2qeZwlEu4E6HPyxrFueTSjWvvJ20UkmoE=","c+k/22AwpuB/5o40YrEwrOZY3QcniYuza6bLJTEVJjo="],"block_size":4096,"path":"data/popup/browsers/mozilla-solaris.json"},{"block_hashes":["f7KT182ssG6oTAQE5tVtX/gbyElKprU4RlMo7OXumm4=","r9+Syu+44hAgE85d6sVFIlCKyVi5orRL+tJqPOr3Vfg=","cPqYD2ywDusFBaL1aUaCC8bKPGXHbA8xX6VmkgGs9NE=","e/oOEYPsbxwadH0m7JGpDfdhD1eiUBUkQ2KW/+/mWFg=","AMCFvKiYzDYLUYfuAoaSYxWwQlRFf18RQeYbbpmD2gY="],"block_size":4096,"path":"data/popup/browsers/mozilla-ubuntu.json"},{"block_hashes":["knxEdLT5xBVOo3sd3VO0DDTHnFisqL5FXn/gS90NKc8="],"block_size":4096,"path":"data/popup/browsers/mozilla-unix.json"},{"block_hashes":["VjL4ehdkw8aZUJQOYHmv8uu5OqFsM/Wrp6ymECIZOis=","vC3+kNCnx9Dv/w1fUR63B34eF4tlEomY1l3JSHrbOXw=","YYsZFdrAJ+TN8gM8WLbqZFqv5av462mF7dwXgpqnRTY=","/pDszmsvUqXufDA66CeA4MxoLjDBO1cEtt40i5/NYPs=","X0bn4uTt8pgthUQ3tWQ39IjEVJoM9m1VylnxccLuYhE=","3Bx+UXKgd2S04bf5iEV96QOn25TendNiF2nqRFGSQNA=","BQBo2rd0ZzIBSx8dv5urjzS1qiQAPb1vJNqhBgP+xLo=","Lk2hW5cr3wIl5AT7Et4bKqmGTcyoGct9mkfy8/pPZ1o=","nWrAdis/YIqf870M8wQiRq1pVjVRRxPTdGMGxeo37q0=","1QA6KxZZuFN7436Qgg5gmH1Mfjv3qk5cqoYOxkhrFp8=","UpAUnU3XGj4I/qzuaaMilPkFtBrJKwx+jDPARXixF6Y=","ANdvWVKXKgBKgFP4NNmhcBFl9OIcu5mYaFXREgOAB5w=","RbKxkfCwt6d/IuZfxG7Y7evlAVfZQrFfClsEIQHvIS4=","SQkqyJMKCZfypSyPYSU7FNWE9ka5G5cSr2UfclPl/U0=","c8f3zofLwiPNNTNkEoNZAl31fTnUQl1qIKE7toLEuXM=","HApdjk87GWPVyGGumtcPsJbsDubcGZnugTa7f1N03DQ=","+3kHQ3V0tIJdjjxg9UcBUUh2TArrlw0nKSD3AIJrIVc=","YdtqwTOQ78QPAnagFMxl1aNAhVCEASNaeZAhUbaPO50=","jAzxc4ypzG4s5SsznAhhL1yGxvLkkTGXRJcyNMQ3Kv0=","HbJWHaIu7+SBWht3y52rJIZUHBKfg8z3A3S6XYSz0t0=","HFYUMplaWXNIr87GYKr3fowLWKBYwXc/1XGP8OPagp4=","LZrnllowm1Z6Bov4UtUf/pb2tjCmzv5A2+KnycTD208=","hspraFekc71zOcPalf0ME1s/sGCXPfu3+WEua+nRHsE=","QSQYOJwhj69nLnV97etZP5lb0RLQKP7zoWm98btTcbg=","QYubjfsKnfo0YNn94zfVSlGV8wnLhXtF44isOLLphgM="],"block_size":4096,"path":"data/popup/browsers/mozilla-windows.json"},{"block_hashes":["miZNGIFxbtX6DNN412R4gDnaNHylkjf/2hwoc7IycaM="],"block_size":4096,"path":"data/popup/browsers/netscape-aix.json"},{"block_hashes":["R9a+SY81RThZvvfzazJXTNwvjXTM0dcnkULQn4K2QoU="],"block_size":4096,"path":"data/popup/browsers/netscape-hp-ux.json"},{"block_hashes":["9qBLQUfvJIyXXq9iQdWVVIcAFYOxmA22griFJznpUGQ=","gUGUp4jNkqFSmYuRzZV8tl0KWaaHuw3c/HREb75adT8="],"block_size":4096,"path":"data/popup/browsers/netscape-linux.json"},{"block_hashes":["4ClFkPonVwdN+TzYqAux27HJaOFlkNHziNQfb7Ur0FU=","YnqKkP3/qVI0KmCwmg5shHmrk8jM60pF55INBmvQpaU="],"block_size":4096,"path":"data/popup/browsers/netscape-mac os.json"},{"block_hashes":["Psht4f6rrK3sKFVpBNkZ5wiL7KhU21F7F7zzSH9dgbM="],"block_size":4096,"path":"data/popup/browsers/netscape-solaris.json"},{"block_hashes":["TnTDZ1/F317gPfljwYmVZ3mMsqSPuI9IP/miZGlaNmA=","nHf6XaK3DQANDJGHK4+wxMtvmcX8MiSjFLc6uUTTbaY=","Dval8r1jkviuP9qA7Mp9GroHJMUaa1gXvhNIYpdM7mM=","6umM3GOZmFYSEZ8dIzLQ1tJFWJ0e0uSPK0qy3LX38oo=","ZnjgFkbw6AaX7BMI5kd9HXv2HSYNZ0nASSMfX6h2A4A=","KqwpTfAG+MmjxroCxYz/7o/mEkxEDrrvp64piBDvG4w=","sYIxxjxjwwSrxcBOa/Bokb81BcuAnxnlmLIu+RqpjxE=","qetcBbYUHYHN2zWtxoJPqeD322BhIyJuRofbuFN4a2I=","ZOciPCSMQ6Mpybz4AN5PaJe1kbTVnojIieXMcsnBO4w=","E7VJs/u/kr2+VgBGPlGPsSwj5wXK2ZZXOcPWo/PdfPk=","VR13zp995LSHyyJmY++J8HmkWha6QjSUcD2tyCD1JJ0=","WAJ50lGOtY59SQbe7eul5vDGk/rRoEJvacfvWxzJjMc="],"block_size":4096,"path":"data/popup/browsers/netscape-windows.json"},{"block_hashes":["G6z1G1Le/xlNEn1PabpjJ3q9iD656gcQ9JlAQcpLOXE="],"block_size":4096,"path":"data/popup/browsers/netscape-xbox.json"},{"block_hashes":["b7Sor1UvAdWw+58qS+K9vl11QsJYNTCKqFqIQDziA18="],"block_size":4096,"path":"data/popup/browsers/netsurf-linux.json"},{"block_hashes":["kY08AYA8nxiRxDQUBr4djNJi/uh4hinzCZsPZ2EPY68="],"block_size":4096,"path":"data/popup/browsers/netsurf-netbsd.json"},{"block_hashes":["L/Rjy6JwIlOFRItgJQ4Z4DN0AEeNeFW1Pta3fq7Iorc="],"block_size":4096,"path":"data/popup/browsers/netsurf-risc os.json"},{"block_hashes":["mg941tR5e1Bph4y326tcutOWjDTRSzQEzEX2BWEVJXg=","E5s0vFVAbVM/tTqNMTHge5F0d5KJ6FgAe/llTjngTo8=","cNE7LG5011SW8Sa+nMafL/uXKQds+QsgKyQYv53p/Vs="],"block_size":4096,"path":"data/popup/browsers/omniweb-mac os.json"},{"block_hashes":["xiWQVmrPi6h2r+SVFoR8gov6CZn+GydBwKipnGO12VI="],"block_size":4096,"path":"data/popup/browsers/opera mini-android.json"},{"block_hashes":["govBidOD6moFhvAb+BPBiRr+9dRHeei+PjoOfyDmLF0=","bbhH6wcy3n8Ut+ZY6tkU193i6tDI8iusdOB+74Jlc4A="],"block_size":4096,"path":"data/popup/browsers/opera mini-ios.json"},{"block_hashes":["VmgKQjqztxWQNXlAj5seDVHjrd5UoHjeZDqltNgMSsM="],"block_size":4096,"path":"data/popup/browsers/opera mini-linux.json"},{"block_hashes":["wK4xGZNA6a8JZUWKbxFrcXW5HA/PIMnfCR5H/f2BndM="],"block_size":4096,"path":"data/popup/browsers/opera mini-mac os.json"},{"block_hashes":["RYy/4BBjZHLxYpMfO7Tv4jIEDrXgCrErdcSRJZfcwdU="],"block_size":4096,"path":"data/popup/browsers/opera mini-symbian.json"},{"block_hashes":["PMT9a1u8WpxCkAi9EjdJbx48N5/omsFupXQxHH63qxM="],"block_size":4096,"path":"data/popup/browsers/opera mini-unix.json"},{"block_hashes":["sHYFW3ONTNoUCWG6neq4f9J1RtSq5TSe8vOjB3yNyyY="],"block_size":4096,"path":"data/popup/browsers/opera mini-windows mobile.json"},{"block_hashes":["kYwaEKTXdXbeBcnVAJS0D4zueQAKTsSWqZnBZV0gedY="],"block_size":4096,"path":"data/popup/browsers/opera mini-windows.json"},{"block_hashes":["VqwlvVpkuNjVZPfT2ZOhLjD9qMG/Y2XMjVSzSnNtcQc=","P6XXeKRGOzT7e4Cs26JinAt0AZWRqjZVrgoIdMwHg2U="],"block_size":4096,"path":"data/popup/browsers/opera mobi-android.json"},{"block_hashes":["NcjrMB9jyQ0Nw1SFzQkI+dhJk6bD0EeBtklkVZDj7r0="],"block_size":4096,"path":"data/popup/browsers/opera mobi-linux.json"},{"block_hashes":["M8hufs4XcrMwaODXy8RyEMNB7e70uQJU8XgOYREhxys="],"block_size":4096,"path":"data/popup/browsers/opera mobi-mac os.json"},{"block_hashes":["z/RmYCL+mWoYYnL8jmt22u8ChBM8JM8zBu6MW+pCXbU="],"block_size":4096,"path":"data/popup/browsers/opera mobi-symbian.json"},{"block_hashes":["xOgntk3UTHGDLsDiVspgUMolGvUhjc69j/w0ZbSNh/8="],"block_size":4096,"path":"data/popup/browsers/opera mobi-windows mobile.json"},{"block_hashes":["NP0pNm9INnBc7QfqrE/7M2flvvWAuTaxuSglkqibO3E="],"block_size":4096,"path":"data/popup/browsers/opera mobi-windows.json"},{"block_hashes":["mY/PirL0oFOZMmF+fIp34SF28UBdX8+NL467KTOC3BY="],"block_size":4096,"path":"data/popup/browsers/opera tablet-symbian.json"},{"block_hashes":["1eR8yjRkNsL8wmd+BndEm/tu4oIJT6dpL6DdMTZCShI="],"block_size":4096,"path":"data/popup/browsers/opera tablet-windows.json"},{"block_hashes":["3x9d/Nv21Dw2BVRkzNL3tv0xo2AxIFqdV8N7tOk91Mo="],"block_size":4096,"path":"data/popup/browsers/opera touch-android.json"},{"block_hashes":["zG3E5zW4MOYVpKe8nGdql5/oIgEfJHr5dpA19i8A2qE="],"block_size":4096,"path":"data/popup/browsers/opera touch-ios.json"},{"block_hashes":["BqCNyK9qyj1PphlCqcaJje6dgvLjI3Z2Tv28j1NMfhg=","yNwipTfwiJo+FAyWuhH4Qq/FTy+P9n2+g3iwA1Idueo=","9Ktu1dyJpcJBwcvbMJ+MbBHlY/XI88NHwR7pRpJBGMc=","sPH6ky5jxtj03R/GWny9AYgJ7KtI24R6dtnwW7USPbs=","HX+Cb3Ds8fQE0AQmC0cTpywR65aic2BqC7WQ7rKOPys=","4nPtSmhc7/hqU7rQ7h3IPlS0oTtxPWEm/8tLkU/km8Q=","enJJ88X6cSa2sUa2mR9tGM8kLWNu6bVRQ9UWtQCCNxg=","Pj3FieWGkgaRSpFAgWtRu3WxV2HBJGvy3tJ7TCGOLII="],"block_size":4096,"path":"data/popup/browsers/opera-android.json"},{"block_hashes":["xwFeEJVzh3Remj1UcWGGkzS8Nr6v5g4h6JYIdYi8Z+Q="],"block_size":4096,"path":"data/popup/browsers/opera-debian.json"},{"block_hashes":["FyJxRsk47GjApeR9hr6hXaBiAPyumtjegO4S87MV+bc="],"block_size":4096,"path":"data/popup/browsers/opera-freebsd.json"},{"block_hashes":["t4uX+9tKH0VnFhPeBNf6mz8vUwW1N0hqcjB8p+W+wvg="],"block_size":4096,"path":"data/popup/browsers/opera-kubuntu.json"},{"block_hashes":["tkR9dQ0KvKT9R6gJJ+BmZn/YhUCjwjReq7HXxmQ2VyM=","Sx2Us0r8K/sOiXHBHNmx960aCKMKieHAQIMzu3E1pBw=","q/y7Uwqq6Jtgx84+xm9TFIN/O29naU8V+Ceey7v5qJ4=","MW5denjvgMr1+OpInqqLjZt7GTAkY3pD+QpystfW3Bc=","2at+Cwwlqu5DJ645hNjCk1AYZgYFiPCYfY5ntWqnohg=","iF/5oWTyn1R3yb7gKMwBkxXZKBO9tOe76KlIIrJeAeY=","RS3NTqpKSdTa2oil5j8SAimixeXZ+ktu26X065eZ2jM=","cYva2/2zAr+9GuaWH4wlqM8ptwbVBk2ENs98Igl5MgE=","za7sbZ1TD3AKss0/ijg1wwTnCRt8WC1nRc4SdOH6c9Q=","kY+WVCNNDFuDBeAxM2kVBfUml+WpPpdgsqQ3g+ZPD5E=","+5rIFjQv4nC8D5MU5M8QQfAe5QBHswyD3gJlldR5bTw=","MPzN6TPxMAj9QZIbco9e9L8hTYyn0BIDkTlfiiIE1hQ=","BhFbDxxeBMIpAlhzw47ewbZB3XU9bd47O17xGChcdpU=","ZmKzKWlesB4dREW+zx+waQtn3fmsQ8X1XI9DDzLvBE0=","EX/DHi6KrbpM0u8cAlwTlKdatBSPbKlkSReODHIyvJI="],"block_size":4096,"path":"data/popup/browsers/opera-linux.json"},{"block_hashes":["pv2u0ssWrDDAj6xTFMdiDwKfzHYqGcDrzpTIQoWl0fc=","IizPr4w3RB1tAYm+AVHbZpu04Y/hNxq4PZR5GX89MrI=","Qtdlay8rhIiHwXNOIRPnELQcfuQ9oJPCN4qyvWOm1NQ=","4NJvz1psmqRqLQ3hJxRgZFvRcTZFFU0CY5XxE6Co8Pg=","COalR2DVpYGxD+NY1zRFmWLU7hn182dKffX+BKTd99c=","wp+UXaUhvQhPGTvr9/wKB2QniV3SQGgKABs+Mufr/F8=","PNgr8sW7cK4EI0HsY1Q+11iNh4Scu2hBzEEbLvCxySM=","KvK8irow1lFp72wCsg1N1gHwz9+x4xJb8W2sWglEd5A=","fMtmpUazmSqLTSKCCbEQlr5AkI6xGzh0TiUGceNnY+w="],"block_size":4096,"path":"data/popup/browsers/opera-mac os.json"},{"block_hashes":["IJUPdV6VowYtM0pDLepvGQisYYR+cKr3skv3c9Nqo00="],"block_size":4096,"path":"data/popup/browsers/opera-maemo.json"},{"block_hashes":["ljMGB7+6mVyHHuXAiUpey9QE378VvtLt13Frm/4XwNA="],"block_size":4096,"path":"data/popup/browsers/opera-mint.json"},{"block_hashes":["K8lkPGkBU7g0bDdLWgBt3vZho+pq4pL09AO+sTWwB9E="],"block_size":4096,"path":"data/popup/browsers/opera-nintendo.json"},{"block_hashes":["XIYYGb5vCn/4wYrXdnqs5W/zzwMPpiXfkihaVAuZHyI="],"block_size":4096,"path":"data/popup/browsers/opera-openbsd.json"},{"block_hashes":["5TIW2J9Xvs4Mo253lqBxsCCfGYyPXTvC2fTEx7IaXYw="],"block_size":4096,"path":"data/popup/browsers/opera-opensolaris.json"},{"block_hashes":["7HlCRPJfznGGqZ3eFmZZ1zIGIPEBB1YzmVH7jx9ZEk8="],"block_size":4096,"path":"data/popup/browsers/opera-solaris.json"},{"block_hashes":["zOuwM5qA8hsgONXJsiDrLQlPYgfTySligu9LC7KAXDg="],"block_size":4096,"path":"data/popup/browsers/opera-symbian.json"},{"block_hashes":["Jz3ukdRCDIMnYoAJGBUZXfqAYulm/nX9+0Vk6KMgH5o="],"block_size":4096,"path":"data/popup/browsers/opera-ubuntu.json"},{"block_hashes":["G5TpAjhsCSCORVQQIYJ9isNO3UlrvV/VYeSGh66uOSc="],"block_size":4096,"path":"data/popup/browsers/opera-unix.json"},{"block_hashes":["B+fsr7jeYvcC1FGhH0MSUo5ABZRsr0N9LqPurah/alM=","8jMPo/lgPJ4zIhMELZ9xtDR+X46ets1g0x+DVD0kjoE=","gUYhWTO+sP7PNI0Fjitc7t1Q2tuFKxDBzjFxtWk2aAw=","AoRLwzYR/5G1CgKnncTatS81XoX3/8Jrn5kr52tEyIg=","V5BVlKSmpQy3a0rcHo01k3i+VeA55YkUDX8DZhcf2to=","q5lXbmJIX1ckoTzMMg/C+F7Cqkq5voaK8kpsoRq3Mt0=","rT3KXQ3qilIVHQR20idu4A3a/nG2UjKwF/27fKp6LH8=","oV+hCByfEzKCA/ElS5i+0Vph7u1v1KjwRfdDPPCBfaY=","Lijvqv40MCMtGgWRwjfHV5rVEw7eZZpcTgCp7TDIiL0=","aNzHxICOFWNvkJZScYiVTe8BviAITAFw837NsgZ4JMg=","QX/NfxQkZlin+gjQGwZsbpQLsx0jVELNzZNVL8sR09s=","pZtYdYlRYfiNCnWxBuaFYjUiDpzm6ahR/Pf+PKPHUWg=","w41jil7rVixzLg3DZE+rZFgIfmfGSL19h8NBtBix7Ug=","hQaSyj7Mq4tF++JfOfjqOPUu1oFujIV90c5XuWFLMZQ=","N8UKUXQsvA9il0Pc7muvfzFCxPMFmb9E7NuS5GUJysM=","IBdSICtQAeecUqZ5Q09s2HMHAQrVTCooUkjy3TdRu1c=","DqZptYCyGj1qNoncQ5y+W164ttCjZLES0pJMlsEZCGM=","WzIEnXmi7EwgAv8pyOSCUztTCbyqJOytgiKmxk2sMP4=","QyIdl/Y4I2m/w5tqtXSgIXrPdkvJo0iKLv/0mWR4v+s=","NWTXKK7ukLfoQbhMB7cj9Y8+pjZlqhxOq0Hi+QTGINs=","JI7eQ6bgNMbexV7tXihIp8/WcOND9kAgh1Cb6NnFSCI=","PR5HK1ZLoqJ+b2wInhzPWVB3E6C2TjA3Zv6jOBIDg6k=","txSfXFHanW6fylhfR9F2FQ+b2Fj9QDvv8eLMHzGGV8A=","DptG+tT83Pl0NSJAcklATNyT28tJObH641ZIP9bjobo=","gb8hrudnD6+p65/gRirnynlVPYlhYL7YvF0/bDn5lnw=","40OHyB/wgr1Q3H5t8osqidmfG4sPWmG6zBUsBsb3hl0=","XoYZav+xxCPLAnwKjGI3tH2irCt2zJ7+pn6YBrQRR00=","PCOqWj4y6Mqhofs7kARa6XDUfUHGymBgEP9k3Y8wEPc="],"block_size":4096,"path":"data/popup/browsers/opera-windows.json"},{"block_hashes":["Q7mDa26X10KrSNsMtHjr0HFrZ4NuUA/e2rF27LFSFLg=","tdufyrhm/6E1gFQggSq0R1LpgX8glGfkUWipMx5gKCg=","7c+C/l5TsegOwBnBh+8afxFxu46n2K4LVz/hjAi4MJw=","IdO9XFtSETuwmRzklZc19XwoQrKMpyIDuie/MYLigfo="],"block_size":4096,"path":"data/popup/browsers/palemoon-windows.json"},{"block_hashes":["J5+/v9jAyC/0LEyD+sInbbVL6KAu8uWP17aDYLVeNLE="],"block_size":4096,"path":"data/popup/browsers/phoenix-linux.json"},{"block_hashes":["uZb6M3DnWtx1C5trHg7UCbaa4PTWcMjZhbkuZK1r6dE="],"block_size":4096,"path":"data/popup/browsers/phoenix-mac os.json"},{"block_hashes":["IpD/V/MFDxn1ESnXxJblR4Y670jk/jpdMvlmVELbcL0="],"block_size":4096,"path":"data/popup/browsers/phoenix-windows.json"},{"block_hashes":["JAXPIBF085j5XQXUgjMJZCAOcn35CYxRCHdXjGwwSW0="],"block_size":4096,"path":"data/popup/browsers/puffin-android.json"},{"block_hashes":["0Nw2pLQHTFpyzXssgYA1FD1gJX8sdTAY65TpdcSoiIQ=","gK3IYAlVTSW75+N/C7+RxkkM/Z0t/pFtVHzJuBUoU4k=","gl07ZMXpXZflQhBdGxVyzKiuoFtroFTKfoYDrUj2Ds0="],"block_size":4096,"path":"data/popup/browsers/qqbrowser-windows.json"},{"block_hashes":["xNi7mtgC+x/mMxZgZw8XrT7orgIbAmbPybAb47niJec=","6mR15ms9Pd6OgXlPDymjtDMFTlv+I5ZOFrSPejyq0kA=","Aa6pYBkDU7j73jqHVeDQygwyB0TaLQijCpZhDeJREgQ="],"block_size":4096,"path":"data/popup/browsers/rockmelt-mac os.json"},{"block_hashes":["W/dkHvWJ8BN53oC7X0Ist4opWRLyuZoFhWo1Xa7a6mQ=","WJSwbooBZS8t+6fJnnSYHdmZ5gwH47XwGbuIfAK8s3U=","DZ08N4sex7OBqPmosNAWOQ3Rj6sJgCz5E5WYMYqCAL4="],"block_size":4096,"path":"data/popup/browsers/rockmelt-windows.json"},{"block_hashes":["/9oOjFXJV1CafPSX9q3iAIJ+teT/4esN2evzSjcq0ZE="],"block_size":4096,"path":"data/popup/browsers/safari-android.json"},{"block_hashes":["R+8kr24FE+j/qOs5gywxlayYQ+u3jGC0wD6Dz8ro8xM="],"block_size":4096,"path":"data/popup/browsers/safari-blackberry.json"},{"block_hashes":["ZZq1ebZKx4ghw+CduIV6jy6ycDBDhV5fk8N2tbXXstA="],"block_size":4096,"path":"data/popup/browsers/safari-bsd.json"},{"block_hashes":["gcekHQwOL4FtNhCL2z78jG6BABfuiAJUedxX5c7FYUY="],"block_size":4096,"path":"data/popup/browsers/safari-ios.json"},{"block_hashes":["32GlMe+V1UGTecr2+PFqFISmMrERaege79K7Q/cEbJ8=","4VC6F2ix7zlvzVrgzWatUkf44jkrbs5QY37PQcORYBU=","NMhmFRk8LcwOgzlAo6bE9VEbKnRKg0M59VbgzK/52Zo="],"block_size":4096,"path":"data/popup/browsers/safari-linux.json"},{"block_hashes":["RpaLbqMt45JOsLKjEikeXIAoWYEMVU3QwRmlxHwTWJQ=","RImA2RPZNyO4SMqls/cK2vWSOWVcfrvkNgcSJNZBOhk=","G+uyAt1HNNx+01RI7K33OokA3jvqyUghAsQDsMNDQ34=","U0QxrwjwkLTN+LN2W3l3Tg1V7Lgyp8nIC2qlSmaueBc=","9iRsGc7elqAEO616HCRblkqPpSNMaDOIwCae7fWClxA=","K+KjrO1H65YB63zQaT4PPGzSdmk3OO8xjIei4I2Ufpo=","W5LeGzh2aDy8CKIEnEJnP28fkMFTDnkfP8RKQ6ozjVE=","leqKNVHKcInfjl53UqnrZQvVdob+C61VWTUUBGb0xx0=","CnzpxvO5MW0zaF8GKrjtuPTngmdu38ER53+oB8Eka44=","W8E30BY+rtuRZ67grmwzkqN9jYKhF8/Siq1C8YxqXPg=","7NbR+5ROY5hi+SH8VGdXca9jlXRkaL+HySrAKPivflQ=","jiMOFj7qSXlsWTwof65PvM8WcRq1vW1LxRb58ICraGg=","bELxUVV94SzkxnShV73U0ktUvVJo/NXOU8KMWNaG/1Y=","cihDvROLb1O77HazID2clU5KHy8yY7dpo5KLRzDwvGs=","U/5xil5x7O1uqXtktPe9QMn3Sc8g1B3GAsrnCbbP3UU=","VspSemxhBjzOI4QbRTI2G5vGD8cC8phvIvP+REpziQo=","5N/S+CszYm+X9ZRydKHijEcto+LYr4I20OcHnHVub1c=","uxyksfMAGDnuJr8A/qoyYif1HZ2y79x6F/NbY5G8LSg=","KdUxZAoO5qV63zfM8CPaBC39urDzs/fjlhjdirSh18E=","rF11U6nbc8KkBEqpERBy8kb5eVGbSl1m2d9ILA078UE=","CuqJh9LTTyOGs0DQkUwC2pK+tuDmPCahksueIPi62Jw=","dt5/9BkNnx1n1XKG003J/3UXQiJHmyfu8phMrQBr2fg=","H2wO67cx5f0OhdqtnOMXPyp01rgatlPVzIDRqQL4GVk=","l/k0SNSRHFz2vM8mFbjwCOCA7JXacQ8kRjrBAqNyvm0=","y+gwSjst7rXaD2tTOkwLH33KUlcGIz6RwknOC/TB9Vc=","oVNqWERnNslgJH+syN8e3mcEvIAG9qUfVYNTel1aUzc=","exmBprAiPzx/X8aQt97U2Opqk19zLw0lRV7lIJA0Yxc=","1XHjagdVb8hwhPOOPLNbGFF3dq30uUHTPe7zstQmLa8=","GQZz65kwxNt/9wfR1ul+PMbAPiLsElBwEpZUO9yPf5U="],"block_size":4096,"path":"data/popup/browsers/safari-mac os.json"},{"block_hashes":["pmJoy1CkL+2JWuKq8pKXCakssjLQx9w78kzyWhfEw8E="],"block_size":4096,"path":"data/popup/browsers/safari-netbsd.json"},{"block_hashes":["FIlZ4xVc5GnXQLJijCqz0R+dzyc/XD2QJFv8Qj2kO7g="],"block_size":4096,"path":"data/popup/browsers/safari-playstation.json"},{"block_hashes":["yG9rMldSbfRmJmGJr44NUnCYuBeskDYfPhzeI4SmGe0="],"block_size":4096,"path":"data/popup/browsers/safari-symbian.json"},{"block_hashes":["ocy0qKKvuzWjprr64K45vZJaEXZ7/79kIY7AGgb1w8M=","ZqKZrKCs0i5XT4jxhkPlnIDD1XAz7OezisYhYljax+k=","hNhdJmNg8BpoL0F5CmksE0vEGYEOdHNSDCNU+QoU+fU=","HCaJ3m81m9fRhkgVcg6SkmOyAJLy0MjHj78tqMl6XGQ=","R9o7mKLNPj1O+mOqlzGcve6RcpoQgKRkVcs2ZI0oFJ4=","YLTidzxzRut9aCUKs0PLWlfbxN6t4vEWB5cPlBOPYwo=","zzxcQ7u1UEw8tX1pVjE5IFWAKef5HQtgR7YoZRnExss=","5wAcs7luB2r3tN1oWxfCN/GtRfkJgSD+OF+clywyslI=","NiTxbnxCvYSYsPnzO2XOVQgTl3CN96XcEMmNjlTIrig=","i0Daejo/o9zDnOOi+6zZb1Qxj+bkX2tCQnwy+aH/ias=","Ks+KoRuCuJRtcJxh8B1QAiLpyfBWnGg/1AUFruL43O0=","vcJz+UfSKVUebkLROdzTvNnEsffqqluNjYjnFkB+sw0=","oemG6l74g9keklnbqp8ADE8FUZbTyRhZHWn9mRWRriI="],"block_size":4096,"path":"data/popup/browsers/safari-windows.json"},{"block_hashes":["G6A8WmFy0ZIu+W+kFo67bSAHGKgBCEX0kGeqrTvzfUg=","V+rUucmuut1iUPwTgLLL9fJLGf/55ehPtcYaI/n5kzo=","lB30jhiH+8DpmN9UBUadeWi1LWSPhFzYluwbxosBP/M=","TKtVBFn3d0RdP90iJhbEu0eFMibBjeYt9hHEsUU/M1Q=","Olqxp7hub32EGQVQhd3Si5BduqyYjOgYv/QxnJC1K7g=","Dp//PWnVn85tF6ElaQYMTYhx/yTQgCKmIPqLddWG1nc=","4f75vJMj0Azo0lC0J3gvO7dcLIUQkwo0cPHm8B6msI8=","jkA9oBqZEjh1K0PqU4/8duimZrALQ5K8S4B/tHvNSZE=","il8JpWnvzlBfY4rmUr+e3pgttaAz+PWgc9hR/5E5P4g=","m7/1ZafBENRWENmjRqZSKnBA06l7nhDIvDReeZxdbrg=","We84QE62B3aWhaKYgDwVln+rNaeMpuPplM57WMWV4yI=","eiSvvIeFcZoE8PhlPNUAngWrcSZNzfRU01CweMnexUw=","us20haNa3f46fSpAYpVO1WG+1WXJOTyyyN9CvQT/OVI=","SrttgBYIiB1xAp8jS0pz7dkMeKm//3oGFVloaXS5v2I=","ugOawM6R+LodJTspbqY2lX9JiNLu3oOjx6657OOOyKY=","4AglEJvUQJWxE5V49YBij1IRJlwm+sHMRElakys5gmA=","nmx/3FyBbYcYCLzL0UB6pooLueahdRzujX3eUAiZ3WU=","W+4kJvYDXkD6HCHxnj8/udEHZkO89raSOYVXb2SyT3M=","TNA0R1gOOYXSoLC1rURyKrojj75Txn21U9Mz4RxJW18=","ksb2XtOoml7pAHvaQQLlsBZcSdlI1DCdpaOmuQ5OTD8=","eSRxv6TWNCgrThTQjkYwiKDg5W5iSaNY8J8ajDDVjIA=","mf98/kmvxY01A6T4pWTrxUrZ7KtJjseUENFAWMo+c7g=","W6vsli9663rRfQro/SUZqe5K39MyebE0nUjKW9tDFQo=","+VH+I0Qgms7hukXUSh6UTGGhJnsbsXb1T7qh/sZP6xU=","cg5ilniUJN3qt3Y/d+eCdezrvTrOl46TjciAGhEuqLs=","9G1P9VhtgzzLRyKPgBKbdBUtWnJqil7OP96A1CYuvxk=","y9idnSdoSxADnGbK+sFOLwpbGPCHco52nCMdQcBw5vc=","NHz+KDBieaC4Li5T/fAcpcTn53rPnQh9HXaWhbOKHFw=","e1aLfWdLv0M8SXCQdQJZo4/k2w0vnwASwrJtTNpQJRg=","j0DWddNAdbWIfs3MO9LUilU/y9+zhpqMjNkNhd11mek=","Maeqx2k5dRT5B9c3nOQ4wlsuHiV/xRP4CGYbRC7JNwM=","bWN0d+wuto7aS+t1yksv5GAoOF2SfArz73zzflwz8uU=","jtzNkI9kZyrgjzm3c4AVpSaxsHIoY6UQzBg5UInFwYw=","C8N7tK7/dh7Bgse1y55eVcmzKRAMx16/P/okkAqRms0=","953x0fdF9qa4cUJoN/3I+BzXTJwx08xcKZlt0FwRgG4=","y8p/Q+mxWdgP1yvQK25a+sfaJGDdjUTFwXyB3DHAtus=","IiyMkG7TVTXIayLJ2t+bKKyLF8wYV6U+Kt5OYRPCL6c=","yvv0+EXQ7dfFj0zZymaQgfJxD1i/NfmLbTnipljB8dw=","ZleBzkMdLoOzEjRSka8OSgajR72f6YpgmBjVHDwCcVs="],"block_size":4096,"path":"data/popup/browsers/samsung browser-android.json"},{"block_hashes":["dARHTm4CPDdAZbh+NMwhYOEHnLkjglStRB+gumUkOuo="],"block_size":4096,"path":"data/popup/browsers/samsung browser-linux.json"},{"block_hashes":["uwPlV9BHOTWD5K4rPuTC8YPvMhyTAzAJnfvdjBv8914="],"block_size":4096,"path":"data/popup/browsers/samsung browser-tizen.json"},{"block_hashes":["8yAeHCUIZA+ihj0aFiqXORpc3S8HsJgrFunSP31xDTw="],"block_size":4096,"path":"data/popup/browsers/seamonkey-amigaos.json"},{"block_hashes":["fEiE0sy7Nbt6MRpYJ8XxsZZA2mNVN4zbmcuWQ2kpZCI="],"block_size":4096,"path":"data/popup/browsers/seamonkey-beos.json"},{"block_hashes":["WDAXoee0/PVBZ0Ylaxds08UUjdZoGmVrQUlV/tyvlUk="],"block_size":4096,"path":"data/popup/browsers/seamonkey-centos.json"},{"block_hashes":["02UaFcHbGJCsUBp289ZeNLOM2f4+XFUyB31nK+Wohbk="],"block_size":4096,"path":"data/popup/browsers/seamonkey-fedora.json"},{"block_hashes":["XoUOCgqzbiowutplIbxEk3C1vGTS48Qrd9DFoaK5L4M="],"block_size":4096,"path":"data/popup/browsers/seamonkey-freebsd.json"},{"block_hashes":["m8Ou10vlpHNyWsiqHlplSCVL+ZfqbNnwxcO1vl5RFzo="],"block_size":4096,"path":"data/popup/browsers/seamonkey-gentoo.json"},{"block_hashes":["liRyp4DbYR36LUvN2TZhpClcPvyyfN/hlhgHXdCVCy8="],"block_size":4096,"path":"data/popup/browsers/seamonkey-haiku.json"},{"block_hashes":["2OKK3QSCYE78w57NT4t1s+29OGRBeAru/kz28fXdvpI=","RayEii63vBkGCFv5yKANEwSti3nDynU30oGQGd2PHfU=","3TueNdV2MUoa6ZuzxvbS0cBmoRXGe1JJ574vh8BbrO8=","Y+N5NsRez23X5y4wnZdKYpMQ6hHxXydNXG0E6wJRzM4=","08PuvNnbWbAS411ZXx0s1dz+aAlIdCdkKg7TQ7yUN04=","FGZMPD4LvRxBt3fgTKSpXf/5uANVghn0sAjexRILn/4=","TPQmUkD8e/uWsXd2UfnBkRKOqcgkvJ/fV2hU25NqzeI=","RZQt9QR8WaVi6ElcidFGjtxROCSSPZ/gHH5HO6FatnA="],"block_size":4096,"path":"data/popup/browsers/seamonkey-linux.json"},{"block_hashes":["UJ/zVxXDm7F+k5C5dwfc7HOQhj8jkeQoCNThLZxiXeU=","Jcc6813pqjemzUSo2iu9P83XjrHHqmV7xabx1n714HM="],"block_size":4096,"path":"data/popup/browsers/seamonkey-mac os.json"},{"block_hashes":["5uVb0atynC3jB5QXuNiDUgZ4r+M8AVmRr28yRMj0hhw="],"block_size":4096,"path":"data/popup/browsers/seamonkey-mandriva.json"},{"block_hashes":["L4kL/KRJYveqok6ET7AizMP/cGhGJ5Xwk+NkcY8pLV0="],"block_size":4096,"path":"data/popup/browsers/seamonkey-netbsd.json"},{"block_hashes":["VEyJoAWMq8aPkXvs2bjExUMhJ8igIt2Kws7ZmVsc/G0="],"block_size":4096,"path":"data/popup/browsers/seamonkey-openbsd.json"},{"block_hashes":["lIFtzJDSAJE7WsnyBGMcLq0NcSAEAxs6Xp52DKVxwpk="],"block_size":4096,"path":"data/popup/browsers/seamonkey-os-2.json"},{"block_hashes":["jKqnsoD/hBYvXFDpOIohZRwPVRczdsKTq/lf3yakHSk="],"block_size":4096,"path":"data/popup/browsers/seamonkey-red hat.json"},{"block_hashes":["UVii2V9iYhXOyn000oHU+d8Jzb2XYZuovXkCpZLER1w="],"block_size":4096,"path":"data/popup/browsers/seamonkey-suse.json"},{"block_hashes":["lGvoOAnNlNwMtDmkXSzk1GNNCwwfJa2wY+26VCx899s=","HrkhoLBy1IES2VzVzsniB16ITYK7HHszXPpD1cnVPJI=","KEPsKAkAU/XRXoP/QyY3Uo/dIs4ZwxrQqGqvQCk+Cgc=","flk6l+TqJNMjt4GV375AcrUigAp+r/JNLUiWKOUQXMs=","eZ+poDW067Cix2IyOY8wXuVK+rgUHJ7DKhONMWpsnrg=","pT5/dk4pnFM1ewjRbYTmGUyMUGHdK1590PooV1j6qpk=","8OKq3bXqtmNOqZtAOfcckQUj3GhbODqV5UhSF/GXQMQ=","kdffWyDoMC+XTHapW7PkjXjfmzd4CoFRV1+8azITdhI=","LvkXMw0XQNhoH8U6OgbiLxPqTw9alg/CL0tipp/mQl4=","DKrH1Z1vLwa7uL6Syn/XNiquiUuqJX4VYzI0ltOYjkY=","VXCT4TpUWQ963jqPRUFNOuLWAFKwTWvok3YGmbTyMJw=","yPJ11Wn/E6LFQw01KcGOS/chPA3JyGez84faUgch2Lw=","iRQy8LsH97+vqN03GKouC3blrvZfnVHSDW4HJmKv3dE=","BXWSgbkPpqYAATtx63hZ9c9xlnJip/ruI45LtFPPjlU=","oiCPLY/ZPKFb2vAfEfdPpB1MToLYdDfJKHvlJ29Jads=","iJyf5Lw+xXStCYgnRxUderCyB2Ih41Ugjpodbc7ow6I=","q4OTuvgkitj3MrdQ4YrzAn3rQP3qB2xlDrMbp3WFhvc=","d4/bE9kfrxoTBiyc9oHFrGg++8hCFUe2kXLdJRND8j0=","Of1OQqBYTUNQFpvfHNNyrMbzEu0/8QHabgyXoKNsa88=","EPbP5RQyHO9mO1qXGRaW3O4ZunRE62vdvs0RfEzdGwc="],"block_size":4096,"path":"data/popup/browsers/seamonkey-windows.json"},{"block_hashes":["UGA6KNYc4uurDNzvlX95rCUrQDfbC2XE2Dmne6n2620=","o2bE3tUEPfqPsRJ1fhvNdgnbdfvKJBsXQQKwRMMkUm8=","jPujp6KhAmPal22hIJjchILaIwCq1dfZRkJQYazSE58=","jV0DZmEiHyKwEp2l5nvaO4V2FZQGrVUCI3NjbN48TIo=","ARPxCPwydtaB6cv8p202ZfSzvhOnEYKBVcrWCFP6b/c=","1aEuYRozhJfm7+GL2jeUB84ll2CrRwfH7pQUhMR2Ads=","eH+f3xj9BQUDQUJfC2SRm+5cKze4WFhJeyV9W8ufsik=","qWSSBGF0ywGhw7wycZ5WbflvmRww7tRmSp+7bhj19lI=","4SJWvb2og87S2UZZazHaSe+krz0dZuOS0+d5znJvwGw=","SQNKbcR0XbmLewcHfTO1jOVJYkvZHXsMdRna795OoQg=","JQNHsrdjfDgDcetzA3cEKu4eBtY4aLq+5ntVVzaQBsM=","fthbJVDpLvE74Ose3Ev8/90zHEQ3q5oq5t3JF22MIPw=","QK4NPE4dNsvhT+TPqpeYZ3U7RoMFNq2N3pivvaHtgRM=","DwOb7R228MLarQ+PQrwD2/symwjcrTJSytr2f/3f7h4=","f6YPdiFXoXsP0J0zrPN2i8E6OJbCMDueXHrtanaoFKc=","cxN+pFJdEpHiSgyt3fm0AheX5zNaiL7zkFLXT5p0ME8=","yUt1kHBqe+qzbCw42GvVXYNkE5NOCHkw9ReQuoVUAw0=","Bm2eQ05jwtEeYtlrWSX0dj/fAhO7gYHu5El/hiVqgCY=","j0RWJ8MjyOZU6I/VNaoTA5VWqAFirM27nO58mU0siEo=","gAOqB2BC193f6IR6v0Qf2h1O46WIjiOj6Dx8QyZikls=","KUix/9atDfwIFp7LB9xL9xg+/DWSib1a4KzbDPbcT3A=","sjyH8zIEZZoQsJ1DYCET0DKUiKEbj3hXjYvSaaHqVkw=","60JbQnFs4YLU/pztJFb99I/gS3xCavwXJtD79V2Z4zY=","oAs1uCxuzx8MirP40ks4bLYgL5BSRr8m1F5h8MPo7Nc="],"block_size":4096,"path":"data/popup/browsers/silk-android.json"},{"block_hashes":["sMvuWSotxywhzG79N/XuK/wq5rMAM2lz5H8p1k5yQYQ="],"block_size":4096,"path":"data/popup/browsers/silk-linux.json"},{"block_hashes":["JOULJ7q68HQyDuVmVE2kYuk3FO+oUAXO7LdHSDvq6IA="],"block_size":4096,"path":"data/popup/browsers/silk-mac os.json"},{"block_hashes":["/P8xWVsKipRqZ6nTAy8wvkYafA+LPFmES7MHWNp+RVg=","v6BZZcF8R+euBojDYD9+FqQZzBkwISYbGqn4+/wZRHI=","FFhX67m4m9tEbKMmO7uGihZz5CGRcjAyAIjnG/uNJWs=","w7tIez67+ajtYQrK7eXpJkBOyiNapOO8hDvdChPbSi0="],"block_size":4096,"path":"data/popup/browsers/silk-playstation.json"},{"block_hashes":["Ct3RiYuc6fRD72F6AZWsmLz5dsCFrukidDUJAGCvNM0="],"block_size":4096,"path":"data/popup/browsers/skyfire-mac os.json"},{"block_hashes":["6B9/GW1g76UZ4dEuF6FdV1abUYMmLJ0Wnvuu1G8MmgI="],"block_size":4096,"path":"data/popup/browsers/slim-android.json"},{"block_hashes":["yhdSAxGaX5HiebnF4aELoEsfDdQRPoF/EQFixkfRZJ0="],"block_size":4096,"path":"data/popup/browsers/slim-windows.json"},{"block_hashes":["XPbNA0lMQzX9fAaxXin+6jfXD3L6w+A/tOMCtQSM+nM=","ry86DEKFsLVxb+DV/WeEwIInRzSZJN9+irBhEUv9Bs0="],"block_size":4096,"path":"data/popup/browsers/swiftfox-linux.json"},{"block_hashes":["wurYQ6JT+YxK8luY1BXzaPJHwrxfQMBa9TTi5hDo+qU=","yc5SIGhcib3iuTTjU3Y+06DdZge6NfnH7stz7eirtAE=","DQbGrmI0DECM+khZ85NUpJqHxVKa9MmBI+qRAP+xR1Y=","Y5WduWh7TRY3W79ZZNcLNybirikWq6Mu3DxOP1eM0EQ=","SpYfk55MPbTMiaa8gwFoea1HDBdI05Rv9C+bVe/Wk6g=","gUv1axbF/ndl7PRDcRTlM4gw8HFi/slnzSC/HXEs6VA=","4C2LI8dZjatlcZvKzjCfxI7lWYLuYev37mZ45uh40bA=","zTDnkOAZ69eHOoK27cw3A+JQgKMw58UddUaCqDfYe7A=","lPz3IK+7dPVPhD8tcDtacQeTh+EaIIEMy5YAvJ9jGvw=","A410VkAe3pX4CMSRg2RY/BPgjKJCFnpBHlC0AiJg7+U=","dHVpFRl7eK3nj2fiQfNJPB7eU4FkfM0Yc346ldgOS6I=","N/n7tDMlri4XFHdTH14o6Ya5OhtAUzMxs4D/hi4QfAs=","RRWlsFrJufQVUGP+yAiPdS7dV4bE3+PukyBnde2FT9M="],"block_size":4096,"path":"data/popup/browsers/tesla-linux.json"},{"block_hashes":["wowTaQFzHluFAaIRPCPaD4xdRovYj/NzwHRg6Jrlwvk="],"block_size":4096,"path":"data/popup/browsers/tesla-windows.json"},{"block_hashes":["7JPIGycgFsCW+UkNTDSR4fYZGt9EV9WvopKE7hGEHKE="],"block_size":4096,"path":"data/popup/browsers/tizenbrowser-tizen.json"},{"block_hashes":["tKSUeVRtUpMUJ7udIUOs/IsDMgzGFlxiFS5AYd6mx8g="],"block_size":4096,"path":"data/popup/browsers/ucbrowser-android.json"},{"block_hashes":["7cH3OBb80W3bNcuDFLLhouC7P0sTawoNkJwcoddqph4=","VRby9rR7NecBWjUMbW54QuSIxQHo+s5NZQKX7yiVRnA="],"block_size":4096,"path":"data/popup/browsers/ucbrowser-windows.json"},{"block_hashes":["y1aJ7oWDAZ/V0hWHM0vQgzlVSLW4m0kgm1OYDDAGhG4=","N+1fc95mgjilkGVbTD4wmjXvyNYJ+lJn8aOObbupOyk="],"block_size":4096,"path":"data/popup/browsers/vivaldi-linux.json"},{"block_hashes":["6Q+oqhlUbgR31rVGtdowy2NEODmNw48wy4A77uOMQUI="],"block_size":4096,"path":"data/popup/browsers/vivaldi-mac os.json"},{"block_hashes":["3M+rv9cxXssHhcBHW5aEejhmQsf/mOiyYXKQvoCqog8="],"block_size":4096,"path":"data/popup/browsers/vivaldi-netbsd.json"},{"block_hashes":["CJeS+uXD7lGe/PdnjR2XDRfEctylpAVMlg2fke4jcNQ=","DOwasiD5dAGnWHPpih2H/luzQZQgGBNWPyEYI4aEWgA=","KOdBg9T3A4zkFdgoYkHpKslTLH9iJVyAFviVlTySdnE="],"block_size":4096,"path":"data/popup/browsers/vivaldi-windows.json"},{"block_hashes":["KiiLLx3cFI66RgfGkeFK4uU51c2ITRTeakZYccFCZVk="],"block_size":4096,"path":"data/popup/browsers/w3m-debian.json"},{"block_hashes":["ziIGtXZ+4zWmEqR44omWdTTRm1ciJ7Qx3phVHuZ7Md0="],"block_size":4096,"path":"data/popup/browsers/waterfox-linux.json"},{"block_hashes":["2ws45dODuErcjuHUE5N64HzfdVRYJhKYVdTPxLSk8wM="],"block_size":4096,"path":"data/popup/browsers/waterfox-mac os.json"},{"block_hashes":["OYTMB6H43Fh1/EKY390jSVT3dANLDjCKLj+SIwGXGTc=","FY45J1GsiMC66av7d1QQmETJ6nMxgg4Pm3jRipL/lho=","qFNtYyfnfxnrAKEw3B7N55IhqC+eymLmphgeQFOVH98="],"block_size":4096,"path":"data/popup/browsers/waterfox-windows.json"},{"block_hashes":["gAgmEIFAA00AgYCsysdVP2BCPfhLakc4eYRrW3uL3yY="],"block_size":4096,"path":"data/popup/browsers/webkit-android.json"},{"block_hashes":["jbkVW6uQSTLYpHvBTDuqQSe8z+cw6LXDPyK/fwplIWc="],"block_size":4096,"path":"data/popup/browsers/webkit-arch.json"},{"block_hashes":["/I7GdCncF6AA4gjX3KJ9cVG7+BhYUdF9CFBw/Hq1TR4=","rdShgAf4loHZCohH/uWmxFleVqlc1ghOJyfwOveaNzs=","bQT/gTKoaE5K8XOkd6I2K3ukDdURe3ck35XxduwUCxA=","EyH4gIBjYWyOmWyewCGVjm/KA1B+vnfHcRrllxIdPD0="],"block_size":4096,"path":"data/popup/browsers/webkit-ios.json"},{"block_hashes":["iGrEb5leHzeeLnCoQfZjWY1bivCrZS2g+bNOZqmjej4="],"block_size":4096,"path":"data/popup/browsers/webkit-linux.json"},{"block_hashes":["1tNskIb24hdFzdeGjq7AeV2dkbX3MQITq4Uh7vnfo30=","CWjT9v3oj0zf57ypdRAv8uKIORtRd/XF3Ee6JSGvXYU=","vraWFZh2hhJG04jV4JZ2iKaVCOfwe/v7I2/wftfLC2U=","tszVQSXBdQK8Wi8yzW7sTjUejKuIMO0i+H/ZgMKtCkI="],"block_size":4096,"path":"data/popup/browsers/webkit-mac os.json"},{"block_hashes":["9o+6t2ln2mVJ6hNr+/EZZmffY+kF6snXGlfnTRtlxLQ=","lgiuCKl/s9aAg0+73+ck+pDjkljQscZ8NAm2MCDIe8Y=","Vxs2Yogwra39I80gevixj482ZAmZntj7XIxFJx6ECLU=","l9+50tllSzPbz+n33RZrTIZy3N+H5EUCROj+QsC83Qo=","t7NAD1nFVYyV2KD3SbZ1RFXcxgWGpi0w06gkZfVwyHI=","OlOimLD79zOWdY51ib6G0Ennc7LdMWdsp7YRWIAoKYg=","/wQ2/lfpESu1RBqyd3qlGY0/iG9tWdjxnACT2/0AGp4=","hY8+ZPth7xrY/xOElNWNTsxLKjjXV/Z5HwDVj3NHCJM=","J3zh9HYscUNxa7YBLQ2RAMXDTlaoJJAX13LV2eqyllA="],"block_size":4096,"path":"data/popup/browsers/webkit-playstation.json"},{"block_hashes":["gJ3a015KIM6UF508bGXrFSEKAePF7MCMOO9A8ziQYxY="],"block_size":4096,"path":"data/popup/browsers/webkit-symbian.json"},{"block_hashes":["mXn02e9IV0e6gmBkU9gJYgLxIhwDoXO4bKz5WiZFEUc="],"block_size":4096,"path":"data/popup/browsers/webkit-unix.json"},{"block_hashes":["1mY/CFvYsbkSRcWLxu0vLHyJRIjQZPt4jbxo+3TYkts="],"block_size":4096,"path":"data/popup/browsers/webkit-windows phone.json"},{"block_hashes":["W+6vxogTnHZh5NGFc/XILjOq6+sWnuW6mQGs/zrPoC0=","596AtIn5TvRhjk52wx3HGcegu4emzldNGKDUXsAxGW0="],"block_size":4096,"path":"data/popup/browsers/webkit-windows.json"},{"block_hashes":["LPSViVSTBQkiNbTFqnJiWnRZhhBdnKMozlV5I00npYI="],"block_size":4096,"path":"data/popup/browsers/webkit-xbox.json"},{"block_hashes":["veG48F18tt2EqIVEqduN3iypIucBa86jdJcd5kLbVas="],"block_size":4096,"path":"data/popup/browsers/wechat-ios.json"},{"block_hashes":["IpAEF7p9WCiZgWnt6HO4qe2MvuwgDKJJmY9pJErZA7M="],"block_size":4096,"path":"data/popup/browsers/whale-mac os.json"},{"block_hashes":["dz4gH5JKwdi2EOaFiy2jcEvm2gY1SmYjS2bFpHHCAjk=","be+sirHO1vr+SCNIVBo1cOqgE6f+fqHQGvm+69/wZ+4="],"block_size":4096,"path":"data/popup/browsers/whale-windows.json"},{"block_hashes":["s0pqOvZyqiL8v4RoBGwe2FByaYCIFYCc8cQbGlYxGZw=","/wDyhKKBHLPReJ3Eq0ZvFzpe7nz1W9tHo09BfA3FWUU=","TStcMzSA44W8czfZCRyzDluks0ZHj7cktfDgDVmOYic=","t81PJxqDuy0DTQTo3+q4udzRPoiPl6J10uEfxsoZtb8=","+i8cQsoHnVpBV1yWCTcefYiX68vf5JXkDfg+bH52mzE=","tvq+kb3F4aXVogOcWGNl69J81SF2S//PIJSht5EWqko=","WaSvx35fZ9keVkcUyIvtshBYtsgFZlp1E9WEuvihRfE=","IB+PvaHuRlFdoWTMZ2KR9dhZ2njROsfGuRBoMZdMWjc=","XpS3yzKw8XxXXgQ2C/zJ+5xItB4FoIYUqRJb7eebVWE=","1q2OSG4RxCna92teIOz3iyj6F/cuz5Aeq+fR3ZkcW+Q=","4X89mI09QHcf6WafvI82L1wPVJeKSj2UM/gQZjlWEVM=","Sc42CnOCtgHniyFJu6MkxM5lqjhEIIzXXclhYz6pQt0=","5Ybsbs3wcxh8sMlUkvvVBLOplyHq0lhd9s12vZ4HgLw=","5CzpVFRv/6lkBtaqxDOG7ceLLyzqNUT9OMg8PS7e4NY=","nUyrMZGnWnpqROa9CeAnhBdE0f/Mm5DxWygK9p1A2wU="],"block_size":4096,"path":"data/popup/browsers/yandex-android.json"},{"block_hashes":["yotZoUuAVfognhUq74Qn4BnoqbNfF7zQm7jgh/yG8nU="],"block_size":4096,"path":"data/popup/browsers/yandex-fedora.json"},{"block_hashes":["oNJ6DwCDBJiE2ZyHF+/rZS+OfiCIe88fGT7OR1WT0Tc="],"block_size":4096,"path":"data/popup/browsers/yandex-ios.json"},{"block_hashes":["vnltdrmNAAxIcTeqBagWSXUskFzHV1T/9DZupcLD8Pc=","nKirXmlvZgeG8wf8thghjbIsh5ce6mvDT0puZtjsZn4="],"block_size":4096,"path":"data/popup/browsers/yandex-linux.json"},{"block_hashes":["BsQmKZ9KkH0kSorGkAOWMuXpq5YiP0ZIx042iOYCzBo=","wm0Rd5xyvjUeXoanwKN+BGC0MdM544SYqu64ekSXfKs="],"block_size":4096,"path":"data/popup/browsers/yandex-mac os.json"},{"block_hashes":["czsMve+Sn91KvK8ocBxLyRn2N3N1GQLBFP0egmMm+Ik=","whBvLZrgJIAYrYwdvQim3gLG4F3sWpJPFlJJ+vwd5fI=","0+QoY1ng9TrZOBT7cfqzNW3hYILIaneFoIxwNUSXb8s=","yMCWlMxqgYipRx2J1HaMHa1ZrkMXRniyBRiq7loMjgk=","sj91HIEj9DRu2g5bq+JVGAgPFiOCKSn93jm4kgryH4s=","v6MdDOd5PWhDvbSn+oF2vRgh+DUdPIFa75p62uYsSSw=","bS+2yJ2o3bIWdKVrl+oZ+hj7nhlIxq0ork0BjNStGrY=","djSCqVMFIbnMtBTIEL3COrtHtRx81HyoZLxsoSUrocA=","u1PPxSBtPIKzYd1b6S/5ZDkgrNjRs2KIGJcBUO27DIw=","XuddunL3mI7m+65zprshdmSLHEikRq8K6SsfQoo75jo=","XOqt61pgNb/hIx1e6KPl9E/apjzDJwynhL3xfj3HZ+Q=","6qJBMko3J71Mni0CoujBpuCqivQDJletHmWyf8X/kVE=","toCZBd8oVmSliDdBAOZcz1kIBxeq8hTag0OiVDIXQuY=","K9eA81jEgCtCy0gfUurqi+BHpspdV0ln3M5LfjiG6AY=","tbX+4BZN/p+WgbEKF+eR9x9RjjxetoZzBvQWTBaQ0UM=","UCv8GZgkKa8Mcrtl9qx8+wsTgy7olm9UILEA22KeFSM=","NTO7JZ7QNIaGhyueOTPIzshFod0k/9TODwD2H5kYdZA=","WhnZ8cIszc86gSMKhTQS5Cq2ssTZu0VTy8vk/PXnVyQ=","6pPBIiKhZ53Sw88eB2ix1Olvgh3Ivlwlg9SfK6aFLrg=","pVpumYqWT6gsZd3I0hdsqwFv4f2WfH7ZvphcqEjuy7g=","hNuXHMc4Q7bmJ0HWH9uxN+pummLCRB4HE4gRDJci/vs=","wxb6DQaKbJDG4m/Nvk/rtgM4X8y6zJlBY2yW/7fEe34=","l8Gv3gJzPgxk9Jhqoc3po9rgOW4CruNAGPCeDg0dqnU="],"block_size":4096,"path":"data/popup/browsers/yandex-windows.json"},{"block_hashes":["4nr+m8cE/GLmjmBt1FIX1BJGnkC9QTBPSOgF4V2clC4=","o5o+CmeAEsG1wip/UGCE+NHBUBRwUrmsDFlf8MGLkCI="],"block_size":4096,"path":"data/popup/index.css"},{"block_hashes":["10C/he7cqnIz/3Lyv9qNrxrgAjX8tKP/iwuU56YbtXQ=","2g7EY9HkXOpWQgX4u4bWrlS+XgAZTEA4hUTEeywcg3U="],"block_size":4096,"path":"data/popup/index.html"},{"block_hashes":["tKmdxB54KF5MnloG/e2oIEZf5bNy9afo3D220ESSE3w=","vMYt0fGkQnXezg/DZUGv2RQ53ZhkXBHwM9jCYsBMKM4=","5YNeZW3OfaFfD3m6mmeKlCKKVaOgbCYnI3UFfacXxxY=","aSJxePuYkbrcBH0pcAqLBazz8KAwW9WGEYN4cf4D3XE="],"block_size":4096,"path":"data/popup/index.js"},{"block_hashes":["ubR3ed50izYnYe+E9NzJu28nEA45Ukdc3woAsdwf6OM="],"block_size":4096,"path":"data/popup/list-black.svg"},{"block_hashes":["bjkN8nN81x9+mnLATpqeNYTMqLcOSadtzYB8ZUPrQvM="],"block_size":4096,"path":"data/popup/list-white.svg"},{"block_hashes":["xB+Z+atXSJ5Bp9KAgqLsn5ni/3MJDhcD9YqGZ1LWcvg=","lBtNOKm4rFPk7TICePYmmLLr0tlNHi32d6wz4zFHvPo=","y14UedhR1eU6zzO+KMpxRR8PLNKX7ajQtNRkU3Bb3PE=","bq3JY/XDuvxGBCGr57OwMsjNOVfuGvLpXd55+4w76zQ=","ETFgw9TKVHGZwb9ca8ETJ39jJqoiKeNTldE67QC02uw=","WjlX+2LJPkFjt1o0gKDfT4PwPHVycQpM3ms3ez0lUJo=","FCSxvV1aChj5YB28tads66mAsSrNRlS7dnVZ7liapd0=","IMPr9txWlqYWts0p1NfLQnjlEadCVkDVEwUT0XTDEU8=","7Pwi7Q0Pui30wMWI0CDzcfTKN18vuz+FZHBDrE7ZuGY=","FipJ8QFzv8y6j7QOOQX4Ftbw5aUVUQcxDS1QmexqquU=","XUOs2mkU8Sytr0Pm5uvx+JLW4zg58eBOqIRzNdXIAQ4=","vT0Hb4cMeGWP+X/uElfnniagX06cHEMo/7SggO60NOs=","98tvhFmRLpGUtj9SsPtx9dKzW5zhGQxNioRChx0nMw4=","YUcLUi9z4u0aRVgs9TxXN8TxKdDXG16eQ6OyilbPYpo=","N+zF/C8S5RciAymmlMNNyyj+hblFOc+Q8owfBcvypGM=","uvV5zAB5kcc3VaMQK1vBgzAl8tZdHUS2mC5gIU8WhmI=","OcK0E2aTeqnvxaqy4eGpfLuMt7HoAMqklWuUD1i8gUs=","3aqVoBsoKEEDE9+qAsVMqy6pBeQ/4n3kkvez0ePKQQU=","ttbhmwj25W5XGRgXON+8+nAvNCl9AYlUJbIBSDIbhH8=","XpdyqX5t9uXriwUsSdYB7pG4sMDTc92avJCI4FYZfc8=","bs7KoFObFrUx57fjTWe4cCvMxGKwlXxyi1p+UYkp2bY=","lGXZpCkCIJEZm9L9vTPKHlsSGbzLQPlGc+zyF0scHd4=","zxPN3WbGyBIqKX/E4NCbGIjh6zYBQNNjLxcTCQqgkFQ=","i/vHRldNNrWnSY8U5zDEjZwf7Rxx8LLkeoCo1CVU+uk=","YIBNM3v55cHd6u3R8BizBeX3T9H+iWDLuhy5YJSQuks=","P3OBQvzq2DUFkDR/XAGyT3SdsR/p0x4Cejk5ykM7/xk=","0PvvTVLmTL4BIpv1Bgz20NhoDN/zEIclxI0rwq2KFQo=","dHWyBHKVSvY03raLcfSUp7PbBOOBPyOmlad96JfpiNw=","XGCrlBVlrB/edLrEOJWkq/fxu8EwxRFYrd1fRDIAzPA=","HotDB2kIlVs7hfPzdbmwNFyjJ/yI8AGVveQbG7JBWBU=","phvZbwPhuJ8FxyWu4hMNLzGSdTkdcEB1t5mHklfmQQA=","aswg/dOTAGWyzNETAVmH5lh2fXLSpCL6n1pp/Ta6Pw0=","DDO8/FKio9XEAEyJf2yy9wxclmJepcrsloweulBg/Fs=","kUdh2ynqwoowYvWyGke3tFApy1a9OXU9o9y2C7Zti4Q=","KxQpOXvnEYR6LErhXu7WS8iw5EWfYb9QWqYmZMSWPUg=","uQzjH9+SisdWnI8ZsM2Kd5Ws2/buUYJNt4aGCXszUb4=","/vnvEpkxp7Fg9oXv+QZ7LH0c9ajgTISr50TcYQrvmgE=","gQtGE0fBHebcH0gbblzBbFTNHkt4mlW+EgA7B7j9WMg=","zda10oTX6BlVnS48DXXUwsDkpKHG5DXT4TNsyJMeVyM=","P+zdx2ra0vwfafKx7ktIumH94up8PVQ7rpY5Dd30BXA=","khAZZtXO1XiTxciUBPutaS5FryXgwtDlcDHXDdiw08E="],"block_size":4096,"path":"data/popup/loading.gif"},{"block_hashes":["wBdP7cnapa/F60po+iTpvq/GQSHF5cH5XR62ycMYR5E=","+YG8PZPli3trpFl8C5meZH7cJzedHB7FBZSAcOKGepU="],"block_size":4096,"path":"data/popup/map.json"},{"block_hashes":["i2aWIziS2ZNzlkZgDHyB7qBbMu0WJXECGApJCzaKPQU=","5293Va2RHR9kOQ1qb/2UWupGQVSXQJAomW0/7T9e1dg="],"block_size":4096,"path":"data/popup/matched.js"},{"block_hashes":["SwE3opj+bcNZDLCYG6mDesoTiE5jsaLYAdC29yrFiRE="],"block_size":4096,"path":"data/popup/matched.json"},{"block_hashes":["KG8Q4mHC3MES6ZnJb0q140eCmz+yH+FatUBps1B4jE4="],"block_size":4096,"path":"schema.json"},{"block_hashes":["tA7UFMKZ2t8TNvJYY1qThsp/5X+eCte+WP9N5Y5AVOU=","x1SCGxquCXI2Qt9WEKBd7VUyGhqjpOzQdEFiWG4AIhw=","Eo/1XEj/ZlbCOd8q1/Ey9dwss17LfoSDytmVoUX1b2E=","Ph6VtuFCf6OvJBBwiGPOi20HGuM/xaUea8OKp/dX8NU=","5F8CZm36U+135D34+kverrXwN4onSwRJS3d6o65vD8Y="],"block_size":4096,"path":"ua-parser.min.js"}],"version":2}