[{"ua":"Mozilla/5.0 (iPhone; CPU iPhone OS 9_3_2 like Mac OS X) AppleWebKit/601.1 (KHTML, like Gecko) CriOS/51.0.2704.104 Mobile/13F69 Safari/601.1.46","browser":{"name":"Chrome","version":"51.0.2704.104","major":"51"},"engine":{"name":"WebKit","version":"601.1"},"os":{"name":"iOS","version":"9.3.2"},"device":{"vendor":"Apple","model":"iPhone","type":"mobile"},"cpu":{}},{"ua":"Mozilla/5.0 (iPhone; CPU iPhone OS 8_1_1 like Mac OS X) AppleWebKit/600.1.4 (KHTML, like Gecko) CriOS/47.0.2526.70 Mobile/12B436 Safari/600.1.4 (000410)","browser":{"name":"Chrome","version":"47.0.2526.70","major":"47"},"engine":{"name":"WebKit","version":"600.1.4"},"os":{"name":"iOS","version":"8.1.1"},"device":{"vendor":"Apple","model":"iPhone","type":"mobile"},"cpu":{}},{"ua":"Mozilla/5.0 (iPhone; CPU iPhone OS 13_3 like Mac OS X) AppleWebKit/605.1.15 (KHTML, like Gecko) CriOS/79.0.3945.73 Mobile/15E148 Safari/604.1","browser":{"name":"Chrome","version":"79.0.3945.73","major":"79"},"engine":{"name":"WebKit","version":"605.1.15"},"os":{"name":"iOS","version":"13.3"},"device":{"vendor":"Apple","model":"iPhone","type":"mobile"},"cpu":{}},{"ua":"Mozilla/5.0 (iPhone; CPU iPhone OS 12_1 like Mac OS X) AppleWebKit/605.1.15 (KHTML, like Gecko) CriOS/70.0.3538.75 Mobile/15E148 Safari/605.1","browser":{"name":"Chrome","version":"70.0.3538.75","major":"70"},"engine":{"name":"WebKit","version":"605.1.15"},"os":{"name":"iOS","version":"12.1"},"device":{"vendor":"Apple","model":"iPhone","type":"mobile"},"cpu":{}},{"ua":"Mozilla/5.0 (iPhone; CPU iPhone OS 13_1 like Mac OS X) AppleWebKit/605.1.15 (KHTML, like Gecko) CriOS/78.0.3904.84 Mobile/15E148 Safari/604.1","browser":{"name":"Chrome","version":"78.0.3904.84","major":"78"},"engine":{"name":"WebKit","version":"605.1.15"},"os":{"name":"iOS","version":"13.1"},"device":{"vendor":"Apple","model":"iPhone","type":"mobile"},"cpu":{}},{"ua":"Mozilla/5.0 (iPhone; CPU iPhone OS 12_0 like Mac OS X) AppleWebKit/605.1.15 (KHTML, like Gecko) CriOS/69.0.3497.105 Mobile/15E148 Safari/605.1","browser":{"name":"Chrome","version":"69.0.3497.105","major":"69"},"engine":{"name":"WebKit","version":"605.1.15"},"os":{"name":"iOS","version":"12.0"},"device":{"vendor":"Apple","model":"iPhone","type":"mobile"},"cpu":{}},{"ua":"Mozilla/5.0 (iPhone; CPU iPhone OS 12_0 like Mac OS X) AppleWebKit/605.1.15 (KHTML, like Gecko) CriOS/70.0.3538.75 Mobile/15E148 Safari/605.1","browser":{"name":"Chrome","version":"70.0.3538.75","major":"70"},"engine":{"name":"WebKit","version":"605.1.15"},"os":{"name":"iOS","version":"12.0"},"device":{"vendor":"Apple","model":"iPhone","type":"mobile"},"cpu":{}},{"ua":"Mozilla/5.0 (iPhone; CPU iPhone OS 11_4_1 like Mac OS X) AppleWebKit/604.1.34 (KHTML, like Gecko) CriOS/68.0.3440.83 Mobile/15G77 Safari/604.1","browser":{"name":"Chrome","version":"68.0.3440.83","major":"68"},"engine":{"name":"WebKit","version":"604.1.34"},"os":{"name":"iOS","version":"11.4.1"},"device":{"vendor":"Apple","model":"iPhone","type":"mobile"},"cpu":{}},{"ua":"Mozilla/5.0 (iPhone; CPU iPhone OS 13_3 like Mac OS X) AppleWebKit/605.1.15 (KHTML, like Gecko) CriOS/80.0.3987.95 Mobile/15E148 Safari/604.1","browser":{"name":"Chrome","version":"80.0.3987.95","major":"80"},"engine":{"name":"WebKit","version":"605.1.15"},"os":{"name":"iOS","version":"13.3"},"device":{"vendor":"Apple","model":"iPhone","type":"mobile"},"cpu":{}},{"ua":"Mozilla/5.0 (iPhone; CPU iPhone OS 11_4_1 like Mac OS X) AppleWebKit/604.1.34 (KHTML, like Gecko) CriOS/67.0.3396.87 Mobile/15G77 Safari/604.1","browser":{"name":"Chrome","version":"67.0.3396.87","major":"67"},"engine":{"name":"WebKit","version":"604.1.34"},"os":{"name":"iOS","version":"11.4.1"},"device":{"vendor":"Apple","model":"iPhone","type":"mobile"},"cpu":{}},{"ua":"Mozilla/5.0 (iPhone; CPU iPhone OS 11_4 like Mac OS X) AppleWebKit/604.1.34 (KHTML, like Gecko) CriOS/67.0.3396.87 Mobile/15F79 Safari/604.1","browser":{"name":"Chrome","version":"67.0.3396.87","major":"67"},"engine":{"name":"WebKit","version":"604.1.34"},"os":{"name":"iOS","version":"11.4"},"device":{"vendor":"Apple","model":"iPhone","type":"mobile"},"cpu":{}},{"ua":"Mozilla/5.0 (iPad; CPU OS 13_3 like Mac OS X) AppleWebKit/605.1.15 (KHTML, like Gecko) CriOS/79.0.3945.73 Mobile/15E148 Safari/604.1","browser":{"name":"Chrome","version":"79.0.3945.73","major":"79"},"engine":{"name":"WebKit","version":"605.1.15"},"os":{"name":"iOS","version":"13.3"},"device":{"vendor":"Apple","model":"iPad","type":"tablet"},"cpu":{}},{"ua":"Mozilla/5.0 (iPhone; CPU iPhone OS 13_1 like Mac OS X) AppleWebKit/605.1.15 (KHTML, like Gecko) CriOS/77.0.3865.103 Mobile/15E148 Safari/605.1","browser":{"name":"Chrome","version":"77.0.3865.103","major":"77"},"engine":{"name":"WebKit","version":"605.1.15"},"os":{"name":"iOS","version":"13.1"},"device":{"vendor":"Apple","model":"iPhone","type":"mobile"},"cpu":{}},{"ua":"Mozilla/5.0 (iPhone; CPU iPhone OS 12_3 like Mac OS X) AppleWebKit/605.1.15 (KHTML, like Gecko) CriOS/75.0.3770.103 Mobile/15E148 Safari/605.1","browser":{"name":"Chrome","version":"75.0.3770.103","major":"75"},"engine":{"name":"WebKit","version":"605.1.15"},"os":{"name":"iOS","version":"12.3"},"device":{"vendor":"Apple","model":"iPhone","type":"mobile"},"cpu":{}},{"ua":"Mozilla/5.0 (iPhone; CPU iPhone OS 13_2 like Mac OS X) AppleWebKit/605.1.15 (KHTML, like Gecko) CriOS/78.0.3904.84 Mobile/15E148 Safari/604.1","browser":{"name":"Chrome","version":"78.0.3904.84","major":"78"},"engine":{"name":"WebKit","version":"605.1.15"},"os":{"name":"iOS","version":"13.2"},"device":{"vendor":"Apple","model":"iPhone","type":"mobile"},"cpu":{}},{"ua":"Mozilla/5.0 (iPhone; CPU iPhone OS 13_3 like Mac OS X) AppleWebKit/605.1.15 (KHTML, like Gecko) CriOS/80.0.3987.95 Mobile/15E148 Safari/604.1","browser":{"name":"Chrome","version":"80.0.3987.95","major":"80"},"engine":{"name":"WebKit","version":"605.1.15"},"os":{"name":"iOS","version":"13.3"},"device":{"vendor":"Apple","model":"iPhone","type":"mobile"},"cpu":{}},{"ua":"Mozilla/5.0 (iPhone; CPU iPhone OS 9_3_2 like Mac OS X) AppleWebKit/601.1 (KHTML, like Gecko) CriOS/51.0.2704.104 Mobile/13F69 Safari/601.1.46","browser":{"name":"Chrome","version":"51.0.2704.104","major":"51"},"engine":{"name":"WebKit","version":"601.1"},"os":{"name":"iOS","version":"9.3.2"},"device":{"vendor":"Apple","model":"iPhone","type":"mobile"},"cpu":{}},{"ua":"Mozilla/5.0 (iPhone; CPU iPhone OS 13_1 like Mac OS X) AppleWebKit/605.1.15 (KHTML, like Gecko) CriOS/79.0.3945.73 Mobile/15E148 Safari/604.1","browser":{"name":"Chrome","version":"79.0.3945.73","major":"79"},"engine":{"name":"WebKit","version":"605.1.15"},"os":{"name":"iOS","version":"13.1"},"device":{"vendor":"Apple","model":"iPhone","type":"mobile"},"cpu":{}},{"ua":"Mozilla/5.0 (iPhone; CPU iPhone OS 13_1 like Mac OS X) AppleWebKit/605.1.15 (KHTML, like Gecko) CriOS/79.0.3945.73 Mobile/15E148 Safari/604.1","browser":{"name":"Chrome","version":"79.0.3945.73","major":"79"},"engine":{"name":"WebKit","version":"605.1.15"},"os":{"name":"iOS","version":"13.1"},"device":{"vendor":"Apple","model":"iPhone","type":"mobile"},"cpu":{}},{"ua":"Mozilla/5.0 (iPhone; CPU iPhone OS 14_3 like Mac OS X) AppleWebKit/605.1.15 (KHTML, like Gecko) CriOS/87.0.4280.77 Mobile/15E148 Safari/604.1","browser":{"name":"Chrome","version":"87.0.4280.77","major":"87"},"engine":{"name":"WebKit","version":"605.1.15"},"os":{"name":"iOS","version":"14.3"},"device":{"vendor":"Apple","model":"iPhone","type":"mobile"},"cpu":{}},{"ua":"Mozilla/5.0 (iPhone; CPU iPhone OS 14_4 like Mac OS X) AppleWebKit/605.1.15 (KHTML, like Gecko) CriOS/87.0.4280.163 Mobile/15E148 Safari/604.1","browser":{"name":"Chrome","version":"87.0.4280.163","major":"87"},"engine":{"name":"WebKit","version":"605.1.15"},"os":{"name":"iOS","version":"14.4"},"device":{"vendor":"Apple","model":"iPhone","type":"mobile"},"cpu":{}},{"ua":"Mozilla/5.0 (iPhone; CPU iPhone OS 14_5 like Mac OS X) AppleWebKit/605.1.15 (KHTML, like Gecko) CriOS/87.0.4280.163 Mobile/15E148 Safari/604.1","browser":{"name":"Chrome","version":"87.0.4280.163","major":"87"},"engine":{"name":"WebKit","version":"605.1.15"},"os":{"name":"iOS","version":"14.5"},"device":{"vendor":"Apple","model":"iPhone","type":"mobile"},"cpu":{}},{"ua":"Mozilla/5.0 (iPad; CPU OS 14_5 like Mac OS X) AppleWebKit/605.1.15 (KHTML, like Gecko) CriOS/87.0.4280.163 Mobile/15E148 Safari/604.1","browser":{"name":"Chrome","version":"87.0.4280.163","major":"87"},"engine":{"name":"WebKit","version":"605.1.15"},"os":{"name":"iOS","version":"14.5"},"device":{"vendor":"Apple","model":"iPad","type":"tablet"},"cpu":{}},{"ua":"Mozilla/5.0 (iPod; CPU iPhone OS 14_5 like Mac OS X) AppleWebKit/605.1.15 (KHTML, like Gecko) CriOS/87.0.4280.163 Mobile/15E148 Safari/604.1","browser":{"name":"Chrome","version":"87.0.4280.163","major":"87"},"engine":{"name":"WebKit","version":"605.1.15"},"os":{"name":"iOS","version":"14.5"},"device":{"vendor":"Apple","model":"iPod","type":"mobile"},"cpu":{}},{"ua":"Mozilla/5.0 (iPad; CPU OS 15_2 like Mac OS X) AppleWebKit/605.1.15 (KHTML, like Gecko) CriOS/98.0.4758.85 Mobile/15E148 Safari/604.1","browser":{"name":"Chrome","version":"98.0.4758.85","major":"98"},"engine":{"name":"WebKit","version":"605.1.15"},"os":{"name":"iOS","version":"15.2"},"device":{"vendor":"Apple","model":"iPad","type":"tablet"},"cpu":{}},{"ua":"Mozilla/5.0 (iPhone; CPU iPhone OS 15_3 like Mac OS X) AppleWebKit/605.1.15 (KHTML, like Gecko) CriOS/98.0.4758.85 Mobile/15E148 Safari/604.1","browser":{"name":"Chrome","version":"98.0.4758.85","major":"98"},"engine":{"name":"WebKit","version":"605.1.15"},"os":{"name":"iOS","version":"15.3"},"device":{"vendor":"Apple","model":"iPhone","type":"mobile"},"cpu":{}},{"ua":"Mozilla/5.0 (iPhone; CPU iPhone OS 14_4 like Mac OS X) AppleWebKit/605.1.15 (KHTML, like Gecko) CriOS/87.0.4280.163 Mobile/15E148 Safari/604.1","browser":{"name":"Chrome","version":"87.0.4280.163","major":"87"},"engine":{"name":"WebKit","version":"605.1.15"},"os":{"name":"iOS","version":"14.4"},"device":{"vendor":"Apple","model":"iPhone","type":"mobile"},"cpu":{}}]