[{"ua":"Mozilla/5.0 (Android 7.0; Mobile; rv:57.0) Gecko/57.0 Firefox/57.0","browser":{"name":"Firefox","version":"57.0","major":"57"},"engine":{"name":"Gecko","version":"57.0"},"os":{"name":"Android","version":"7.0"},"device":{"type":"mobile"},"cpu":{}},{"ua":"Mozilla/5.0 (Android 7.0; Mobile; rv:54.0) Gecko/54.0 Firefox/54.0","browser":{"name":"Firefox","version":"54.0","major":"54"},"engine":{"name":"Gecko","version":"54.0"},"os":{"name":"Android","version":"7.0"},"device":{"type":"mobile"},"cpu":{}},{"ua":"Mozilla/5.0 (Android; U; Android; pl; rv:1.9.2.8) Gecko/20100202 Firefox/3.5.8","browser":{"name":"Firefox","version":"3.5.8","major":"3"},"engine":{"name":"Gecko","version":"1.9.2.8"},"os":{"name":"Android"},"device":{},"cpu":{}},{"ua":"Mozilla/5.0 (Android 7.0; Mobile; rv:60.0) Gecko/60.0 Firefox/60.0","browser":{"name":"Firefox","version":"60.0","major":"60"},"engine":{"name":"Gecko","version":"60.0"},"os":{"name":"Android","version":"7.0"},"device":{"type":"mobile"},"cpu":{}},{"ua":"Mozilla/5.0 (Android 4.4.2; Mobile; rv:61.0) Gecko/61.0 Firefox/61.0","browser":{"name":"Firefox","version":"61.0","major":"61"},"engine":{"name":"Gecko","version":"61.0"},"os":{"name":"Android","version":"4.4.2"},"device":{"type":"mobile"},"cpu":{}},{"ua":"Mozilla/5.0 (Android 7.0; Mobile; rv:61.0) Gecko/61.0 Firefox/61.0","browser":{"name":"Firefox","version":"61.0","major":"61"},"engine":{"name":"Gecko","version":"61.0"},"os":{"name":"Android","version":"7.0"},"device":{"type":"mobile"},"cpu":{}},{"ua":"Mozilla/5.0 (Android 5.0.2; Mobile; rv:61.0) Gecko/61.0 Firefox/61.0","browser":{"name":"Firefox","version":"61.0","major":"61"},"engine":{"name":"Gecko","version":"61.0"},"os":{"name":"Android","version":"5.0.2"},"device":{"type":"mobile"},"cpu":{}},{"ua":"Mozilla/5.0 (Android 8.0.0; Mobile; rv:65.0) Gecko/65.0 Firefox/65.0","browser":{"name":"Firefox","version":"65.0","major":"65"},"engine":{"name":"Gecko","version":"65.0"},"os":{"name":"Android","version":"8.0.0"},"device":{"type":"mobile"},"cpu":{}},{"ua":"Mozilla/5.0 (Android 7.0; Mobile; rv:65.0) Gecko/65.0 Firefox/65.0","browser":{"name":"Firefox","version":"65.0","major":"65"},"engine":{"name":"Gecko","version":"65.0"},"os":{"name":"Android","version":"7.0"},"device":{"type":"mobile"},"cpu":{}},{"ua":"Mozilla/5.0 (Android 7.0; Mobile; rv:57.0) Gecko/57.0 Firefox/57.0 WhiteHat Security","browser":{"name":"Firefox","version":"57.0","major":"57"},"engine":{"name":"Gecko","version":"57.0"},"os":{"name":"Android","version":"7.0"},"device":{"type":"mobile"},"cpu":{}},{"ua":"Mozilla/5.0 (Android 8.1.0; Mobile; rv:65.0) Gecko/65.0 Firefox/65.0","browser":{"name":"Firefox","version":"65.0","major":"65"},"engine":{"name":"Gecko","version":"65.0"},"os":{"name":"Android","version":"8.1.0"},"device":{"type":"mobile"},"cpu":{}},{"ua":"Mozilla/5.0 (Android 9; Mobile; rv:65.0) Gecko/65.0 Firefox/65.0","browser":{"name":"Firefox","version":"65.0","major":"65"},"engine":{"name":"Gecko","version":"65.0"},"os":{"name":"Android","version":"9"},"device":{"type":"mobile"},"cpu":{}},{"ua":"Mozilla/5.0 (Android 4.4.4; Mobile; rv:64.0) Gecko/64.0 Firefox/64.0","browser":{"name":"Firefox","version":"64.0","major":"64"},"engine":{"name":"Gecko","version":"64.0"},"os":{"name":"Android","version":"4.4.4"},"device":{"type":"mobile"},"cpu":{}},{"ua":"Mozilla/5.0 (Android 6.0.1; Tablet; rv:64.0) Gecko/64.0 Firefox/64.0","browser":{"name":"Firefox","version":"64.0","major":"64"},"engine":{"name":"Gecko","version":"64.0"},"os":{"name":"Android","version":"6.0.1"},"device":{"type":"tablet"},"cpu":{}},{"ua":"Mozilla/5.0 (Android 6.0; Mobile; rv:65.0) Gecko/65.0 Firefox/65.0","browser":{"name":"Firefox","version":"65.0","major":"65"},"engine":{"name":"Gecko","version":"65.0"},"os":{"name":"Android","version":"6.0"},"device":{"type":"mobile"},"cpu":{}},{"ua":"Mozilla/5.0 (Android 7.1.2; Tablet; rv:65.0) Gecko/65.0 Firefox/65.0","browser":{"name":"Firefox","version":"65.0","major":"65"},"engine":{"name":"Gecko","version":"65.0"},"os":{"name":"Android","version":"7.1.2"},"device":{"type":"tablet"},"cpu":{}},{"ua":"Mozilla/5.0 (Android 5.1.1; Tablet; rv:66.0) Gecko/66.0 Firefox/66.0","browser":{"name":"Firefox","version":"66.0","major":"66"},"engine":{"name":"Gecko","version":"66.0"},"os":{"name":"Android","version":"5.1.1"},"device":{"type":"tablet"},"cpu":{}},{"ua":"Mozilla/5.0 (Android 8.0.0; Mobile; rv:66.0) Gecko/66.0 Firefox/66.0","browser":{"name":"Firefox","version":"66.0","major":"66"},"engine":{"name":"Gecko","version":"66.0"},"os":{"name":"Android","version":"8.0.0"},"device":{"type":"mobile"},"cpu":{}},{"ua":"Mozilla/5.0 (Android 8.1.0; Mobile; rv:66.0) Gecko/66.0 Firefox/66.0","browser":{"name":"Firefox","version":"66.0","major":"66"},"engine":{"name":"Gecko","version":"66.0"},"os":{"name":"Android","version":"8.1.0"},"device":{"type":"mobile"},"cpu":{}},{"ua":"Mozilla/5.0 (Android 5.1.1; Mobile; rv:66.0) Gecko/66.0 Firefox/66.0","browser":{"name":"Firefox","version":"66.0","major":"66"},"engine":{"name":"Gecko","version":"66.0"},"os":{"name":"Android","version":"5.1.1"},"device":{"type":"mobile"},"cpu":{}},{"ua":"Mozilla/5.0 (Android 9; Mobile; rv:67.0) Gecko/67.0 Firefox/67.0","browser":{"name":"Firefox","version":"67.0","major":"67"},"engine":{"name":"Gecko","version":"67.0"},"os":{"name":"Android","version":"9"},"device":{"type":"mobile"},"cpu":{}},{"ua":"Mozilla/5.0 (Android 8.0.0; Tablet; rv:66.0) Gecko/66.0 Firefox/66.0","browser":{"name":"Firefox","version":"66.0","major":"66"},"engine":{"name":"Gecko","version":"66.0"},"os":{"name":"Android","version":"8.0.0"},"device":{"type":"tablet"},"cpu":{}},{"ua":"Mozilla/5.0 (Android 8.1.0; Tablet; rv:66.0) Gecko/66.0 Firefox/66.0","browser":{"name":"Firefox","version":"66.0","major":"66"},"engine":{"name":"Gecko","version":"66.0"},"os":{"name":"Android","version":"8.1.0"},"device":{"type":"tablet"},"cpu":{}},{"ua":"Mozilla/5.0 (Android 5.1.1; Tablet; rv:66.0) Gecko/66.0 Firefox/66.0","browser":{"name":"Firefox","version":"66.0","major":"66"},"engine":{"name":"Gecko","version":"66.0"},"os":{"name":"Android","version":"5.1.1"},"device":{"type":"tablet"},"cpu":{}},{"ua":"Mozilla/5.0 (Android 9; Tablet; rv:67.0) Gecko/67.0 Firefox/67.0","browser":{"name":"Firefox","version":"67.0","major":"67"},"engine":{"name":"Gecko","version":"67.0"},"os":{"name":"Android","version":"9"},"device":{"type":"tablet"},"cpu":{}},{"ua":"Mozilla/5.0 (Android 8.0.0; Mobile; rv:67.0) Gecko/67.0 Firefox/67.0","browser":{"name":"Firefox","version":"67.0","major":"67"},"engine":{"name":"Gecko","version":"67.0"},"os":{"name":"Android","version":"8.0.0"},"device":{"type":"mobile"},"cpu":{}},{"ua":"Mozilla/5.0 (Android 6.0.1; Mobile; rv:67.0) Gecko/67.0 Firefox/67.0","browser":{"name":"Firefox","version":"67.0","major":"67"},"engine":{"name":"Gecko","version":"67.0"},"os":{"name":"Android","version":"6.0.1"},"device":{"type":"mobile"},"cpu":{}},{"ua":"Mozilla/5.0 (Android 9; Mobile; rv:67.0) Gecko/67.0 Firefox/67.0","browser":{"name":"Firefox","version":"67.0","major":"67"},"engine":{"name":"Gecko","version":"67.0"},"os":{"name":"Android","version":"9"},"device":{"type":"mobile"},"cpu":{}},{"ua":"Mozilla/5.0 (Android 7.1.1; Tablet; rv:67.0) Gecko/67.0 Firefox/67.0","browser":{"name":"Firefox","version":"67.0","major":"67"},"engine":{"name":"Gecko","version":"67.0"},"os":{"name":"Android","version":"7.1.1"},"device":{"type":"tablet"},"cpu":{}},{"ua":"Mozilla/5.0 (Android 9; Mobile; rv:67.0.3) Gecko/67.0.3 Firefox/67.0.3","browser":{"name":"Firefox","version":"67.0.3","major":"67"},"engine":{"name":"Gecko","version":"67.0.3"},"os":{"name":"Android","version":"9"},"device":{"type":"mobile"},"cpu":{}},{"ua":"Mozilla/5.0 (Android 8.1.0; Mobile; rv:67.0) Gecko/67.0 Firefox/67.0","browser":{"name":"Firefox","version":"67.0","major":"67"},"engine":{"name":"Gecko","version":"67.0"},"os":{"name":"Android","version":"8.1.0"},"device":{"type":"mobile"},"cpu":{}},{"ua":"Mozilla/5.0 (Android 6.0; Mobile; rv:67.0) Gecko/67.0 Firefox/67.0","browser":{"name":"Firefox","version":"67.0","major":"67"},"engine":{"name":"Gecko","version":"67.0"},"os":{"name":"Android","version":"6.0"},"device":{"type":"mobile"},"cpu":{}},{"ua":"Mozilla/5.0 (Android 9; Mobile; rv:68.0) Gecko/68.0 Firefox/68.0","browser":{"name":"Firefox","version":"68.0","major":"68"},"engine":{"name":"Gecko","version":"68.0"},"os":{"name":"Android","version":"9"},"device":{"type":"mobile"},"cpu":{}},{"ua":"Mozilla/5.0 (Android 6.0; Mobile; rv:68.0) Gecko/20100101 Firefox/68.0","browser":{"name":"Firefox","version":"68.0","major":"68"},"engine":{"name":"Gecko","version":"68.0"},"os":{"name":"Android","version":"6.0"},"device":{"type":"mobile"},"cpu":{}},{"ua":"Mozilla/5.0 (Android 10; Mobile; rv:68.0) Gecko/68.0 Firefox/68.0","browser":{"name":"Firefox","version":"68.0","major":"68"},"engine":{"name":"Gecko","version":"68.0"},"os":{"name":"Android","version":"10"},"device":{"type":"mobile"},"cpu":{}},{"ua":"Mozilla/5.0 (Android 9; Mobile; rv:68.6.0) Gecko/68.6.0 Firefox/68.6.0","browser":{"name":"Firefox","version":"68.6.0","major":"68"},"engine":{"name":"Gecko","version":"68.6.0"},"os":{"name":"Android","version":"9"},"device":{"type":"mobile"},"cpu":{}},{"ua":"Mozilla/5.0 (Android 9; Mobile; rv:68.0) Gecko/68.0 Firefox/68.0","browser":{"name":"Firefox","version":"68.0","major":"68"},"engine":{"name":"Gecko","version":"68.0"},"os":{"name":"Android","version":"9"},"device":{"type":"mobile"},"cpu":{}},{"ua":"Mozilla/5.0 (Android 8.0.0; Mobile; rv:68.0) Gecko/68.0 Firefox/68.0","browser":{"name":"Firefox","version":"68.0","major":"68"},"engine":{"name":"Gecko","version":"68.0"},"os":{"name":"Android","version":"8.0.0"},"device":{"type":"mobile"},"cpu":{}},{"ua":"Mozilla/5.0 (Android 7.1.2; Mobile; rv:68.4.2) Gecko/68.4.2 Firefox/68.4.2","browser":{"name":"Firefox","version":"68.4.2","major":"68"},"engine":{"name":"Gecko","version":"68.4.2"},"os":{"name":"Android","version":"7.1.2"},"device":{"type":"mobile"},"cpu":{}},{"ua":"Mozilla/5.0 (Android 9; Mobile; rv:68.0) Gecko/68.0 Firefox/68.0","browser":{"name":"Firefox","version":"68.0","major":"68"},"engine":{"name":"Gecko","version":"68.0"},"os":{"name":"Android","version":"9"},"device":{"type":"mobile"},"cpu":{}},{"ua":"Mozilla/5.0 (Android 7.0; Mobile; rv:68.0) Gecko/68.0 Firefox/68.0","browser":{"name":"Firefox","version":"68.0","major":"68"},"engine":{"name":"Gecko","version":"68.0"},"os":{"name":"Android","version":"7.0"},"device":{"type":"mobile"},"cpu":{}},{"ua":"Mozilla/5.0 (Android 10; Mobile; rv:68.0) Gecko/68.0 Firefox/68.0","browser":{"name":"Firefox","version":"68.0","major":"68"},"engine":{"name":"Gecko","version":"68.0"},"os":{"name":"Android","version":"10"},"device":{"type":"mobile"},"cpu":{}},{"ua":"Mozilla/5.0 (Android 10; Mobile; rv:68.0) Gecko/68.0 Firefox/68.0","browser":{"name":"Firefox","version":"68.0","major":"68"},"engine":{"name":"Gecko","version":"68.0"},"os":{"name":"Android","version":"10"},"device":{"type":"mobile"},"cpu":{}},{"ua":"Mozilla/5.0 (Android 5.0.1; Tablet; rv:68.0) Gecko/68.0 Firefox/68.0","browser":{"name":"Firefox","version":"68.0","major":"68"},"engine":{"name":"Gecko","version":"68.0"},"os":{"name":"Android","version":"5.0.1"},"device":{"type":"tablet"},"cpu":{}},{"ua":"Mozilla/5.0 (Android 9; Mobile; rv:68.0) Gecko/68.0 Firefox/68.0","browser":{"name":"Firefox","version":"68.0","major":"68"},"engine":{"name":"Gecko","version":"68.0"},"os":{"name":"Android","version":"9"},"device":{"type":"mobile"},"cpu":{}},{"ua":"Mozilla/5.0 (Android 9; Mobile; rv:68.0) Gecko/68.0 Firefox/68.0","browser":{"name":"Firefox","version":"68.0","major":"68"},"engine":{"name":"Gecko","version":"68.0"},"os":{"name":"Android","version":"9"},"device":{"type":"mobile"},"cpu":{}},{"ua":"Mozilla/5.0 (Android 6.0; Mobile; rv:68.0) Gecko/68.0 Firefox/68.0","browser":{"name":"Firefox","version":"68.0","major":"68"},"engine":{"name":"Gecko","version":"68.0"},"os":{"name":"Android","version":"6.0"},"device":{"type":"mobile"},"cpu":{}},{"ua":"Mozilla/5.0 (Android 6.0; Mobile; rv:68.0) Gecko/20100101 Firefox/68.0","browser":{"name":"Firefox","version":"68.0","major":"68"},"engine":{"name":"Gecko","version":"68.0"},"os":{"name":"Android","version":"6.0"},"device":{"type":"mobile"},"cpu":{}},{"ua":"Mozilla/5.0 (Android 5.0.1; Tablet; rv:68.0) Gecko/68.0 Firefox/68.0","browser":{"name":"Firefox","version":"68.0","major":"68"},"engine":{"name":"Gecko","version":"68.0"},"os":{"name":"Android","version":"5.0.1"},"device":{"type":"tablet"},"cpu":{}},{"ua":"Mozilla/5.0 (Android 9; Mobile; rv:68.0) Gecko/68.0 Firefox/68.0","browser":{"name":"Firefox","version":"68.0","major":"68"},"engine":{"name":"Gecko","version":"68.0"},"os":{"name":"Android","version":"9"},"device":{"type":"mobile"},"cpu":{}},{"ua":"Mozilla/5.0 (Android 7.0; Mobile; rv:68.0) Gecko/68.0 Firefox/68.0","browser":{"name":"Firefox","version":"68.0","major":"68"},"engine":{"name":"Gecko","version":"68.0"},"os":{"name":"Android","version":"7.0"},"device":{"type":"mobile"},"cpu":{}},{"ua":"Mozilla/5.0 (Android 7.0; Tablet; rv:68.0) Gecko/68.0 Firefox/68.0","browser":{"name":"Firefox","version":"68.0","major":"68"},"engine":{"name":"Gecko","version":"68.0"},"os":{"name":"Android","version":"7.0"},"device":{"type":"tablet"},"cpu":{}},{"ua":"Mozilla/5.0 (Android 8.1.0; Mobile; rv:62.0) Gecko/62.0 Firefox/62.0","browser":{"name":"Firefox","version":"62.0","major":"62"},"engine":{"name":"Gecko","version":"62.0"},"os":{"name":"Android","version":"8.1.0"},"device":{"type":"mobile"},"cpu":{}},{"ua":"Mozilla/5.0 (Android 10; Mobile; rv:68.0) Gecko/68.0 Firefox/68.0","browser":{"name":"Firefox","version":"68.0","major":"68"},"engine":{"name":"Gecko","version":"68.0"},"os":{"name":"Android","version":"10"},"device":{"type":"mobile"},"cpu":{}},{"ua":"Mozilla/5.0 (Android 9; Tablet; rv:68.0) Gecko/68.0 Firefox/68.0","browser":{"name":"Firefox","version":"68.0","major":"68"},"engine":{"name":"Gecko","version":"68.0"},"os":{"name":"Android","version":"9"},"device":{"type":"tablet"},"cpu":{}},{"ua":"Mozilla/5.0 (Android 5.1; Mobile; rv:60.0) Gecko/60.0 Firefox/60.0","browser":{"name":"Firefox","version":"60.0","major":"60"},"engine":{"name":"Gecko","version":"60.0"},"os":{"name":"Android","version":"5.1"},"device":{"type":"mobile"},"cpu":{}},{"ua":"Mozilla/5.0 (Android 8.1.0; Mobile; rv:68.0) Gecko/68.0 Firefox/68.0","browser":{"name":"Firefox","version":"68.0","major":"68"},"engine":{"name":"Gecko","version":"68.0"},"os":{"name":"Android","version":"8.1.0"},"device":{"type":"mobile"},"cpu":{}},{"ua":"Mozilla/5.0 (Android 8.0.0; Mobile; rv:68.0) Gecko/68.0 Firefox/68.0","browser":{"name":"Firefox","version":"68.0","major":"68"},"engine":{"name":"Gecko","version":"68.0"},"os":{"name":"Android","version":"8.0.0"},"device":{"type":"mobile"},"cpu":{}},{"ua":"Mozilla/5.0 (Android 6.0.1; Mobile; rv:68.0) Gecko/68.0 Firefox/68.0","browser":{"name":"Firefox","version":"68.0","major":"68"},"engine":{"name":"Gecko","version":"68.0"},"os":{"name":"Android","version":"6.0.1"},"device":{"type":"mobile"},"cpu":{}},{"ua":"Mozilla/5.0 (Android 7.1.2; Mobile; rv:68.4.2) Gecko/68.4.2 Firefox/68.4.2","browser":{"name":"Firefox","version":"68.4.2","major":"68"},"engine":{"name":"Gecko","version":"68.4.2"},"os":{"name":"Android","version":"7.1.2"},"device":{"type":"mobile"},"cpu":{}},{"ua":"Mozilla/5.0 (Android 8.0.0; Tablet; rv:68.0) Gecko/68.0 Firefox/68.0","browser":{"name":"Firefox","version":"68.0","major":"68"},"engine":{"name":"Gecko","version":"68.0"},"os":{"name":"Android","version":"8.0.0"},"device":{"type":"tablet"},"cpu":{}},{"ua":"Mozilla/5.0 (Android 7.1.2; Mobile; rv:68.0) Gecko/68.0 Firefox/68.0","browser":{"name":"Firefox","version":"68.0","major":"68"},"engine":{"name":"Gecko","version":"68.0"},"os":{"name":"Android","version":"7.1.2"},"device":{"type":"mobile"},"cpu":{}},{"ua":"Mozilla/5.0 (Android 8.1.0; Tablet; rv:68.0) Gecko/68.0 Firefox/68.0","browser":{"name":"Firefox","version":"68.0","major":"68"},"engine":{"name":"Gecko","version":"68.0"},"os":{"name":"Android","version":"8.1.0"},"device":{"type":"tablet"},"cpu":{}},{"ua":"Mozilla/5.0 (Android 5.1.1; Tablet; rv:68.0) Gecko/68.0 Firefox/68.0","browser":{"name":"Firefox","version":"68.0","major":"68"},"engine":{"name":"Gecko","version":"68.0"},"os":{"name":"Android","version":"5.1.1"},"device":{"type":"tablet"},"cpu":{}},{"ua":"Mozilla/5.0 (Android 8.1.0; Mobile; rv:61.0) Gecko/61.0 Firefox/61.0","browser":{"name":"Firefox","version":"61.0","major":"61"},"engine":{"name":"Gecko","version":"61.0"},"os":{"name":"Android","version":"8.1.0"},"device":{"type":"mobile"},"cpu":{}},{"ua":"Mozilla/5.0 (Android 7.1.1; Mobile; rv:68.0) Gecko/68.0 Firefox/68.0","browser":{"name":"Firefox","version":"68.0","major":"68"},"engine":{"name":"Gecko","version":"68.0"},"os":{"name":"Android","version":"7.1.1"},"device":{"type":"mobile"},"cpu":{}},{"ua":"Mozilla/5.0 (Android 5.1.1; Mobile; rv:68.0) Gecko/68.0 Firefox/68.0","browser":{"name":"Firefox","version":"68.0","major":"68"},"engine":{"name":"Gecko","version":"68.0"},"os":{"name":"Android","version":"5.1.1"},"device":{"type":"mobile"},"cpu":{}},{"ua":"Mozilla/5.0 (Android 10; Mobile; rv:68.0) Gecko/68.0 Firefox/68.0","browser":{"name":"Firefox","version":"68.0","major":"68"},"engine":{"name":"Gecko","version":"68.0"},"os":{"name":"Android","version":"10"},"device":{"type":"mobile"},"cpu":{}},{"ua":"Mozilla/5.0 (Android 10; Mobile; rv:79.0) Gecko/79.0 Firefox/79.0","browser":{"name":"Firefox","version":"79.0","major":"79"},"engine":{"name":"Gecko","version":"79.0"},"os":{"name":"Android","version":"10"},"device":{"type":"mobile"},"cpu":{}},{"ua":"Mozilla/5.0 (Android 4.4.4; Tablet; rv:68.0) Gecko/68.0 Firefox/68.0","browser":{"name":"Firefox","version":"68.0","major":"68"},"engine":{"name":"Gecko","version":"68.0"},"os":{"name":"Android","version":"4.4.4"},"device":{"type":"tablet"},"cpu":{}},{"ua":"Mozilla/5.0 (Android 10; Mobile; rv:78.0) Gecko/78.0 Firefox/78.0","browser":{"name":"Firefox","version":"78.0","major":"78"},"engine":{"name":"Gecko","version":"78.0"},"os":{"name":"Android","version":"10"},"device":{"type":"mobile"},"cpu":{}},{"ua":"Mozilla/5.0 (Android 9; Mobile; rv:68.0) Gecko/68.0 Firefox/68.0","browser":{"name":"Firefox","version":"68.0","major":"68"},"engine":{"name":"Gecko","version":"68.0"},"os":{"name":"Android","version":"9"},"device":{"type":"mobile"},"cpu":{}},{"ua":"Mozilla/5.0 (Android 10; Mobile; rv:68.0) Gecko/68.0 Firefox/68.0","browser":{"name":"Firefox","version":"68.0","major":"68"},"engine":{"name":"Gecko","version":"68.0"},"os":{"name":"Android","version":"10"},"device":{"type":"mobile"},"cpu":{}},{"ua":"Mozilla/5.0 (Android 8.0.0; Mobile; rv:68.0) Gecko/68.0 Firefox/68.0","browser":{"name":"Firefox","version":"68.0","major":"68"},"engine":{"name":"Gecko","version":"68.0"},"os":{"name":"Android","version":"8.0.0"},"device":{"type":"mobile"},"cpu":{}},{"ua":"Mozilla/5.0 (Android 10; Mobile; rv:84.0) Gecko/84.0 Firefox/84.0","browser":{"name":"Firefox","version":"84.0","major":"84"},"engine":{"name":"Gecko","version":"84.0"},"os":{"name":"Android","version":"10"},"device":{"type":"mobile"},"cpu":{}},{"ua":"Mozilla/5.0 (Android; Mobile) Gecko/68.0 Firefox/68.0 QwantMobile/3.5","browser":{"name":"Firefox","version":"68.0","major":"68"},"engine":{},"os":{"name":"Android"},"device":{"type":"mobile"},"cpu":{}},{"ua":"Mozilla/5.0 (Mobile; LYF/F220B/LYF-F220B-003-01-45-051119;Android; rv:48.0) Gecko/48.0 Firefox/48.0 KAIOS/2.5","browser":{"name":"Firefox","version":"48.0","major":"48"},"engine":{"name":"Gecko","version":"48.0"},"os":{"name":"Android"},"device":{"type":"mobile"},"cpu":{}},{"ua":"Mozilla/5.0 (Android 7.0; Mobile; rv:68.0) Gecko/68.0 Firefox/68.0","browser":{"name":"Firefox","version":"68.0","major":"68"},"engine":{"name":"Gecko","version":"68.0"},"os":{"name":"Android","version":"7.0"},"device":{"type":"mobile"},"cpu":{}},{"ua":"Mozilla/5.0 (Android 10; Mobile; rv:84.0) Gecko/84.0 Firefox/84.0","browser":{"name":"Firefox","version":"84.0","major":"84"},"engine":{"name":"Gecko","version":"84.0"},"os":{"name":"Android","version":"10"},"device":{"type":"mobile"},"cpu":{}},{"ua":"Mozilla/5.0 (Android 11; Mobile; rv:85.0) Gecko/85.0 Firefox/85.0","browser":{"name":"Firefox","version":"85.0","major":"85"},"engine":{"name":"Gecko","version":"85.0"},"os":{"name":"Android","version":"11"},"device":{"type":"mobile"},"cpu":{}},{"ua":"Mozilla/5.0 (Android 11; Mobile; rv:88.0) Gecko/88.0 Firefox/88.0","browser":{"name":"Firefox","version":"88.0","major":"88"},"engine":{"name":"Gecko","version":"88.0"},"os":{"name":"Android","version":"11"},"device":{"type":"mobile"},"cpu":{}},{"ua":"Mozilla/5.0 (Android 11; Mobile; rv:87.0) Gecko/87.0 Firefox/87.0","browser":{"name":"Firefox","version":"87.0","major":"87"},"engine":{"name":"Gecko","version":"87.0"},"os":{"name":"Android","version":"11"},"device":{"type":"mobile"},"cpu":{}},{"ua":"Mozilla/5.0 (Android 8.1.0; Mobile; rv:67.0) Gecko/67.0 Firefox/67.0","browser":{"name":"Firefox","version":"67.0","major":"67"},"engine":{"name":"Gecko","version":"67.0"},"os":{"name":"Android","version":"8.1.0"},"device":{"type":"mobile"},"cpu":{}},{"ua":"Mozilla/5.0 (Android 11; Mobile; rv:83.0) Gecko/83.0 Firefox/83.0","browser":{"name":"Firefox","version":"83.0","major":"83"},"engine":{"name":"Gecko","version":"83.0"},"os":{"name":"Android","version":"11"},"device":{"type":"mobile"},"cpu":{}},{"ua":"Mozilla/5.0 (Android 11; Mobile; rv:68.0) Gecko/68.0 Firefox/88.0","browser":{"name":"Firefox","version":"88.0","major":"88"},"engine":{"name":"Gecko","version":"68.0"},"os":{"name":"Android","version":"11"},"device":{"type":"mobile"},"cpu":{}},{"ua":"Mozilla/5.0 (Android 11; Mobile; LG-M255; rv:88.0) Gecko/88.0 Firefox/88.0","browser":{"name":"Firefox","version":"88.0","major":"88"},"engine":{"name":"Gecko","version":"88.0"},"os":{"name":"Android","version":"11"},"device":{"vendor":"LG","model":"M255","type":"mobile"},"cpu":{}},{"ua":"Mozilla/5.0 (Android 10; Mobile; rv:84.0) Gecko/84.0 Firefox/84.0","browser":{"name":"Firefox","version":"84.0","major":"84"},"engine":{"name":"Gecko","version":"84.0"},"os":{"name":"Android","version":"10"},"device":{"type":"mobile"},"cpu":{}},{"ua":"Mozilla/5.0 (Android 12; Mobile; rv:97.0) Gecko/97.0 Firefox/97.0","browser":{"name":"Firefox","version":"97.0","major":"97"},"engine":{"name":"Gecko","version":"97.0"},"os":{"name":"Android","version":"12"},"device":{"type":"mobile"},"cpu":{}},{"ua":"Mozilla/5.0 (Android 11; Mobile; rv:68.0) Gecko/68.0 Firefox/68.0","browser":{"name":"Firefox","version":"68.0","major":"68"},"engine":{"name":"Gecko","version":"68.0"},"os":{"name":"Android","version":"11"},"device":{"type":"mobile"},"cpu":{}},{"ua":"Mozilla/5.0 (Android 11; Tablet; rv:83.0) Gecko/83.0 Firefox/83.0","browser":{"name":"Firefox","version":"83.0","major":"83"},"engine":{"name":"Gecko","version":"83.0"},"os":{"name":"Android","version":"11"},"device":{"type":"tablet"},"cpu":{}},{"ua":"Mozilla/5.0 (Android 9; Mobile; rv:68.0) Gecko/68.0 Firefox/68.0","browser":{"name":"Firefox","version":"68.0","major":"68"},"engine":{"name":"Gecko","version":"68.0"},"os":{"name":"Android","version":"9"},"device":{"type":"mobile"},"cpu":{}},{"ua":"Mozilla/5.0 (Android 11; Mobile; rv:68.0) Gecko/68.0 Firefox/88.0","browser":{"name":"Firefox","version":"88.0","major":"88"},"engine":{"name":"Gecko","version":"68.0"},"os":{"name":"Android","version":"11"},"device":{"type":"mobile"},"cpu":{}},{"ua":"Mozilla/5.0 (Android 11; Mobile; rv:68.0) Gecko/68.0 Firefox/68.0","browser":{"name":"Firefox","version":"68.0","major":"68"},"engine":{"name":"Gecko","version":"68.0"},"os":{"name":"Android","version":"11"},"device":{"type":"mobile"},"cpu":{}},{"ua":"Mozilla/5.0 (Android 10; Mobile; rv:91.0) Gecko/91.0 Firefox/91.0","browser":{"name":"Firefox","version":"91.0","major":"91"},"engine":{"name":"Gecko","version":"91.0"},"os":{"name":"Android","version":"10"},"device":{"type":"mobile"},"cpu":{}},{"ua":"Mozilla/5.0 (Android 12; Mobile; rv:102.0) Gecko/102.0 Firefox/102.0","browser":{"name":"Firefox","version":"102.0","major":"102"},"engine":{"name":"Gecko","version":"102.0"},"os":{"name":"Android","version":"12"},"device":{"type":"mobile"},"cpu":{}},{"ua":"Mozilla/5.0 (Android 10; Mobile; rv:102.0) Gecko/102.0 Firefox/102.0","browser":{"name":"Firefox","version":"102.0","major":"102"},"engine":{"name":"Gecko","version":"102.0"},"os":{"name":"Android","version":"10"},"device":{"type":"mobile"},"cpu":{}},{"ua":"Mozilla/5.0 (Android 13; Mobile; rv:109.0) Gecko/114.0 Firefox/114.0","browser":{"name":"Firefox","version":"114.0","major":"114"},"engine":{"name":"Gecko","version":"109.0"},"os":{"name":"Android","version":"13"},"device":{"type":"mobile"},"cpu":{}},{"ua":"Mozilla/5.0 (Android 10; Mobile; rv:108.0) Gecko/108.0 Firefox/108.0","browser":{"name":"Firefox","version":"108.0","major":"108"},"engine":{"name":"Gecko","version":"108.0"},"os":{"name":"Android","version":"10"},"device":{"type":"mobile"},"cpu":{}}]