{"file_hashes":[{"block_hashes":["3/WJdjeKNu5m9Z2xa5IOQ4BMvSf0omC1i3JH7Bx91l8=","ppbOR8FbRd3bZj6dDRq23q46RZ4IHGZ3yYPyes225L0=","2EW7xWGQekaKlaAhpNZIP7qERySmqVIEpoGuRExSBAo=","grwgeGzLKZVrtjc3p6FnwO8qMFOZZBu+0boJOP/XaGA=","Ke3l3I+8BRpX2QIFr9abCLskkKudCik8rMV+MIBe8RE=","wI4K0iL1YW1VEAXGARPkwpXSFkOVnu/+hOH3NrFGHX4=","FDOaFkWbOI07HnzniMMYjcc0yQWsbSWcKrbCgOBUa5g=","Uo0t7G8yRbBwuvyqrNmXmAVlgSlhkRqP4kICXg3OmIs=","wPYZQUHFQXNMAw0o3EKHTGm1xCstoV7njtdxDqndPf4="],"block_size":4096,"path":"browser-polyfill.js"},{"block_hashes":["hLYPwqCwteCY8BPtib1UcH3w4rdqqm58XmxHLwZ0m5E=","C6v29AYiYylyqjfnbuk7a+Tep1tO7Ts62Za8d/nnDfw=","QjGmhB7wQ6fvhgMVAkNONJb/hwtie0ntY4ug8mq5kck=","yxwnk6wZCX17zSU+4YOAzx9U3jN0neNHxH/+IawG40U=","nQ7Em9pmasHJnMHupwB2kTaWxc/MqDh0TQO+2lnglBQ=","Id6rqJHCSnXMaonyaBuCHJeToa6s1288354bSg9qfFE="],"block_size":4096,"path":"clearurls.js"},{"block_hashes":["n2YwUSZvYRGn7Xg250azSagkRLl3gGH9WSvJ8KAvkfM="],"block_size":4096,"path":"core_js/badgedHandler.js"},{"block_hashes":["5F0A0cmG+KzvaWOMrLS4a3zgg4gzcXca6g805k7U7xI="],"block_size":4096,"path":"core_js/cleaning_tool.js"},{"block_hashes":["SMaQsHrqep/40+sPTAR/P9l13Eq57cAZiQG1X01KBww="],"block_size":4096,"path":"core_js/context_menu.js"},{"block_hashes":["KIJtxA52ZhqrwlTaPI1vKZomRLLKtD2EfzUump04yQ4="],"block_size":4096,"path":"core_js/eTagFilter.js"},{"block_hashes":["aFQhPcBRxZg6BY8r18g96+r947fZ3S2J07D9oaof1SA="],"block_size":4096,"path":"core_js/google_link_fix.js"},{"block_hashes":["Z2k+g5UIApVeEUX7OoNfowOmQuKcq2PbtJoiIJrRrxI="],"block_size":4096,"path":"core_js/historyListener.js"},{"block_hashes":["cLGaXExbqhY9DwRswyPphqp5EP6i1AeDx5aGPo43T7g=","PNEHdahhOiDrmRsGL6gQip/UJyiR2Z/TDXQfvC2yB7M="],"block_size":4096,"path":"core_js/log.js"},{"block_hashes":["/lOHK9WlGJeIPQQw2qSZT2G8f33Vbo3WTjoykyUF4wU="],"block_size":4096,"path":"core_js/message_handler.js"},{"block_hashes":["a2797U3QAASJzEwY7MoqxjcCcOqqvfF39X+kMgt3xe4=","n7nbbfe1XYlr0MuOzBWQTC6B9w1rJQZFIl6BsZ+UGI8=","1uKD2VGR2aCOl7B2VWSyeTpw3q9kOeVT8YyKrKPhb+Q="],"block_size":4096,"path":"core_js/popup.js"},{"block_hashes":["MzNzmPVjSKS7Edi0VBZo8aYEZmAykxgDTMpE50CpK+0="],"block_size":4096,"path":"core_js/pureCleaning.js"},{"block_hashes":["+t9B1AqdV9AxLo+uotlyU1jAEfAYq2yivz9IuStsils=","rQPIInRi8VVnW3+n4ciqIi0J5BBY0060sXoCaNQaBhA=","wwpTzljf5D5y2WVJbAG2TeyhIuZvr8FDTkcW4mDQ0gE="],"block_size":4096,"path":"core_js/settings.js"},{"block_hashes":["cr8u31jL4ibVbMn/KSvOWDPJwn3YJQuoPgDPxUqtuLo="],"block_size":4096,"path":"core_js/siteBlockedAlert.js"},{"block_hashes":["9zvXV0IssiVt0gRYSMuwqMunGkGeiSFK+KItXuOPSEQ=","Ip9AlkzJi0i+ifEWgOoFOTJLjCGA0HwPcp6V+KiMIEg=","OUWlVwsy2BUoUPltJM7EkUyLYGUJavKLPY+MeYivHo0="],"block_size":4096,"path":"core_js/storage.js"},{"block_hashes":["fkup1JvzZvI8aGI2u9pfl7Imw4Ob3Yih92fh6VeUEeo=","FWYKf4vGKEeKci8mJXlhNk3ObXE5CHJjWNxUQs6iiiQ=","e7WXthp2daACWRaPV6Z52Uigft8dwyERFgSHLiIfhr4="],"block_size":4096,"path":"core_js/tools.js"},{"block_hashes":["tAOISIho4AxSdbbQN7o6Rte2bDokqowD4L7rlIAv/dM="],"block_size":4096,"path":"core_js/utils/Multimap.d.ts"},{"block_hashes":["JTmVDFo/jHZMJwBrmEmZaWhFIfID1z6HExltJQldU60="],"block_size":4096,"path":"core_js/utils/Multimap.js"},{"block_hashes":["EJrXmi02Q8jCuOgPva3La0LsIZHKExRhDKIUcacLy8s="],"block_size":4096,"path":"core_js/utils/URLHashParams.d.ts"},{"block_hashes":["mekexv9d+Kr+SRfzLtpfzvB45qG34jDqObIAX3yFkc8="],"block_size":4096,"path":"core_js/utils/URLHashParams.js"},{"block_hashes":["bWFcjs2sNVYP4IMCYY7SF48iHLIpiOXX3voXtfYr7ag="],"block_size":4096,"path":"core_js/watchdog.js"},{"block_hashes":["Ks283kS0SAlJz02AH/QZpwe5jrx870rsZJuHxVFhKk8="],"block_size":4096,"path":"core_js/write_version.js"},{"block_hashes":["0hSQsuhhgWbQsmKK4ZgzKWLN3e1DXtP/CLwzp1xhrpA="],"block_size":4096,"path":"core_js/yandex_link_fix.js"},{"block_hashes":["d2x94e2s05lMvmJj7zRqXOWb7PPGYh5+5iRZyDYxLj4=","A4jiTHhwfMUeG5mndKnAaoQTa77r8hwHz0LZlyt79mo=","qt02YCjW5QYy4v6h88YZSpFvGq8l7psWKDG5Ysw2cZ0=","wwjfDdM4cfgeQB6U3WnK1yYCcxsn3hjx40LxM48WPAc=","mJednHMjb3ieq0n0QDlH8YooFLGMjsRbC6Rm/Pv+NUM=","ydv9jsGt9SCG09oBKIWjMP7LEdXoBcPOE7Nii9O/Pog=","hxI7kP61MYrBdevDESjgfdqpQ1gUn7m//G5nY8FqQ8w=","lGQVVBUVZb82tnDZqBQ6H+1/Ecvklvu64uDxXdRvU70=","nMhZv3PR+paiSOHhr5MDja/biaHzids5PZYSbWINS9k=","PkrR7BmyvP28PTHlFpLbGyJKYUFxwhtFXqCpWj/ujvQ=","yTKuRT+q+hwT26XNUt4ygr5kPcVh6QRSlrqUI0S0BV8=","8xeRzk2hqryMR4ro3QfnuG7AQrx22GxYMOfzjKnUrRc=","phqJryKzGnTG6JqhjsCEgqhB++YY6IURedu/+59YV/M=","xrC+iVlz4kRZfN9MIkhRNoarlKcoPQ/GaVlbyAW5ChY=","mA/8R7Xb9OTrmeAUpi7WPOvDawysY7CI7NZmQVw2BiI=","48d6rRkPLir7edoj1S2lbAlvSOaWgtsqq6lBD+Menw4=","71kpVgsvijXCj4Yn/lbrFfCtxWDHoG7Gf5ZBfcEV81w=","nc8zbDLD2evSHisNDhYIMOvVzsv4ATV14A7kqaMhoAQ=","YQxPkNogx3fq58EQSNG/zyHM6OFMR4jYZ/4sXu+NpOE=","fiwiZMW4Ts4S4oEUMYEox/CvIj0mCoDBb6V4vefwU4E=","Qy8V8Zk4iGCqOWr/EigLIHhKlAUTa6jPaWAX9kantuo=","NgXciIY/DxHSVIzAbClJE/NwWkfVlv4NgYYRdQTpHKs=","toaVzjMlWk6wonUvFQc1g0jVH9mz78lM7tIRXo/upQQ=","zcf+S6GhuffF7v2wJZM5PTu+TVB2NlQWmab6vaKugxY=","vLAJPA/qy522kj0xkrh89PA9xUbxW8NsZW1964tj0gc=","FXS3EcxKJKnOFT2jlIJJgfID3CalB+w5J5p+whlQv5A=","dzkQYZIloeek9viOSnZemyjJb1dc9V9F6fTa/i4EYbs=","nu3CwKgYPuGz4I79kH9GCqQdK1xf2xGU6aJACYrNHFk=","4VX8wobU6GA9Ec0eGqeAs2B7tG2zDL3hs92+3VXzFVM=","jWAplJFyFk4nq03R0pHe5/VlcXOb6/0M5wukhEstQMQ=","APKwBNSlilYjRTaB9cn0oKKM2nU9iWcR+0gzsf2DusE=","QpUjCHUoEn/b2pthqZTJVID3gqEsMihZjy32oT+bOdg=","yIK672AWgTnge63oFhRsZPro/Xxn0uH3zp4bcvw6RfI=","a3RpXdXe/Uc+WbD3wqiokbS77zuQhOar65xBoPOzjlc=","H3p+Ujur1ux1H+uQY+R+KLEKxIexenO5eQdbNJg4ACA=","0pYZY99t54+vOSZebO01O81zEkxmKdviKZz5HOHntF8=","rH0vs04Obw8cxSV2MDYWWhskTXAjz2CP09OlnYEZtbo=","CI4Euz4QV696stlT7N13maErG2mSC/80GPWVzmhDiuk=","9u6hFOvek9QRK0CmGR2dAW5g3WvuEVOcqusdCTGW9Pg="],"block_size":4096,"path":"css/bootstrap.min.css"},{"block_hashes":["QfHASEGFOtUQ/RDvS9bRSRWLsdhmsNR/PpGYeWTBcBw="],"block_size":4096,"path":"css/core.css"},{"block_hashes":["y8iVgtUOrxDZLzz2dvDHO6zIf7ps2qdmBvjPcgZFDHg=","eEiqDDb7dFlxIeasa0yuGfCaoe7u1tWKIUD/n7OyFwQ="],"block_size":4096,"path":"css/datatables.min.css"},{"block_hashes":["bqXEpMXvXmP/LHNT/lBbLiZLnOZeRhIsdBw7tS1VVs4=","lYh1DBAb6jaGt/4zYxWWtA+NLefzUh2RgU0BUiVJDUw=","wY70ECyTAw+1eJtShmsVoC4CV4A86HylZp20Bap/oqA="],"block_size":4096,"path":"css/pickr.nano.min.css"},{"block_hashes":["xKENjImo8cMHkeT38WCkCQNViboS5nJA0yis8/TdRL8="],"block_size":4096,"path":"css/switchButtons.css"},{"block_hashes":["hlWaEZ7iBUV1BmE/Ct3unlDKt4JqxArxBoE18M9o558=","tNy/pXRi7khN7Oxm+TnLmpABV/qsNh9yVvWPh6W6jLI=","ZjmRvR9kxzMA1ESLNMtRV2XiLnVhar84rn9KMP4qfNg=","g/G3qBqFLBTg6b+ZfXnq0oaDN6Fo7u8r0PGChVQfi9o=","24nFQuIqsKbJJ87+vx0k4ClyK2pw2hWYnr8SAiXxM7g=","QZHmhUSdHRhx6piVQNEd6ubC0hKcDZlTq3L9lfJWlOE=","wQ4UuqA/R1iKrMPtGkjlJFFbdMtAl0NQLDhU+TEfBDc=","oSsvg4OpqigIMANBZwgmJXwIEV9a3Rbfekcb00K6Msg=","3DgGf8dFEoisIb34Rsqq4mERMih3xz6byfQ5njWpZ8I=","odjdcPa5nBDUPajMD0ECAnq5BathMDAf7QL3mNXR8vU=","p8Gxh2x/QgdyU5CaXMR3C2P11EVXHYas9HDafd9EvcI=","ruzUt9OKDIDs9KULWCtek2pG7DBU0Tj8ygCkWNBU3/E=","882YljJ26+DFlbGiek0VX9C8ZXbRjKWB+nZzoGvUyfQ=","0XtsIy7Gek33ar7r0x17FXaG9RaHuu/WuS7P722LBjE=","v2QH5k8Bv2ibJH6yrNQq/qDy3aX0X6Tmw+nQvJiLFU4=","Q4JqiWgtfQoEsq/mN1zrYfdMJDLcE5LPRgyz2di5esI=","jfzM6ZHjbkvFWlvBOcxkVErFP5gO2/R6quB4zQh/SXI=","Xus1IrDZZ5CjrdtjhmBLcd5zA5RvgzGEsgmV5udTcI0=","wt5SXLmCvLBjJs7PgqA1H2Mjy3lr9pV9iNQEpcMVMgw=","w4p3nNclk3XhHi1vJ/kiPd63GQnUAbq3nwOqoLsAyNg=","p3pFPgIhTYAXManNJy45ZZz5xLzDTj/VmcHzTAj4QTA=","baHPe6PLCDV1pduhXVOF29ZSffMoV4IvQd+M5XGfflQ=","lB7xcMLAQS2gE+blkwGPtCXDhLUCxIw/yJLDua5XWAk=","Nnj7xSwfSM7sOliaKINVOrcN4d9brI3QHrJfWs8q84A="],"block_size":4096,"path":"external_js/bootstrap-colorpicker.min.js"},{"block_hashes":["95U49RthtrFP5Au8QA5ZmWY5IwOgO90Fi+FM8hYAh2o=","eEuqi8ezH/dDTG0EkghP04WzWDatomWYnq3RKoguJnA=","9VpRi6s84V0PDJle16MV9etA1qhfR/oiR7R3gvQimm8=","Zqit4wPOU/U+AinH1Bld3j3AjxzQU3ATqw+uzEPqw8E=","sqvjFbs1a6/Slu56KqDgpRQZMwXFcB33hwvwoDv0V4I=","39gOtaZQ/Egry01pO0Awvm/1F/FSFo8zFNFOSuqx79o=","dGIY/c3qv2nygK1Ev64AzH9L8B/CqYCqGMb4herbU/M=","RDS0nEJGPZ2kP+SGG8PGBZfgUbalCJijFOcRo9YDJfA=","Qj5/1St6bK8bg8VugDYa2gd/jQRlU8zEJwBnBJoTh9s=","uOi6CBcg6REbz2rsmU+jTs7Lzfd6iFqAHnwBTH+1FFo=","4fdlxa9ULMBlQ/k1obDLWH6MdVoEbIKy9Yj+nyp8Sg8=","72EJrtCaXsRaLLgsslrI6lNaejioSm5wZ/a0//eda3A=","IyqiI1dFdxzeftZdd6Uhlsd7diftq0Taj//UIaQuduA=","C786BROdVumlmYJHJZlx5ypdk+Ux7MlFbkvUKF0iisw=","NhEwV2TwUP7qi8XKPy8gXcgL8sOkSH0VMJTBKvGyKGI="],"block_size":4096,"path":"external_js/bootstrap.min.js"},{"block_hashes":["Nw3PY3DdBCVwdy2fRI1tMclPPCO993gPF8qGUMi1zYA="],"block_size":4096,"path":"external_js/clipboard-helper.js"},{"block_hashes":["n5VtHvLU6bGYq+e3YtzcIDIK+58chjCsEalZ5h1PvOg=","4/jfH1ZHfrBe2/uQ964B4L86vX6kJ3Y9DmcuEE5Fnik=","2GxsaVl/RFzCwqKP4rYpHvQUMHJaiPS+qRDFd8hinIY="],"block_size":4096,"path":"external_js/dataTables/i18n/README"},{"block_hashes":["MOxrF0DHrnOSUV+nfbld/TmdcBtv2rIfzG4lTeLG1GM="],"block_size":4096,"path":"external_js/dataTables/i18n/af.lang"},{"block_hashes":["F8jcD3YLwLQZr9qptseF2LhhxKjSrlCyop3w+jN68tw="],"block_size":4096,"path":"external_js/dataTables/i18n/am.lang"},{"block_hashes":["oXUphd5352nlNk6v6Sk5B8PwLdML/VQxRfBkAMHYHVA="],"block_size":4096,"path":"external_js/dataTables/i18n/ar.lang"},{"block_hashes":["s32jLuYrECTxnrpOlvIqTEkp2m6ettS2DSCNvP861pY="],"block_size":4096,"path":"external_js/dataTables/i18n/be.lang"},{"block_hashes":["GsRRcb5Plg1qKcrXPV38z2h3VFxqzZlVdS2XfvH4yI8="],"block_size":4096,"path":"external_js/dataTables/i18n/bg.lang"},{"block_hashes":["YVACPI3QlizCkUAIcyMnl+WSBdHwMm+fTTUl5mGn3dk="],"block_size":4096,"path":"external_js/dataTables/i18n/ca.lang"},{"block_hashes":["dvFYshVHlugfebK4DMa6ezOdFBKthYwLeAw/ugWUeF0="],"block_size":4096,"path":"external_js/dataTables/i18n/cs.lang"},{"block_hashes":["0hbbdJVUMa0AbuZTxyKireUkPpYDYcRa+CGNU/Pl7p0="],"block_size":4096,"path":"external_js/dataTables/i18n/cy.lang"},{"block_hashes":["HSOw0pHNA0xBf4hjKUibKisQRuQQh40spbVlEhj9DIo="],"block_size":4096,"path":"external_js/dataTables/i18n/da.lang"},{"block_hashes":["y9T0scWJ3Try68yznwKWBhwPTYxoQf60d1u+M7ljrk0="],"block_size":4096,"path":"external_js/dataTables/i18n/de.lang"},{"block_hashes":["ws1nI8ibue/fdrXeq5qmAOOCfvBOmgf0shEhm/7sl88="],"block_size":4096,"path":"external_js/dataTables/i18n/el.lang"},{"block_hashes":["6ZyGbuajGWoay4Qa/da7k072r7I/5+KMtwy88JQuTNs="],"block_size":4096,"path":"external_js/dataTables/i18n/en.lang"},{"block_hashes":["nG90iN1kFTSUbWlnGXXwsaycRDARyCP2BU15ewp2akE="],"block_size":4096,"path":"external_js/dataTables/i18n/es.lang"},{"block_hashes":["EkfTyVCsME/41S42Qnc7YxNhUUGE/CnsmqngfF6Hdcs="],"block_size":4096,"path":"external_js/dataTables/i18n/et.lang"},{"block_hashes":["9JwOhGXaF2CGbFOU550TX25VtDSVnb9d32K575nFaFc="],"block_size":4096,"path":"external_js/dataTables/i18n/eu.lang"},{"block_hashes":["uLyKgdKXALTGMhdToTX0t0TDG3hjF2Z+kgSVRoA9uV8="],"block_size":4096,"path":"external_js/dataTables/i18n/fa.lang"},{"block_hashes":["mB8HIrk5XuI0MgJLAdirWDLmsQ+/yW4qiueflvoAENQ="],"block_size":4096,"path":"external_js/dataTables/i18n/fi.lang"},{"block_hashes":["ldU5GE+VNLLJHlG+uEl1HNb9SVzmbcSrSrmulJuJAKk="],"block_size":4096,"path":"external_js/dataTables/i18n/fr.lang"},{"block_hashes":["kdmNoVj5nicvNoX+pnMdIHn/pM13w4T1mU2vSTaGeTQ="],"block_size":4096,"path":"external_js/dataTables/i18n/gl.lang"},{"block_hashes":["DkclfLM55S1apqxYTtralC9X4kdle7d8wJY28fpnnqE="],"block_size":4096,"path":"external_js/dataTables/i18n/gu.lang"},{"block_hashes":["Z4Q5CaKt3bjyXXTZJGKsNUDKv4Kq1QwW5kyr/JviBGY="],"block_size":4096,"path":"external_js/dataTables/i18n/he.lang"},{"block_hashes":["kvVixxdbLyy6ak3k2853Ua71vyyFg6yMmYZIN0rwwfQ="],"block_size":4096,"path":"external_js/dataTables/i18n/hi.lang"},{"block_hashes":["9f7Fii3R4AplKjwHiPmsEh68NHvntZgFxwlsCPa9TgA="],"block_size":4096,"path":"external_js/dataTables/i18n/hr.lang"},{"block_hashes":["xnKri1AllYpTBS0WXwj6JJmzvHOWVsGfbSZdYSo9lw0="],"block_size":4096,"path":"external_js/dataTables/i18n/hu.lang"},{"block_hashes":["r+7U9ZQerbtC/qRLoUt9GEDenusPvzTdorNwSWjgsYE="],"block_size":4096,"path":"external_js/dataTables/i18n/hy.lang"},{"block_hashes":["E57aEyGMhdQJkxF3vH8ghMckMncSXtxF7/hkffc/QxQ="],"block_size":4096,"path":"external_js/dataTables/i18n/id.lang"},{"block_hashes":["F4/UOJfvSUdBmQRuOu0j+ddc/fAVXKVxPD5LrYOK8Gg="],"block_size":4096,"path":"external_js/dataTables/i18n/is.lang"},{"block_hashes":["GqT9tUf50Z530WVr5RBFQVAF5lKvQbv+G3sqTCTBarU="],"block_size":4096,"path":"external_js/dataTables/i18n/it.lang"},{"block_hashes":["GrnYL73Z7arf6zDCNHt+cLWsWyoGSaP6Wn+fqK14heA="],"block_size":4096,"path":"external_js/dataTables/i18n/ja.lang"},{"block_hashes":["Fn4AssHgLnxRi81lA3ZD8hWtMVYJx4Mo0GT1U5ykWfY="],"block_size":4096,"path":"external_js/dataTables/i18n/ka.lang"},{"block_hashes":["Un4DPl/HGNRTq0p4PycUO2ACpy7WndwVB0Svy5QoHBQ="],"block_size":4096,"path":"external_js/dataTables/i18n/kk.lang"},{"block_hashes":["KeW88uFBrSxez65/DfOwole5QlnKFZk28hNbOc4p7hA="],"block_size":4096,"path":"external_js/dataTables/i18n/ko.lang"},{"block_hashes":["dEHdS9UbILF1ZXVZEJCi2GKLP6r6YKGedCNZ3WqNp54="],"block_size":4096,"path":"external_js/dataTables/i18n/lt.lang"},{"block_hashes":["hOIOHC2yQ6HkYA3RKDX3b3WxWIlvi9wr9+YUE4GuZn4="],"block_size":4096,"path":"external_js/dataTables/i18n/lv.lang"},{"block_hashes":["gr3nPuumQVFBew+GXmnZdOrrfOB9FVgwvKj2j55/W9k="],"block_size":4096,"path":"external_js/dataTables/i18n/mn.lang"},{"block_hashes":["qvCXi49y0dt983L6KaAcg+C2CGtZ1aHsjqtbiUSQ2gI="],"block_size":4096,"path":"external_js/dataTables/i18n/ms.lang"},{"block_hashes":["7YPwFnvELphMKBDAOAxP4S1dL9UT8wxT8jmwSyUsn9U="],"block_size":4096,"path":"external_js/dataTables/i18n/nb.lang"},{"block_hashes":["oKEXTlzQ4qa6EV58W0p8Xhm5zVZUPDATBmR85N6d8is="],"block_size":4096,"path":"external_js/dataTables/i18n/ne.lang"},{"block_hashes":["5Is8nP5je/EoR4dmBM/QFhqzPWm5BNxTKvdA20WdffY="],"block_size":4096,"path":"external_js/dataTables/i18n/nl.lang"},{"block_hashes":["yPO3YAQBrWu99Q4GE6rZ4DZjM9A905gq6Y+LSaauNro="],"block_size":4096,"path":"external_js/dataTables/i18n/nn.lang"},{"block_hashes":["w8DmEk0mJLTT9JweZvD68nMHWDWeY1xcZ5egtFhWW+E="],"block_size":4096,"path":"external_js/dataTables/i18n/pl.lang"},{"block_hashes":["5ZdNrSwP7HpHvgFgPpOJo3Z59kthRsjUEuaMLaM/mDs="],"block_size":4096,"path":"external_js/dataTables/i18n/pt.lang"},{"block_hashes":["+89ncOAKHuGDHNp/Xl4MWiFll2lfSYKrGvDJm0yQrfI="],"block_size":4096,"path":"external_js/dataTables/i18n/ro.lang"},{"block_hashes":["uoEar2Y6H006YQ9wjycfvPVw95EBAwH8Izc93GP+Tdk="],"block_size":4096,"path":"external_js/dataTables/i18n/ru.lang"},{"block_hashes":["ZnJQKvxmsp+Q8GSob4K0ivj0PRcNz4BGKyJc6uZ6U4E="],"block_size":4096,"path":"external_js/dataTables/i18n/si.lang"},{"block_hashes":["cAxV/389mws4HSctMjn08GjvcdwcxWsJ8+lpo8rXJws="],"block_size":4096,"path":"external_js/dataTables/i18n/sk.lang"},{"block_hashes":["hp4Ac7itn8TCGf2ojecIAAX2NEk9WnYiaKLG6LFNXEY="],"block_size":4096,"path":"external_js/dataTables/i18n/sl.lang"},{"block_hashes":["9SMFW7anLPr6rVfh42J/BwI23qCiZHSo1gyPEd16T0Q="],"block_size":4096,"path":"external_js/dataTables/i18n/sq.lang"},{"block_hashes":["kfEDzdkoes8z9M05qyDR2UGpgtSyGOLvQQzQGeyoRqg="],"block_size":4096,"path":"external_js/dataTables/i18n/sr.lang"},{"block_hashes":["8p0MFdi3bOMrGTjNvQ5vhC+8NB/HyBrVDj8eze+tiH8="],"block_size":4096,"path":"external_js/dataTables/i18n/sv.lang"},{"block_hashes":["5QtsrJWsk7260YmZQzTgtOrF2mqF87vv+QlDfO5z080="],"block_size":4096,"path":"external_js/dataTables/i18n/sw.lang"},{"block_hashes":["fZDL43+0ZdLuMDsegq8/zY1XdHl+dXVM/A7kzjgD99g="],"block_size":4096,"path":"external_js/dataTables/i18n/ta.lang"},{"block_hashes":["L5b3sVpJdvL/Cn34F9JAdk7chCNrHI8wDzY5cnIi8hI="],"block_size":4096,"path":"external_js/dataTables/i18n/te.lang"},{"block_hashes":["jOtZFk2eScDH587Sz+RUYTV28WnhN7WnENZJzPNksrE="],"block_size":4096,"path":"external_js/dataTables/i18n/th.lang"},{"block_hashes":["3xCSjyCKtpI2d6iiLhJ64xJjr7JbCoVf4NZRwTVvsHI="],"block_size":4096,"path":"external_js/dataTables/i18n/tr.lang"},{"block_hashes":["A71ZbJSv6iD8jpXh7AK3ru0uTFuah89WkvND+70iTX4="],"block_size":4096,"path":"external_js/dataTables/i18n/uk.lang"},{"block_hashes":["gQOCeSkZ6yVGvMBvklTPXJmd99sytBPrxZIc8BIqnII="],"block_size":4096,"path":"external_js/dataTables/i18n/ur.lang"},{"block_hashes":["Mju3Vkn9YO3ZDU9JlhQ1Kpl30p5xrZwxVAOzOOgMJ3M="],"block_size":4096,"path":"external_js/dataTables/i18n/uz.lang"},{"block_hashes":["cOSqXoTrATAiuvm5dguKkWOeN6aCoKH0yJKfW2GTl4I="],"block_size":4096,"path":"external_js/dataTables/i18n/vi.lang"},{"block_hashes":["tEl4cWwUHpmh7y/sU6nRYlSdG5fSJU98V2cufJS/V6M="],"block_size":4096,"path":"external_js/dataTables/i18n/zh.lang"},{"block_hashes":["q8NFBM1ek320nIummxtbqntbMa2NiUmgyjehoMghrzU=","J8tQds9Au77Hs0mDj7Id3P4rsQDck7bb+1N0SW013lQ=","2swK+y4hWd33Zwe0jSOMny+nExOp9IK9BG2s4JeoN+8=","rAks96uh+VmDQoP80wT1vqLZLgVL+MmE3QnrETGVGBg=","jPBgR4SCCv4QSdUwEQV73PZz2jYnsG0DGBDJPFEZLJk=","nXQM4KgPabLITfq3/UmuDB5X/+XhJghjOq37DTBZPzU=","JucPFhlYYiRROudaloPnJbbKdjbme2JyEJQY1x9xr0c=","FotxJrVF28mIUlipsxBCeJOi/L5yOVkFZlvP3Qa3LJg=","I/sLu4Kr5ORUIvDz7OClxsdGrd+0QFfnxKqj/h0pItE=","tIm1VNX0lLQdVsRI9rfPk/tJT3cpf8ClBtnayn7E6so=","oK3dFqoA8NCEbBS9OS+cZBl6eFuBCk49HeluElUDWU4=","ZLEmTpwrm3TSzpNJqtnRXW9fBvWeDjASAkRuIo4qyiU=","2YLaD9w89dqaFNgy48yB9Es3+tfK4W4Tz2eVo6n7uI0=","YaYxumGMS9kUxLQHWAh3h2n7wx5sWKTgXmG3fqdMJQQ=","2syF9EAGQHl+KvaajLBhVl4E5n9zCwo1sh2dmYRo7lQ=","kEIuxorQh3rMc4+7OckcvGCM85R19vd4asLSiqOB5N8=","6oY3CvQIPuypKthByp+t7HMP6a4H7k7FqX+V4zWit40=","Hh8NJCGbZz4pRPsC2B7Ru19P3X47W5z7+PzVyKKZ+rQ=","t6OB4EVXXLdJKHyQxn0lZkaRGB9nLQINp+wAlleJFo0=","BK5NqjA2Kbvk0/UfTH7igehveDlWRCaxWupJl4/zNgw=","N+Jn+hk45s+vmO1OuWDXKZ914LKoN1PlY1WjzDB6w04=","7eikWcqlfkZnZyLhlEiUjGmgBD4UQuKOHMMsLTvbrls="],"block_size":4096,"path":"external_js/datatables.min.js"},{"block_hashes":["oNS90AQABy7eGTwLK/2EHSkLjMdrL3v26raA8ctD9ZE=","20DM/ZDfrWP0O0e61YApAA+DlBI8gjxNwHZ1W0b/EgM=","MU5S7yy8vsSLBVKUV5cfco89h7YI6DI2HSWiCs2qoKI=","dQXuwS1yUyHhnJLg3tsoouAMCgkUG/B9qGLOZaiSVHU=","2KAZRkw11IFSdSQ7FtxV3J15aZulKy3Kg9ZgeEIkxiQ=","hxeBQaQC2vKBw8s9M3AWuCYdXlAlonie3niQgPAEd8k=","iQURaGZGAvHiK7ZksV9UULR50pZqFpsfDqg4UycV+eM=","L+G1WXCWwLihQ5rgfIR3DJ1tf40T/NSJwf+kf8SdFn8=","DI2W1Dkq8axUhhFgVcUizNh1mAeWg2DNMOJL69nKWCA=","dubdAhT3vVpmn5LqfPsQ6soIrbEVC0+6IlpsiF2i/zw=","e/An+MGCkOvFvhzA7fLggyXWP1YmDpjJaoYpRTuuZvM=","sASh0P2ZpomUlxLDJY7WgoDr1YfKbCxSBXDjh1audRQ=","kZarLNnU51dVdGmEZbhHPN+g+GMUvezCSpauAalNZC8=","8Y9UgGmUPpnBz0A33FcP8u/BRk9Spee4Szl6zzT8mu8=","5JcQlqF1+j+q9tJdLIWdmBPQQcbnbH3Fg8L4/1I6G+0=","Lcx176NtqP5RxhZEbcpvdLaXnPgVdWjEG8GwNGab4Pk=","MMuHIaFrU85Gm0aQxhJi6b/RTcWFz/rkeq4yBwNwJxI=","FIghr18JAsztaJuTJzfWyFvt30ZHDDG1Ydz70ZL5WDs=","8IW5YQtkvFFm9t91A8MxVNdHVhuNGAKMoXmhHfUREZQ=","rXgBeSpdOoZ2jjkuXrfnnztcNAWDndFm2AN0BKceL4A=","U5ybBx+jUt0zKc63dxVcw32KBinMj6I0mmqr/LrhNgo=","woDPxDJUAkopFjWnbI9G0kSaqKmYTHBijfGms9A734w=","u311YObafuiKYP6T8EVm5SjmZMCIItQV3VBWGSnWPnI=","QV0512XdCuwJjQ3QjWsoFkEVTS/umYVr0aXe91WAYHE=","kF6sx1zA3Y64AxEwaUFo6obba8XmFcLEzTV4AH7TDyQ=","Gae7qLUcRkyvcjNaHPsek8YVnueC/TJjCyIQYKGB9Zg=","N+//bjug4Pd74Sb1Emg+ARltrYJ8mGkhjDwBtOlp9VA=","jYKcryhQmC8MMNz+8E9wbRY+j5yTB7ntH7ixHHVTg+U=","ByWufAroQEjpj7rZlgmmn0I0QHMIl/Kknfy+c+gol0U=","i1WlJugp7iSuaejIh4RGLZ3ibl+T/J7zOFoVIDD9WtQ=","5s8AZu6a12sEMdOeYRoCyzhzK6eEPx242is3cwZjuWU=","WOILR1DWx+WwR3IHScslGHDA2E5i3k3Cp5i+kIrmLTQ=","2EBKILSDeC/iAoqlyYXePcMTx0srh4YDad6qbLjZLVg=","EKQySYu4KL3FOuUjk1y40HRg1MqHmUQe06OpiqeqcM8=","0y16xqQfqW+f/4Bs74871AnnRzwUJJ2TP2oapG9+BNs=","wcXiT0kIz9AXIvUkGjKt9z+X7f80qEYoYJifgvTiM1s=","a0vBxI3ynLLPtqYKnUjQwoL43rjAc3Yk3q26HBJ7ytI=","u1QvPTWqqzsYiVsx3tU/rBvpnZPCpVuwBKQPg54Qnjc=","c01xVP2MCJRJuC3vKgi64cbEC0O3xhA0NaSOwyEU7NE=","Is5wa3BIbQbeI4HkuH9nprNGSlwVZkWExSttqRH4mEs=","sfE5iGjyIpz6NGTY2oYPuZw7WClmU08VYn0IM6mCUOY=","2oumxXNGLBrrUk9QmsKu9gHLhRTjmvs2ilNKRki4xk8=","UZT8ykwBmY3r3gBR0VE4yYudKIjTByNxLnyOo5ERlM8=","ov5J7CHWpCngLSMN29SqkyYlLCH5gaBR9tnUpEk3gEE=","hfA7BDv60cVV15ngpEzu+73WUuZLv7YNfTvwZm//Rec=","nL6ZfTkQ8rGYF7pSEDoY/ddbtNbbhUoKCeUBSR76cLo=","u1GVrCuA2crpjIh+6bQWJeYRWKxcfciq06IquAipsvQ=","QEq+vNj///q7iOQxJF+nRRuQM1eF8CnV5w+iBlMFamc=","LCL/gi/6nJfF0SfnaeVX0Nh79w18GhIJn+fxt+HphSA=","EF7cFhcF4dkwWe3uv+LFeWaKBm2qeaxH/VbRwddcLDU=","72836MXowjDE8+c2BNL/Xf0XW6Snm5s8QH1xdo0tTXk=","gVcJaAXVlXkYcstLDn+LiOfey8IbyrcJNabgisjo/ng=","LvOQeKJTllV5sqHFDLD550npYIxqQHmHpFMIe5/mjfc=","u7opsPuXvHDmu9RjV16xyn/1onuDofLNyqfDpOhvuyU=","5HozWloEbdDXPTICnfyifcwjTZWOQMlxRrmr1SOvzWg=","8kqCUeeQ3yZS9hWJFzd1KkhaU58/pXWqHB98sDgpDTQ=","e12KqRlGVtug2H7mA6ux4KaUKuQZgFPNVZkbYKLUDiE=","/v22YTOsePQAuWz4YJqlh+edyMCNk+tN3cm9XTjmWSg=","Yg0yJohZnDajBLfWtJqbNO7jicn3ggD8ZxkkNeRpdE8=","V/WcVvpAL3uK1FeFy0jFBXAi3UnwovSkB411e2HITXI=","gPoAnew3B+/2JR6cdZe4gxMgKKIoOWLOld/zx5s4yIA=","HQ2nPVqfZS1+D2Otq/MP1jKvdvbMd9bdOCGKAgLS5es=","B9yFpo/oXow28hOfIYe1haoLaamrIqPec8Ha3kg3S6Y=","SDvMKbr69vWQyWG3nium6z5rNq8nL/nmcBJFiBCFZMs=","b2HYDTMmW3DLXxxNo1g3t42r6xxoosxeHBJPcvs8UcI=","tq2be4Pts9MKVZdKxQQJAFhRK2yWmZ9IAqkpJlpK4ms=","vFMehirFQVlH01nZV686wljSc2yf+2nzPPPYbu6wh9E=","v1J77minNnG5z53IVoNpwqNITBaL0hFfVl/4KugzSwM=","ID0OpK9B7wRIujCRdeBZV5FKaSycpsPtaXdq6apcxiA=","E53e1lgYtM6OrsmId2QN0o5L7mtuh2z92359MpF9Yz0=","Tk9QeOm3wr+uBpB3/FI3Q6k7KykFGhzp+rMUXJ/pUSQ=","m7Y97JDxCwRqwKHz5anCI8Wxgwhh6PQgb+Rb4W9FPwo=","MSVQHrktXwymyMamj+VGz0kQEBOFB+DFPlf3Brn3S88=","VudrbV9ubmx7qYm2HtoZgMtCc4O+n+Cd4Y+zWiw48Cc=","xCjTySQZaJ7fLnaW5exhIzAyVNN47ovoN5FU5t38How=","CfkCgmOpfAvkgq0GTl+JkAKYNAnaFKxBd/e9Y0bl90c=","lCrHSbEUShXXZLbthmwgCXExozKTV373/2PlOuwMUqQ=","iYc3GZaP6LIQiWGh8BSWTA69ZBGdt/rRhdrRNLzA4ug=","ys+KPkMNE+Q4+JTHtrEbeiqY9bpFWbgcQhOD6fGAiDk=","l5mA7D3vULZ/dnf/uF3IKNdkw2iBt4i6sbx1K9vyzwc=","YktvLH3HFmJoK69KIkp2hb7WqjD0fEIRMoDwePrfk84=","Qyn2EelgupfTr+BHg0wZQS8EkvwdT//KIMggRKe4KJw=","tHtdXipLb4cuJ58temGmqsDFHIq/dH7n8G/VhtmsnP8=","swWHE5/rUtBQ6uGg3erbA5NIzoA9qpmxO7JcaWJQcUM=","PVDoltP8GzJ0LvttAF0aAX7McfHLXntmMQSjK9iwyVo=","iI0+y9DDokm3Zm8W1CWA2vucZnzAvHYGiCVF7luo8YE=","HgYQr8Ej71iBYFfzOvFdMEjXElap6luUnSa0a6lLLP0=","w8aCE0n98Bjppvjk8KP6JgIfnbc0ncNulSNs+PnUvEY=","5c1PSL7rWaIvyxdAFWZcsABAEo/D2mDM8IkQIMV5vW4=","QibJZBTrXA7rwFdfiydWqiTdZ3CEJAU6Ls73ydU4M1M=","05x47nb9pCrFQBOXsgfx29LDp6i6xSRN1jBzbhb6lss=","7tfQPZWvJ92ZuccgTAbHRc0eUwSWmdo70aGG40AzRk0=","lF1bUzqYt0mD0L14Jnhm90aGpBuvi6J2SciF/OW5Pc0=","tfH44L1dPCLjauTNV+okY245OwJtc/HQVHvnOpD7k2U=","xWxUj+q9xvReulX5ytVYyYtrh97ikSLUg65WmsVYuuQ=","2a6/v97LHLKTDtgTmXp8cN3aTdw0yCb9bYHriVolhQ4=","HlItmCVpBWAjuxWl6TxY+y7crfOxuMvJin4boZMTSXg=","Cxla8W6Lld9bEtnap50IVr4hU9L5yleus/j0kUrNAV8=","3MDXoGEd6VEVCOjZ38K0gXryhh8kz2TSbCe8XUbL4CI=","qq6g4wxSinJ7C2Ri4iHqnLDY81HMoczuXbILthmCTXw=","pqAmAjtfRngGz265eJk6cfWYKKjkUIFk6fQUrXQBOpE=","+5e00jTTefODvz4/pN4ZmsICqV0K/CogpNZpeuC3jpo=","i4T/0axecWRohii64O22F/90IiGBEccnU1awIpvvaWc=","aquiXYtV4E0c1K4JzbgT0HohAx9oUhhpXoLqAUMFhfI=","We6At7b9Z08TloTTcFGlBUWrK0agFT7JJnvmD2JdFPA=","ycVN82woUZkOG54b4Unkyiwp9Eiv5bZAdojWIOJzRyg=","W+Zdni7l+SZ2h4JNiGpRAiGeuvWN1khj7a+B61xRhLY=","9/PHyWQ8TJEFUIJQRgNixMHH5No5YsJ9waFj6xh8Xi8=","lRpuexiW/z2LVu5ajisuBUSNjT3iFwYRtJB23kx5XC8=","WZCLZIuywH19aS7WAAfz3LXVvCQdo1MWx68IvSVr79s=","vTsJp89+spJCjb7ccMZh0/Nlj2prViyiMsACxF26i1c=","A/1PnN8nfgGA6hsB7Ih+RNeW2odFM/MiK55tLq4/ZfA=","ByfKYNN81wzJjCiZWpoSDOagIEqVWR94m6PL2G8zpm8=","k11a1zO4S+PbdFnWM1KfUX6IaWpx+X8CU77a/czjhwI=","xhgOstG8Q3XgYD7R28DFaUGrcYzu4Bucb2pK7ndxwQ0=","VngyhQUc4vAYCqDwyvsLVS2vN4hJoZgBwhtPfQsnkf4=","OIsDaiMM4FRL8UbWbktdAsQX70/mPz8Y1AfkdhzRfFM=","TMZ5Z5oBwYVeDPDbA3ira4kqun8IU/RvWpJghaFvpJE=","eU/uiE0dQXMLPgKlr7EoC3Tpv17Jri2/s7qNkur5YUA=","iX2poKSgKeZzJMp5xWJrNLQ8f8BsFlXVr14snm4LISg=","dKdvQIv91TSD0/N8Zw2qOT9lT7eA7KnDjaKyhwFw/8U=","2dCRX6WO8z+gEQGjguzMinslgZmJqS+G0qbPNq8CeOc=","SPfCHUo6V4ShQG+9EVA1kkzioYWhD1+4PVJ37Qn35GY=","BABOCEgaj8nRMUsoW7Qak4xUp994ekXWlyOG8ClH2oA=","M9+mWn9LrH0Ycwb17BBTR1+91k5ZPYUZF0kkbdyuyLo=","kNk/4AnkTwt8DyJ1+eILCCvxB0gleFi7Z/fFCfl8cYg=","v2/HlvtkTOje0tsnRex/80Dv5Pg7dvkd2sWcBRQNMHM=","0fopImL7kq0v1EoOsUbPBsfMQq49DuKk4kVkUs3H3Lg=","0WYbzP4z6xoEtthAjRr/i+/hGIt/qg4evWKHHjL1azY=","/01X17MrsykzaaLzrGY2BMLry+wMwre8xfJuG0sGUZI=","JBTFpi/VeAReLA12wV8L0GtZbe+VWgsWGo3b2qxZtIk=","jetne0NOEj+erjJ5vnOKtQn+gYleWV4crwdA4QaDdmk=","UDJhoykXGPcAxcmwXaSFxLMMLKIekL9k4/58lEKNipk=","ldG0CEaSxUA00a/9B69xkyDXDGeNptVjnwDGzKYpN80=","VvqUv3KkwIZAu2EZ+6CUS/9iA7cD1eHpFqvrfeOZUp8=","qkkKq5QAnsodQBUlWxriGydX1HrvJIGVZhjgs3VOGk0=","IoG/K8pz7R/duHyrF/nryRCjw0e2O6jpkyKAFeoWYko=","kfZ5vSGd2veOdSG8OP1rG4PPQyymijz0Jx1OrBYPvwk=","2jtcI2WA88ohW4vQfmzjYguz0kJmvISnZf+Ts/yjj3U=","a5oAI0Uom+mjCXuRvael4xj2vgcGk5t4+HApSi703b0=","gz4TOXqY3RT6YzMX4wr+voMBSz5Irf7RQmgE5+tD7/M=","NaYCyozdCYHqx+4Kv4tQffW4dS7JIwoXIkZIWQXmFBE=","zrCwWtjYpOmh99M4BRFozJmebDfQboooi/rwWhh2RwY=","3FlwBu9SjfW9lvqDk9cT5UltAsKgu3NC2xc64PDmnU0=","v/KAHwl0xgXPdntVjQvbPwKv5VEFVz4QCHjE/hP/5EE=","4ZviPJ5iINbr4Zbjn6Vvu2sZOOK1zrT6DZmolIhg18Y=","gxNCrN6mX4lT77xvfbVW41JXr2owpBU4QXlpFYgv4JA=","j6w99ZbzScOruFiJDR7gYQ5BeXas6ddwgYGumx1BoIw=","f6N0fHnuDX4HzyKd1nX1xqonEY5IXHbTtE7og21bSdM=","wObHvZAtLj8sU7ruLci9wTBMbrKkbXL74gVFQWAjw1k=","cjHZZ3ce43Lha1eoOiBiPsk2+rvsnboHLUdw1Ibhvso=","EsHGxjcF6wqZuDWErqLwCO1/eV3o+8qnlpWYLsDl+HE=","Kqd00Y0CBGyszw2r6QBuUaXGefr/uOXYehG5UjjBmwM=","aMo4i5QIxeNkHshMLyYYAUEXyTSrfX1KxZDvYEIWvBc=","+Xa8AwypGtfu7tiPd52eQh9fXWAtZTxUcYMMwGs8Rr8=","cUXCzOk2mnca5wyY0Ze8sPJ1kel0msnW9PfANftKjYY=","1QuQ5t4sRIy/WGM7Tp82wf3Z49hfvZQLnhyTGXuL4tU=","O0w+nyqC/ppnHAShlkRsjVJW+e4ChUNKpeVi2nx0NAc=","lqijOD1o0NeiQH53P8BglUkIUBdHaZv8UVISaCZT2wE=","z1bmx8GMj9oG3PyPMBl82aq78um6dbP6zGthmEsBDOo=","otmpMWa/WDqCq/uyEtN34RlJTZy7islsVvX5Nb2aTQ0=","8dV4CGPkiY0IodNAPD5LuIfIEYcD1ALv41pqUgaNM6k=","ZSu6E/ytEM3LgobXeW1L7VDRtbDd+LfgBB7cw+CaNCc=","fPONHVOQpNg361RW43utaJNeZDR+huTos23/i0Aipfc=","+J2D7vHasrhhWZ8kdi+j6kxUgHCys7Nmlq5duHprQFo=","ybrIV4sx2AvVI2Z9fDriGgjUbX+ZDTPaX0z0CjtZCZE=","4uE0kwjc9nL0eldWMXAHZzN6M1e8nKQ6jKgok78g0hM=","oF/p5EX7oxTSl8FjvwVd2JHel7ITnLmgiTWp4oFzaEM=","U59jsWiL4/hq4iuJViPG0nwtZm5sz8HF6z531LF4UdE=","+5X2EVDLO4Rp8HSwoGX3js6bZZtedo3YCdPYgVPOWSI=","5Sx2D+kGfVeEa2YKdtxT9JQIHvkZZbBt+3Lz4rVSCZE=","ECxd3vyRC2h8jROx3KBcO7uVJmuEaLJYy274qMa0xzc=","njY2Ejlf4tuyw3VzbMRzXm84hMEIlifrreoP1R/hOg8=","uDbUYIAdBn6NixDFYXDZGeif7MslDqiqSz2n5v+3sds=","g1Ejd32+YfKC5IfRAp59fgjOKAmzquQwSKn/Of1V0MI=","VrDyOyJa+89CLEdNmvb81tILVKMhuE6gfDo0PMtoXqw=","BqvcVIVmN6VigNxhVohuK6mkd2BcqC0zYp1y0+q/Dv0=","gSaNWogkaumDc68gDFijH+pVdtuEmgRIhWAukzO/7A0=","3g46l4ltg2GefwzWaItc87RQ4rsJd16441hGr9tQuko=","e5vjtAOvyIorv/k8rlFnLYVnDUEJSvjpApKz8+/EA7w=","1zj6u25palH9rKyjyffXTtTe49zflxfuHt1UOX0085w=","201YJbY1BFlBYJowNtmyNVOiYum+XjifEWRiyjtO4w0=","nfoEeAaTI1CLbAhtlA50RQ0R9fRbJb4jAj+hUsgxCv8=","neD6JbMNcLkjOi7xyjsNoxPLruBTwN5YufQvVETTEkw=","rWxUWh2504nXiYOn2xensh8Sgp4GNNDW9k4/kWB4Zyo=","fNy4RJ0CS0R4p/ogepxiv+U/5+wHDjJMOtr4F1vPiGw=","X6YYBSXXf54c3N2Urp/kjO78tY/ri9RG0cDDl+8iOXo=","7gAZqZHgmN3eqdub5yG7RTb7N9Y8qsUWRmmnOgGZsbY=","E6LWwBQijYDOuBySKU5KjfOwIhT8aJA4jyDN7N2B5Ig=","/Sg8feAE+22AT1n5Rl18YhU4p7elnVDxfqGGd+W+RQs=","fkT4Z2NgQhkl3L8nLhP984qYXWUNPjzlszkK1v4kqpw=","c74keQUC48HMzn8tB2S0qoTCoNai3yFctSUABKmBVw4=","osKCvEjEHwlDH0E+81/rmcMN5lRsZhjaJW0b/2/Zerg=","uHmyJkKWg5BBvn7BPJ3ad2wOFp9C/gbnYoB3Svr4z3k=","bBkQxkKEB+oEdgiWU2Q8eGuRe2Gs7CEQ0NA+HdFFdrk=","f8dQkuil1HZlPokd+BsT8OSmyH3Y+r0jHQ5nWg/xbME=","WC42NVtuGFEQohh82nQyXYBKMTY2umGJs2XY77jAWF8=","YhIiscj5Dhq+fQnJfx25SvrISCyUIfIS4POmlynmQxw=","xvybupynXI345LpcF3sAPHZatGRg+5BrKrnSQ2DYJhs=","Gx2rE5Ipj0tMGH1UxxghP6VnLiPKFo5JtZexNUYoJZg=","JogEumdoJV9krBHYNBQLBfoms5ZIPkr8C/RsHC4rYMk=","3eI2aFqQYpRac0yY65ZG0lZZD8yX8BTXUCqbZm8cS3I=","0WFhV9owdNsUJmnBVSuhlnV7ZDOZzlCobKLZNJg5A+k=","MukH1wsvWy7AgkoINqZWNBSYY8Kq/wk62rLwLL1zR9s=","kEmrZjBK8GDyQkGto6fHrlWPUXWHKiMjbzAv6pODGc4=","HCtNbcb9p/1aoJ+vlYeC/n/9AZ78aZcC7HnjJZZIr0g=","H19EExV6Ke8OqULt+Aja+Axa07fC3yTOVnkjXqFG4g0=","7n/f2wWoEPw+uBOsDRgd+olgpWSBgjDpt4zgfupfsHw=","6Kmb9bPQkCvVGR6TiOL+NhEt5zqnUwePiVWwe6O5QI0=","4j6Kfu41r4PPe2mK0F7I4q5CeykulL5odB6Mgg6/D+E=","UG1/8eso94gjsODbwIuR2ZfyqJhvyfChJubtVloYarw=","MbukFY1kECkTszJGX6oGtnhNfumrtrvw0cOt4Yy6548=","7jnYdQCnXqP0kJmxBH48teKyVW7gLVjrAG/14yFXXIg=","piuogFwxbw8byJPnfJEEDQxpxGAZEwtrIk2PeKN9WMo=","HXnTqA6Q4bqX69JTymHksaPWkYAdA1iL98K5EokovRc=","mkXf+nVtvIFvEQs3qlK7Qx9SgnHtg7G5D1CUqQhgzf4=","Xa2169l6kRLXRXxqCEi3GTlT8pmu/U40hIc+s623vPU=","TY7u8WiPcj5rlD1Et/6NObABAURboNCee9rjGjCDjfs=","L3FA8oRNXmq694zYLub75ppyM0z8UbfLSxL6WoO2vOE=","HQMFjyLKT8GaJSYcU5fQW/ngYpIjwrVXwNFqPxiuFFs=","6TaPv/hAsP42i/rBF5csExO8ml48wTG/sJPY99mXMNQ=","3j4aeif0esTQL5O6P76UVNdDYd3496JKBHf7zyGEzq4=","OnS/yvmoGdA+GcG31opLQDie9myTrVq7n904rxBd+P0=","p6A+VgWlEYOMxhh2v4/M3SyCwkMRSbBbtmd0oiPyyjY=","COMxx6I+I7lCMqqNKxjT2qZtJ/rxeq+AjsV5QN/QSZU=","lZaXobZzLbUEIEA8ff5iK4fNEQw8WIX+NqXZNh7d1BI=","5J+THL3CoDROblD3d7Cs/JwAbCBf0dN5CiIj5BlOuDY=","NcjxoFnQE6qEVKNiWxZEWbyDYP44eZrVyyXpj0GNUQo=","dP+pCEbYsYjinmdJe3XErh1Akt6Sv9cfkVZ8U3gAQBU=","DXHInbIPPmlqwcIwNvKQGDrde5C5ov6Gn8GIPWQTaJU=","8WfybsN1MJzzihANZ+pYHlCQSz9wicojREe9A7boFWE=","U67YymqZ58q/FYzfUXuoYXQVriTtvCN7dBY7JkDEMPo=","Qmo6N5SWJS+zOitju3WcVpDV0K4/7Fj3deAolJihfbs=","kadb/6N8wReqUgCf/FfsXByqtT21YQPm1HiPAqMNkA8=","Dc1FHjQKSXQwGCQeStmWW8I/wxG2ZRfqtIkP/ezGCg0=","znCtq5Llu4uhcfZ5U/a1Os29GBVPBg7uy5H5TG0rfpA=","gxHnAmnwBs/CuCguorOBAI87Eo1JOSiFExYLwV5uDUI=","VrnhUl95AOMy2+SdBikt59A/YNtxDJ0KIcOYEzLgYlc=","vvh9uN21Bc8olm9gCsOERC8faYhBlpd+0rfac7FUjtE=","u1NzKJKAqU8P1WEndz4RRKZunHjzsMPk2Kk1M06mlek=","UmbClFmFzwVChl187hcS6xIZk1fOSnx18ApkWi+Gnas=","rxrOn/+twrONyav3HzEyDQ1y8GhwbtRwO+DpMxmum48=","gF7Ig3wBICgq48/imtQ4tXvFmrvqfegk1d0MCBHJ2ew=","FUzTnthFkL5ipj90fe3iiSG11dmsEUjhSMGtnMEzQOM=","A1i1RLim6bekR1YyNWUlAT3YznsXwyCYQSyCXLS8Pv0=","l/fSaHmI2XknqDQX7K2np3cFIQcHf1Ve9kr+10C0Pbo=","4IGm0lyh6I7nQwaLJASGGy02GcyTUuZ9nZ4TIx7vYCA=","/NgGPdLA8IAsPe4SDQlcEu6g22QvPCJ612GPfeVWRK8=","X7C8gR26TlmlSkGK5j30OwZUlVJ7yUTJopODE8Kx/f8=","GQeyOl+dxKBR/XmkyMlxCjQAzzBR6UXgUldmtC3Rduo=","LnvtkyEG0IuBJ98aBXLct1UwBJZInp2L9jsthlkDaLM=","CZlspyTYUBpXmurpr3GZ4DzS/Frdx0EVOMbFNxoRePM=","WQ80DAV/Kf/Kzz8IAXOvmVWRoWeZ7XpBYKfHUzINs4k=","+uJGyVToCttGOyXCeh7aoVhww2Z9fVWPQcNzfcW5Vpw=","vxsiZcisZvIW+QfxNsslWkPsM7EO2VgWAzMnS7StO5g=","FmFcDVATdj8SfTL57hFocUs/OS8LtyaL30ErEoltKvA=","8D6qU2QFXgDSkArqb1jXDOLuipGhmY91YTJKoGk9zIU=","WIZmVoGC45YwOWjJND/+FtnqtbutIZqtF+T/19qnUHk=","ECNxAG5TGslfer8JCOawhG3KmCNwrqVQ9XGH2QQYRQQ=","pscPuvGnlCjGD6HhRDgghMgyzPLMSXb03k/iaXGt1hU=","/pts4o81arsB7A8FS01x+zqt8RpQNFqW6XvVTAmZiSo=","qQwzdQX/p9ZLeY0+IC6la6tmdztJ+IM6+b62yJmO2F8=","etO3SEXz47SCD3anrlf7VaH8/YnwEQWEPV4j3OW7cmA=","u1f2FFwnhQu2Gw/HsZjlEGkUQsxSkfjmSu4G1s/xKpQ=","dxi/c6IuhD3INnCKwoVIcXory0VY9bfsZj44uI/G474=","9drfFCTC5RUwKgqPuXcXdthGMFf6G8PCybZLOQpwD0U=","gSsr7AqyofN9l5Mi3DQ7ExHp8cLtkL/tvQMslnGyvj8=","HGm5+s4MOB0vipTckpHZX0/oy6clUAt+2ARznFHTBSg=","SHSoBhBJUSmzgkmkaiBxiZndY2u5GD2Cnqems6A0YTE=","ajvtY7fWJG5Po0vq23nyanrU68ZmbObnYN9YksxnrMI=","26AtEBqDf1n/Cc+pDACaliCkIOySDuNSzHq2a3oTtsI=","h2/kyU961Kn1liXYVPVBjxSPHEaXCxfuAmHAQmo3u6o=","GqRn8uL4sgdwGrbKO7n+VZCMQN+9ioVVEgDmOk+3HA0=","4yJ3IGm4huADccPZnobs14a8NAScvMYRvQsN+wYwn1U=","Q6ngct2Hn4qrQG45oWo+wTKHFACR7SZQqAXKJSf34IY=","Vh3nNUnt0EMnTx3j2LCMsMdVKWNVQ496tRNLP2N8qgI=","5xE4kRJVTePU9vmVVq6MfJvFSlCn6aPIuox1upRpj/g=","0wq8s2kblwo20t11FJAjLWyLaxmftKlAkND2VGoFn+Y=","YzDj81k9gs+FUZPboqHIBmvo2ip4FOmV6pmOAKCkTzc=","ZYkvQt6PI1R6ZG/HBJ+l4L6/J56/Lc2hwL+oA51qb1w="],"block_size":4096,"path":"external_js/fontawesome/all.min.js"},{"block_hashes":["8nJZsY7h2qmemZ6E0BIYZQPDbB0Ryw6XsIjx5YMI/m0=","mYftI333fHx5PINi9d/1WFp17mZknXRZAtg5Heb0kY0=","LZ6l6jdCuL6wsTgZTU5Ta94fCP40ZCeyKUM90vqgRmc=","HmDDAmDFeor9uxtoRAYIZ8zAXrrSwF0G7OAxS7XOt3U=","vfXzQwiys8QeQpppplStBA9WdwLFk9mm/j/il79RocI=","PtzvPN3YADol1Fri615Ia+eVCXHvZ08S3BShtu5TqJc="],"block_size":4096,"path":"external_js/ip-range-check.js"},{"block_hashes":["25Elfq9Z/cN5DB+C9YVjx85oYaSLCzDdSJG1/hNfBlU=","+6yUb1beUfqRmzSJ9CWql9VzFewXef4Zh0v/NafO+CM=","Jqkl7KrG8xq//D+3xSARjQVgWEi06YOR6we72+8xT00=","fI4FTbwOo0A55uUk4dumHX6jGYNcEGiO7ktfiicpX0E=","ht4BWD8E4veRclZds8LVkHt24mJuzpgxESoF4QIJyZI=","0/K7h+VSLgclrc8TEfc+g8iIYRdkcwDpPs6NF2Vu2fM=","RJd5/7+TEdDSYaUxFfVHvFAQOoQDkrjXw8U9QrDRPjI=","IMiPdDA0k1wtLdrZt6HH0jLF/cgnzaVYguMHIXWV5jo=","brg5whErm5rYvYkQQj4eFk0asECIWWv4r3mvX5LVSYg=","kZUjlXQaSJ/TQvhjCoWfdZdicWY+3DdALxaHgOSlHds=","koFiUoka9luCM1ERDTAR124m5RBlh5QWyVOqZ1M0kAU=","L70MJAQgPdytTNgdVUmjHsQSuYD+Yqn2HYSYqBqyvfM=","Hjd3rPfrmPUX8U0BqjY9UQJrzHH5XQ2tGqL1+8gY4gI=","WqO1AXsQlcOVIBHHn1TtXXK/27qhYJ5YXF/m50JtDfM=","uyaDU7FkQF87HRqIOibXWNbdSYEPLMyXAtiIqaYfbvM=","4vn2zjXkmjSBIaPnzZE64m4gkRGYQvaST2mDrRfMyWM=","sraH+rFpVoFXIsFE5Zj1F5jYbpfROOswcNMg5t2ffuI=","EaBh5KhcQ0L5E2kjZIgOq5wHB6pcoP/li5l2zgtT2wU=","+fuzPwP8VqaIxThxpcvEU0yH2lVHrmarWAgKT3Y2O7o=","5gGYa1UdReeZdEoNWGV2yRuP8gF5k9Vv76+EwTrefeE=","z0ZuvTfLaVWDKvKxwReFFQURSyBN6wVjTgvwtIMcnis=","KhfsPz+CIxBhnP+ZE6MjKJKmNLtKixFk6pHtJlST8ko="],"block_size":4096,"path":"external_js/jquery-3.6.0.min.js"},{"block_hashes":["SfMW6ONxIyPo8OjjV3ZwGYpeb0ScHKYUa8OH+ZIOuGs=","K9It2w2zgUFupNvO/Yy8AMoxJQd/Oie+UuPHOxaxCWU=","A8KAd2VcWetXjrHtXxzArQ51OGZK0DaxIJB6K/dTrQM=","lsA5vFuHFrzkvq8Xp/kSNA8P8Zm/aoBUk6GqJ9oAEjc=","fSjxYAm3ghpPVCvRados21lXdKmVIEpRGt+5mgPXzrw=","IZd0VBIYtzoVtooXW5ojXZhGeK+vBDZQjUgG5cQh6JE=","ztzmuOxob+ExmMYGz7PLL0dt3OsmJsKC2KpzH62gH4w="],"block_size":4096,"path":"external_js/pickr.min.js"},{"block_hashes":["UQj8MednkP0CqG93+1hlZyJQIciadgSIQlkzFPuqO9g=","3sCb/Ral8Y5shh+upo3ZR7gr1mI0msBjOtDvOfWSP+I=","ejnIlqNn6/Fakv8AQUVxAkrgSsRImTiQFmAxopjNdFA=","+L5zRUb1EB71EhgV9Fxo7ajdmKMcnq0SyZpyT7wIpa0=","IO8iChrU81ZJhPRC6q7d3V8L9CPoB1txCv0XP7JVAxA=","CkfllfXJ/oRgYeBZaWZ5d96ndjSzl8uktfNuiv1gTu4=","29HrB/SGUYYSTJfZRctxQgeEQKIY5UF1eMTNg84xLEE=","Jg3FaCS6EeWIDET69KrSbR1aejV8kl0tE3UqO4R26eY=","x8uslvxbe193tQlYrst8RFjBUqIqo4lWWnW9/zH5CDw=","c2hlBrl5UT79AV+ypuEeUmx8Y8awJLYlL4IKv2zvYbo=","6JyPFL+/Cyoa5sGRXhW1wsrYQJLnoo1S8zgxfOF2Pdc=","qRF25AvxvZp1VJbl5MM/5EG52WJw/1IQ7moAS3vhzVo="],"block_size":4096,"path":"fonts/glyphicons-halflings-regular.ttf"},{"block_hashes":["tZ4ReWw8lCN2x7lofUv3C6dqWH6iSH/i11YX7TMQ5jk=","3nCWhpueUFCeWduPaAaHIbx+gr8PorpnNeF0WBj+zIk=","AqugiJ1m1SQmGNLvZbpRZIHbL9z5p7VhEK7UC4s7ZZU=","sb08tG9DMsNqVy3eOd2ib2hsodvpCoUv0r4as5suLtI=","2+NvT+M34sDgWPMgxomx5GN1VcQgWyNlBwfFDex9LcA=","XS/N5mwnDp03UryRNjDEs1sjZjMxjPZAvaoJ64oemLA="],"block_size":4096,"path":"fonts/glyphicons-halflings-regular.woff"},{"block_hashes":["x8H3vJO6KKS4+GI97KSNjgGFZClwivRQxhVB7hJ7mhk=","cjmKtvlezysLIrcpUjE1/eezGj3QOxsKL94t5eAMPWg=","okvqaADJ1XLyLubudIo4/jmMtmadT6ss2+qdKKQwdzA=","Grvfrctd0d2maQtDOhpGdNTeLMbSu/bbhsuJ/7Z6eGc=","tK+KazDXXmTkYt0j95d1yTYiDsPJH0dZrBuXp8R9XMc="],"block_size":4096,"path":"fonts/glyphicons-halflings-regular.woff2"},{"block_hashes":["fXHucy3ioxShlL2YF+zvDxsGZy1stUxi1MUgkhz5oME="],"block_size":4096,"path":"html/cleaningTool.html"},{"block_hashes":["BdegUmOOBfNvwrnewIHyq2XbwLYP54s71NKlRekb3fE=","/vVqbG0ZcHm7wUMEpUEzHjocrDXc6eB0wv4SAMDc5Ok="],"block_size":4096,"path":"html/log.html"},{"block_hashes":["npRjQhx6k9mBzQWb73PhrehtjwvmB/PWAdSsEcyIdwQ=","l9zuAXbD5AZxTv6ZWxstiGa9uOK69EzDHN2r4+gs2rI="],"block_size":4096,"path":"html/popup.html"},{"block_hashes":["CFjaeraGAjJfkrj2ZTaUyGouxug6er4hcawi/BGhNL8=","HLN2NzffCSeKecF5oHkMyhdALkCmPWV/FsQQSUzxjsQ="],"block_size":4096,"path":"html/settings.html"},{"block_hashes":["Ggzx0k7VMVrGeGEOyHWucL/jLgiyMTataXPOFrpuCzk="],"block_size":4096,"path":"html/siteBlockedAlert.html"},{"block_hashes":["dtiCEy9QDIr81fbJtc3u07cMYfluAqLbr4KVkGZYor4="],"block_size":4096,"path":"img/clearurls.png"},{"block_hashes":["KTsPHbCcZoQWFve8f4qvaaPzyuLc9f/ICJHfEFdO8jM=","5lXq3DDkogXZXhsFQwr3oPkYTLs4KWc3fyNDYX7xwno="],"block_size":4096,"path":"img/clearurls.svg"},{"block_hashes":["FoVHibVgeWDZjMz6EcFITcdEukMAo1i05ah32TCeE1k="],"block_size":4096,"path":"img/clearurls_gray.png"},{"block_hashes":["5ggTXEh4SU9ceQglu7wTSoAULO/q6NK2Jt5qHk3i/bA=","bW0/aqNlSmt4/OqNTldWOsfku+xh3DOY6sVmK7LAs2k="],"block_size":4096,"path":"img/clearurls_gray.svg"},{"block_hashes":["7GhTjc4081Lq+UmX3EWe4Jdq9yN1I/Z+jnjkRhj+Eis=","TYWNPJ0GYdCZ+1A5uLZoLktKoWjMwdwLUgH9wHfDfms="],"block_size":4096,"path":"img/clearurls_gray_128x128.png"}],"version":2}