{"schema":6,"addons":[{"id":"langpack-es-ES@firefox.mozilla.org","icons":{"32":"https://addons.mozilla.org/static-server/img/addon-icons/default-32.2b26add4b394.png","64":"https://addons.mozilla.org/static-server/img/addon-icons/default-64.d144b50f2bb8.png","128":"https://addons.mozilla.org/static-server/img/addon-icons/default-128.452018499894.png"},"name":"Language: Español (ES) (Spanish, Spain)","version":"115.0.20230622.161221","sourceURI":"https://addons.mozilla.org/firefox/downloads/file/4128804/espanol_espana_language_pac-115.0.20230622.161221.xpi","homepageURL":null,"supportURL":null,"description":"Firefox Language Pack for Español (ES) (es-ES) – Spanish, Spain","fullDescription":null,"weeklyDownloads":441,"type":"locale","creator":{"name":"Mozilla Firefox","url":"https://addons.mozilla.org/en-US/firefox/user/4757633/"},"developers":[],"screenshots":[],"contributionURL":"","averageRating":4.3198,"reviewCount":92,"reviewURL":"https://addons.mozilla.org/en-US/firefox/addon/espa%C3%B1ol-espa%C3%B1a-language-pac/reviews/","updateDate":1687469500000},{"id":"gary@builtwith.com","icons":{"32":"https://addons.mozilla.org/user-media/addon_icons/8/8013-32.png?modified=1530782424","64":"https://addons.mozilla.org/user-media/addon_icons/8/8013-64.png?modified=1530782424","128":"https://addons.mozilla.org/user-media/addon_icons/8/8013-128.png?modified=1530782424"},"name":"BuiltWith","version":"2.4","sourceURI":"https://addons.mozilla.org/firefox/downloads/file/3946458/builtwith-2.4.xpi","homepageURL":"http://builtwith.com","supportURL":"https://blog.builtwith.com/2017/10/31/builtwith-for-firefox-web-extension/","description":"BuiltWith is a web site profiler tool. Upon looking up a page, BuiltWith returns a list all the technologies in use on that page that it can find.","fullDescription":"BuiltWith's goal is to help developers, researchers and designers find out what technologies web pages are using which may help them to decide what technologies to implement themselves.","weeklyDownloads":158,"type":"extension","creator":{"name":"garazy","url":"https://addons.mozilla.org/en-US/firefox/user/1965042/"},"developers":[],"screenshots":[{"url":"https://addons.mozilla.org/user-media/previews/full/190/190640.png?modified=1622132261","width":447,"height":525,"thumbnailURL":"https://addons.mozilla.org/user-media/previews/thumbs/190/190640.jpg?modified=1622132261","thumbnailWidth":341,"thumbnailHeight":400,"caption":"BuiltWith for Firefox in action."}],"contributionURL":"","averageRating":3.8125,"reviewCount":11,"reviewURL":"https://addons.mozilla.org/en-US/firefox/addon/builtwith/reviews/","updateDate":1652072513000},{"id":"{74145f27-f039-47ce-a470-a662b129930a}","icons":{"32":"https://addons.mozilla.org/user-media/addon_icons/839/839767-32.png?modified=b06fa7ed","64":"https://addons.mozilla.org/user-media/addon_icons/839/839767-64.png?modified=b06fa7ed","128":"https://addons.mozilla.org/user-media/addon_icons/839/839767-128.png?modified=b06fa7ed"},"name":"ClearURLs","version":"1.26.1","sourceURI":"https://addons.mozilla.org/firefox/downloads/file/4064884/clearurls-1.26.1.xpi","homepageURL":"https://clearurls.xyz/","supportURL":"http://wiki.clearurls.xyz","description":"Removes tracking elements from URLs","fullDescription":"This extension will automatically remove tracking elements from URLs to help protect your privacy when browsing through the Internet.\n\nMany websites use tracking elements in the URL (e.g. https://example.com?utm_source=newsletter1&utm_medium=email&utm_campaign=sale) to mark your online activity. All that tracking code is not necessary for a website to be displayed or work correctly and can therefore be removed—that is exactly what ClearURLs does.\n\nAnother common example are Amazon URLs. If you search for a product on Amazon you will see a very long URL, such as: https://www.amazon.com/dp/exampleProduct/ref=sxin_0_pb?__mk_de_DE=ÅMÅŽÕÑ&keywords=tea&pd_rd_i=exampleProduct&pd_rd_r=8d39e4cd-1e4f-43db-b6e7-72e969a84aa5&pd_rd_w=1pcKM&pd_rd_wg=hYrNl&pf_rd_p=50bbfd25-5ef7-41a2-68d6-74d854b30e30&pf_rd_r=0GMWD0YYKA7XFGX55ADP&qid=1517757263&rnid=2914120011\n\nIndeed most of the above URL is tracking code. Once ClearURLs has cleaned the address, it will look like this:\nhttps://www.amazon.com/dp/exampleProduct\n\nWhy use this extension as opposed to similar ones?\nMost other “link cleaners” employ about a dozen rules when looking for tracking parameters to remove. ClearURLs utilizes over 250 rules, so its capabilities are more comprehensive.\nAnd ClearURLs is open source, so everyone can join in to the project and/or can check the source code to error or malicious code.\n\nAll functions in a nutshell\n\n    Removes tracking from URLs automatically in the background\n    Blocks some common ad domains (optional)\n    Has a built-in tool to clean up multiple URLs at once\n    Supports redirection to the destination, without tracking services as middleman\n    Adds an entry to the context menu so that links can be copied quickly and cleanly\n    Blocks hyperlink auditing, also known as ping tracking\n    Prevents ETag tracking\n    Prevents tracking injection over history API\n    Prevents Google from rewriting the search results (to include tracking elements)\n    Prevents Yandex from rewriting the search results (to include tracking elements)\n\n\nWhat do we collect?\nThis extension protects and respects your privacy. We do not—and will never—collect any of your usage data.\n\nWhat do I do if I have trouble?\nVisit our GitLab page or check out our wiki.\n\nWrite us...\nIf have any suggestions or complaints, please contact us on GitLab.\n\nPermissions\nReasoning for needed permissions can be found under here.\n\nContributors\n\n    Kevin Röbert (creator/developer)\n    Yi-Ping Huang (translator)\n    rayman89 (translator)\n    Ramon Santilli (translator)\n    Lucifer (translator)\n    Shitennouji (translator)\n    perdolka (contributor)\n    Nameless (contributor)\n    a-polivanchuk (translator)\n    hydrargyrum (translator)\n    alekksander (translator)\n    Zoltan Toldy (translator)\n    tartpvule (contributor)\n    Giovanni (translator)\n    U. Çakmak (translator)\n    Sopor (translator)\n    elfriob (translator)\n    Nicolas (translator - website)\n    Teodor Atroshenko (contributor)\n\n\nRecommended by...\n\n    ghacks-user.js\n    Awesome Humane Tech List\n    PrivacyTools\n    New York Times Wirecutter\n\n\nChangelog can be found here","weeklyDownloads":2135,"type":"extension","creator":{"name":"Kevin R.","url":"https://addons.mozilla.org/en-US/firefox/user/13196993/"},"developers":[],"screenshots":[{"url":"https://addons.mozilla.org/user-media/previews/full/231/231733.png?modified=1640781132","width":198,"height":599,"thumbnailURL":"https://addons.mozilla.org/user-media/previews/thumbs/231/231733.jpg?modified=1640781132","thumbnailWidth":132,"thumbnailHeight":400,"caption":"Popup interface"},{"url":"https://addons.mozilla.org/user-media/previews/full/231/231732.png?modified=1640781132","width":1195,"height":1272,"thumbnailURL":"https://addons.mozilla.org/user-media/previews/thumbs/231/231732.jpg?modified=1640781132","thumbnailWidth":376,"thumbnailHeight":400,"caption":"Settings"},{"url":"https://addons.mozilla.org/user-media/previews/full/231/231754.png?modified=1640781132","width":1079,"height":862,"thumbnailURL":"https://addons.mozilla.org/user-media/previews/thumbs/231/231754.jpg?modified=1640781132","thumbnailWidth":501,"thumbnailHeight":400,"caption":"How ClearURLs has cleans up the dirty Amazon link with the built-in tool to clean up multiple URLs at once"}],"contributionURL":"https://paypal.me/KevinRoebert?utm_content=product-page-contribute&utm_medium=referral&utm_source=addons.mozilla.org","averageRating":4.5308,"reviewCount":219,"reviewURL":"https://addons.mozilla.org/en-US/firefox/addon/clearurls/reviews/","updateDate":1675435540000},{"id":"exif_viewer@mozilla.doslash.org","icons":{"32":"https://addons.mozilla.org/user-media/addon_icons/3/3905-32.png?modified=06451804","64":"https://addons.mozilla.org/user-media/addon_icons/3/3905-64.png?modified=06451804","128":"https://addons.mozilla.org/user-media/addon_icons/3/3905-128.png?modified=06451804"},"name":"Exif Viewer","version":"3.7.5","sourceURI":"https://addons.mozilla.org/firefox/downloads/file/993242/exif_viewer-3.7.5.xpi","homepageURL":"http://araskin.webs.com/exif/exif.html","supportURL":"http://araskin.webs.com/exif/exif.html","description":"Displays the Exif and IPTC data in local and remote JPEG images.","fullDescription":"Extracts and displays the Exif (Exchangeable Image File), IPTC-NAA/IIM (International Press Telecommunications Council / Newspaper Association of America / Information Interchange Model), and IPTC Core (Adobe XMP, Extensible Metadata Platform) metadata, as stored by digital still cameras, in both local and remote JPEG images.","weeklyDownloads":188,"type":"extension","creator":{"name":"Alan Raskin","url":"https://addons.mozilla.org/en-US/firefox/user/72273/"},"developers":[],"screenshots":[{"url":"https://addons.mozilla.org/user-media/previews/full/192/192605.png?modified=1622132519","width":506,"height":525,"thumbnailURL":"https://addons.mozilla.org/user-media/previews/thumbs/192/192605.jpg?modified=1622132519","thumbnailWidth":386,"thumbnailHeight":400,"caption":"Typical EXIF display (partial) in tabular format"},{"url":"https://addons.mozilla.org/user-media/previews/full/193/193491.png?modified=1622132519","width":492,"height":525,"thumbnailURL":"https://addons.mozilla.org/user-media/previews/thumbs/193/193491.jpg?modified=1622132519","thumbnailWidth":375,"thumbnailHeight":400,"caption":"Typical RGB and HSL histograms"}],"contributionURL":"","averageRating":3.375,"reviewCount":26,"reviewURL":"https://addons.mozilla.org/en-US/firefox/addon/exif-viewer/reviews/","updateDate":1529524506000},{"id":"{0b457cAA-602d-484a-8fe7-c1d894a011ba}","icons":{"32":"https://addons.mozilla.org/user-media/addon_icons/5/5648-32.png?modified=1685925302","64":"https://addons.mozilla.org/user-media/addon_icons/5/5648-64.png?modified=1685925302","128":"https://addons.mozilla.org/user-media/addon_icons/5/5648-128.png?modified=1685925302"},"name":"FireShot: Full Web Page Screenshots (♥♥♥♥♥)","version":"1.12.18","sourceURI":"https://addons.mozilla.org/firefox/downloads/file/4120150/fireshot-1.12.18.xpi","homepageURL":"http://getfireshot.com","supportURL":"https://getfireshot.com","description":"FireShot makes full page screen captures - http://bit.ly/RlBQMV\n\nScreenshots are quickly captured and:\n\n― Saved as Image / PDF with links and text\n― Sent to clipboard\n― Printed\n\nCapture all open tabs or provide a list of the URLs for grabbing","fullDescription":"The best screen capture tool.\n\nPerforms full page screen capture. Saves screenshots to PDF or images.\n\n🔒 Instant screenshots are stored locally, and never leave your computer, so it's 100% safe for storing a sensitive information. FireShot can work offline.\n\nNo spyware and unnecessary permissions - you're just in a couple of clicks away from an ideal screenshot.\n\n🏆 Awarded as \"The Best Free Google Chrome Extension\" by PCMAG.COM\n\nHere's Top 7️⃣ features of FireShot:\n\n1️⃣ Save screenshot to disk as PDF (with links), PNG, and JPEG\n2️⃣ Capture entire page, visible part of the web page or just a selection\n3️⃣ Automatically capture all tabs to PDF or image 🔥\n4️⃣ Provide a list of URLs for an automatic batch capturing process 🔥\n5️⃣ Send screenshots to Gmail\n6️⃣ Copy captured images to clipboard\n7️⃣ Print\n\n### An upgrade is available. Activate it directly from the menu and unlock the following functionality:\n\n✓ PDF with direct links and text, can be split to pages\n✓ Capture specific elements, such as scrolling areas on web pages\n✓ Capture all tabs in one click and save to single PDF\n✓ Edit: crop, resize, add text and arrow annotations, blur areas and apply other effects\n✓ Send to OneNote (Pro version)\n✓ Save captures to disk as PNG, GIF, JPEG, BMP\n✓ Upload to Twitter, ImageShack, Flickr, EasyCaptures, custom FTP or HTTP servers\n✓ Print\n✓ E-Mail\n✓ Export captures to external editor\n✓ Add page information to screenshots (URL, title, time, domain, etc)\n\nGet FireShot for the other browsers:\n\nChrome and chromium-based: https://chrome.google.com/webstore/detail/capture-webpage-screensho/mcbpblocgmgfnpjjppndjkmgjaogfceg\n\nEdge: https://microsoftedge.microsoft.com/addons/detail/take-webpage-screenshots-/fcbmiimfkmkkkffjlopcpdlgclncnknm\n\nSafari: https://apps.apple.com/app/full-page-screen-capture/id1541862561","weeklyDownloads":3039,"type":"extension","creator":{"name":"susbox","url":"https://addons.mozilla.org/en-US/firefox/user/182054/"},"developers":[],"screenshots":[{"url":"https://addons.mozilla.org/user-media/previews/full/164/164384.png?modified=1622132168","width":700,"height":465,"thumbnailURL":"https://addons.mozilla.org/user-media/previews/thumbs/164/164384.jpg?modified=1622132168","thumbnailWidth":533,"thumbnailHeight":354,"caption":"Full web page screenshots, capture to image or PDF."},{"url":"https://addons.mozilla.org/user-media/previews/full/82/82280.png?modified=1622132168","width":351,"height":243,"thumbnailURL":"https://addons.mozilla.org/user-media/previews/thumbs/82/82280.jpg?modified=1622132168","thumbnailWidth":351,"thumbnailHeight":243,"caption":"Adding comments to screenshots is as easy as 1-2-3. Perfect tool for designers and QA."},{"url":"https://addons.mozilla.org/user-media/previews/full/82/82278.png?modified=1622132168","width":351,"height":243,"thumbnailURL":"https://addons.mozilla.org/user-media/previews/thumbs/82/82278.jpg?modified=1622132168","thumbnailWidth":351,"thumbnailHeight":243,"caption":"It's easy to add a custom text in FireShot Webpage Screenshot"},{"url":"https://addons.mozilla.org/user-media/previews/full/82/82276.png?modified=1622132168","width":351,"height":243,"thumbnailURL":"https://addons.mozilla.org/user-media/previews/thumbs/82/82276.jpg?modified=1622132168","thumbnailWidth":351,"thumbnailHeight":243,"caption":"Editing screenshot in the built-in Editor"}],"contributionURL":"","averageRating":4.611,"reviewCount":788,"reviewURL":"https://addons.mozilla.org/en-US/firefox/addon/fireshot/reviews/","updateDate":1687338895000},{"id":"{0516BC41-6FA3-4326-87FE-7EA9101412FE}","icons":{"32":"https://addons.mozilla.org/user-media/addon_icons/1004/1004413-32.png?modified=8812a0ac","64":"https://addons.mozilla.org/user-media/addon_icons/1004/1004413-64.png?modified=8812a0ac","128":"https://addons.mozilla.org/user-media/addon_icons/1004/1004413-128.png?modified=8812a0ac"},"name":"MapSwitcher","version":"1.0.1","sourceURI":"https://addons.mozilla.org/firefox/downloads/file/3442543/map_switcher-1.0.1.xpi","homepageURL":"https://www.nesveda.com/projects/MapSwitcher/","supportURL":"https://www.nesveda.com/projects/MapSwitcher/","description":"Adds buttons to various map services for opening the displayed location in a different map service.","fullDescription":"MapSwitcher is a small browser extension which adds buttons to various map services for opening the displayed location in a different service.\n\nCurrently supported is switching between Google Maps, Mapy.cz and Geoportal.gov.cz.\n\nLinks:\nHomepage\nSource code","weeklyDownloads":3,"type":"extension","creator":{"name":"František Nesveda","url":"https://addons.mozilla.org/en-US/firefox/user/15224571/"},"developers":[],"screenshots":[{"url":"https://addons.mozilla.org/user-media/previews/full/224/224168.png?modified=1622133712","width":640,"height":400,"thumbnailURL":"https://addons.mozilla.org/user-media/previews/thumbs/224/224168.jpg?modified=1622133712","thumbnailWidth":533,"thumbnailHeight":333,"caption":"MapSwitcher buttons added to Google Maps"},{"url":"https://addons.mozilla.org/user-media/previews/full/224/224169.png?modified=1622133714","width":640,"height":400,"thumbnailURL":"https://addons.mozilla.org/user-media/previews/thumbs/224/224169.jpg?modified=1622133714","thumbnailWidth":533,"thumbnailHeight":333,"caption":"MapSwitcher buttons added to Mapy.cz"}],"contributionURL":"","averageRating":4,"reviewCount":1,"reviewURL":"https://addons.mozilla.org/en-US/firefox/addon/map-switcher/reviews/","updateDate":1573211711000},{"id":"{1526fba1-ac33-4dfc-99d8-163e6129f7b9}","icons":{"32":"https://addons.mozilla.org/user-media/addon_icons/770/770649-32.png?modified=1532718273","64":"https://addons.mozilla.org/user-media/addon_icons/770/770649-64.png?modified=1532718273","128":"https://addons.mozilla.org/user-media/addon_icons/770/770649-128.png?modified=1532718273"},"name":"RevEye Reverse Image Search","version":"1.4.8","sourceURI":"https://addons.mozilla.org/firefox/downloads/file/4031675/reveye_ris-1.4.8.xpi","homepageURL":null,"supportURL":null,"description":"Firefox port of the Chrome extension RevEye\n\nPerform a search by image. Choose between the image search engines Google, Bing, Yandex and TinEye","fullDescription":null,"weeklyDownloads":46,"type":"extension","creator":{"name":"SuperFreakonomics","url":"https://addons.mozilla.org/en-US/firefox/user/12768239/"},"developers":[],"screenshots":[],"contributionURL":"","averageRating":4.7143,"reviewCount":9,"reviewURL":"https://addons.mozilla.org/en-US/firefox/addon/reveye-ris/reviews/","updateDate":1668691218000},{"id":"{2e5ff8c8-32fe-46d0-9fc8-6b8986621f3c}","icons":{"32":"https://addons.mozilla.org/user-media/addon_icons/824/824288-32.png?modified=39d0cb7b","64":"https://addons.mozilla.org/user-media/addon_icons/824/824288-64.png?modified=39d0cb7b","128":"https://addons.mozilla.org/user-media/addon_icons/824/824288-128.png?modified=39d0cb7b"},"name":"Search by Image","version":"5.6.0","sourceURI":"https://addons.mozilla.org/firefox/downloads/file/4119128/search_by_image-5.6.0.xpi","homepageURL":"https://github.com/dessant/search-by-image#readme","supportURL":"https://github.com/dessant/search-by-image/issues","description":"A powerful reverse image search tool, with support for various search engines, such as Google, Bing, Yandex, Baidu and TinEye.","fullDescription":"Search by Image is a browser extension for Firefox that makes effortless reverse image searches possible, and comes with support for more than 30 search engines.\n\nSearch by Image is an open source project made possible thanks to a community of awesome supporters. If you'd like to support the continued development of the extension, please consider contributing with Patreon, PayPal or Bitcoin.\n\nThe extension helps journalists and researchers verify the authenticity of images, and assists in the identification of false information on social media. Search by Image is also popular among photographers, helping artists explore how their work is shared on the web, while shoppers find it valuable for discovering similar products at discounted prices.\n\nThe extension enables you to search for images from the context menu and the browser toolbar with the help of a diverse set of reverse image search engines, which can be toggled and reordered from the extension's options. Visit the wiki for the full list of supported search engines.\n\nhttps://github.com/dessant/search-by-image/wiki/Search-engines\n\nImages positioned at the selected area are detected regardless of how they were embedded in the page. The extension also supports searching with images from your device, images from private sites, and captured areas of the page.\n\nA handful of search modes are offered that serve different use cases. The search mode can be set independently for the context menu and the browser toolbar from the extension's options.\n\nSearch modes:\n\n    Select URL: select an image on the page and search with the image URL. This is the default search mode.\n    Select image: select an image on the page and search with the image file. This search mode is preferred for sites which do not allow the direct linking of images, such as private sites.\n    Capture: search with a captured area of the page.\n    Browse: search with an image from your device. Pasting images from the clipboard is also supported on desktop platforms.\n    URL: search with an image URL.\n\n\nThe image you select during a search is sent to the requested service, such as Google Images. Visit the extension's privacy policy for more information.\n\nThe extension is also available for Chrome and Safari.\n\nReviews are not monitored for bug reports, please use GitHub for issues and feature requests.\nhttps://github.com/dessant/search-by-image","weeklyDownloads":3749,"type":"extension","creator":{"name":"Armin Sebastian","url":"https://addons.mozilla.org/en-US/firefox/user/12929064/"},"developers":[],"screenshots":[{"url":"https://addons.mozilla.org/user-media/previews/full/263/263054.png?modified=1635854423","width":2400,"height":1500,"thumbnailURL":"https://addons.mozilla.org/user-media/previews/thumbs/263/263054.jpg?modified=1635854423","thumbnailWidth":533,"thumbnailHeight":333},{"url":"https://addons.mozilla.org/user-media/previews/full/263/263055.png?modified=1635854425","width":2400,"height":1500,"thumbnailURL":"https://addons.mozilla.org/user-media/previews/thumbs/263/263055.jpg?modified=1635854425","thumbnailWidth":533,"thumbnailHeight":333},{"url":"https://addons.mozilla.org/user-media/previews/full/263/263056.png?modified=1635854413","width":2400,"height":1500,"thumbnailURL":"https://addons.mozilla.org/user-media/previews/thumbs/263/263056.jpg?modified=1635854413","thumbnailWidth":533,"thumbnailHeight":333},{"url":"https://addons.mozilla.org/user-media/previews/full/263/263057.png?modified=1635854419","width":2400,"height":1500,"thumbnailURL":"https://addons.mozilla.org/user-media/previews/thumbs/263/263057.jpg?modified=1635854419","thumbnailWidth":533,"thumbnailHeight":333},{"url":"https://addons.mozilla.org/user-media/previews/full/263/263058.png?modified=1635854413","width":2400,"height":1500,"thumbnailURL":"https://addons.mozilla.org/user-media/previews/thumbs/263/263058.jpg?modified=1635854413","thumbnailWidth":533,"thumbnailHeight":333},{"url":"https://addons.mozilla.org/user-media/previews/full/263/263059.png?modified=1635854425","width":2400,"height":1500,"thumbnailURL":"https://addons.mozilla.org/user-media/previews/thumbs/263/263059.jpg?modified=1635854425","thumbnailWidth":533,"thumbnailHeight":333},{"url":"https://addons.mozilla.org/user-media/previews/full/263/263060.png?modified=1635854411","width":2400,"height":1500,"thumbnailURL":"https://addons.mozilla.org/user-media/previews/thumbs/263/263060.jpg?modified=1635854411","thumbnailWidth":533,"thumbnailHeight":333},{"url":"https://addons.mozilla.org/user-media/previews/full/263/263061.png?modified=1635854411","width":2400,"height":1500,"thumbnailURL":"https://addons.mozilla.org/user-media/previews/thumbs/263/263061.jpg?modified=1635854411","thumbnailWidth":533,"thumbnailHeight":333}],"contributionURL":"https://www.paypal.com/donate?hosted_button_id=GLL4UNSNU6SQN&utm_content=product-page-contribute&utm_medium=referral&utm_source=addons.mozilla.org","averageRating":4.6521,"reviewCount":247,"reviewURL":"https://addons.mozilla.org/en-US/firefox/addon/search_by_image/reviews/","updateDate":1686676180000},{"id":"firefox-extension@shodan.io","icons":{"32":"https://addons.mozilla.org/user-media/addon_icons/2705/2705262-32.png?modified=8f6592e9","64":"https://addons.mozilla.org/user-media/addon_icons/2705/2705262-64.png?modified=8f6592e9","128":"https://addons.mozilla.org/user-media/addon_icons/2705/2705262-128.png?modified=8f6592e9"},"name":"Shodan","version":"1.1.1","sourceURI":"https://addons.mozilla.org/firefox/downloads/file/4117305/shodan_addon-1.1.1.xpi","homepageURL":null,"supportURL":"https://www.shodan.io","description":"The Shodan plugin tells you where the website is hosted (country, city), who owns the IP and what other services/ ports are open.","fullDescription":null,"weeklyDownloads":234,"type":"extension","creator":{"name":"Shodan","url":"https://addons.mozilla.org/en-US/firefox/user/11252238/"},"developers":[],"screenshots":[{"url":"https://addons.mozilla.org/user-media/previews/full/257/257490.png?modified=1622929521","width":1718,"height":1373,"thumbnailURL":"https://addons.mozilla.org/user-media/previews/thumbs/257/257490.jpg?modified=1622929521","thumbnailWidth":501,"thumbnailHeight":400}],"contributionURL":"","averageRating":5,"reviewCount":0,"reviewURL":"https://addons.mozilla.org/en-US/firefox/addon/shodan-addon/reviews/","updateDate":1685307030000},{"id":"{78eea43d-42ab-4410-98b9-de9d50ddb1a3}","icons":{"32":"https://addons.mozilla.org/user-media/addon_icons/1015/1015956-32.png?modified=60954f3f","64":"https://addons.mozilla.org/user-media/addon_icons/1015/1015956-64.png?modified=60954f3f","128":"https://addons.mozilla.org/user-media/addon_icons/1015/1015956-128.png?modified=60954f3f"},"name":"Sputnik","version":"1.30","sourceURI":"https://addons.mozilla.org/firefox/downloads/file/4087595/sputnik_osint-1.30.xpi","homepageURL":null,"supportURL":"https://github.com/mitchmoser/sputnik","description":"Open Source Intelligence (OSINT) web extension for IPs, Domains, File Hashes, and URLs","fullDescription":"Sputnik is an extension to quickly and easily search IPs, Domains, File Hashes, and URLs using free Open Source Intelligence (OSINT) resources.\n\nUsage\n\n• Text - Select the artifact you wish to search and right click\n• Links - Right click on links, audio, images, videos\n• Select an OSINT tool\n• You will be directed to results or the submission page for the artifact\n• Selected artifacts are written to the clipboard\n\nView updated list of OSINT Resources and the extension's code on my GitHub\n\nNote: Mozilla's contextMenu API does not support this extension for Firefox Android.","weeklyDownloads":28,"type":"extension","creator":{"name":"Mitchell Moser","url":"https://addons.mozilla.org/en-US/firefox/user/14498208/"},"developers":[],"screenshots":[{"url":"https://addons.mozilla.org/user-media/previews/full/212/212832.png?modified=1622133976","width":1500,"height":1000,"thumbnailURL":"https://addons.mozilla.org/user-media/previews/thumbs/212/212832.jpg?modified=1622133976","thumbnailWidth":533,"thumbnailHeight":355},{"url":"https://addons.mozilla.org/user-media/previews/full/212/212833.png?modified=1622133978","width":656,"height":451,"thumbnailURL":"https://addons.mozilla.org/user-media/previews/thumbs/212/212833.jpg?modified=1622133978","thumbnailWidth":533,"thumbnailHeight":366},{"url":"https://addons.mozilla.org/user-media/previews/full/212/212834.png?modified=1622133980","width":644,"height":449,"thumbnailURL":"https://addons.mozilla.org/user-media/previews/thumbs/212/212834.jpg?modified=1622133980","thumbnailWidth":533,"thumbnailHeight":372},{"url":"https://addons.mozilla.org/user-media/previews/full/212/212835.png?modified=1622133981","width":660,"height":342,"thumbnailURL":"https://addons.mozilla.org/user-media/previews/thumbs/212/212835.jpg?modified=1622133981","thumbnailWidth":533,"thumbnailHeight":276},{"url":"https://addons.mozilla.org/user-media/previews/full/212/212837.png?modified=1622133983","width":643,"height":424,"thumbnailURL":"https://addons.mozilla.org/user-media/previews/thumbs/212/212837.jpg?modified=1622133983","thumbnailWidth":533,"thumbnailHeight":351}],"contributionURL":"","averageRating":5,"reviewCount":0,"reviewURL":"https://addons.mozilla.org/en-US/firefox/addon/sputnik-osint/reviews/","updateDate":1679514027000},{"id":"tineye@ideeinc.com","icons":{"32":"https://addons.mozilla.org/user-media/addon_icons/8/8922-32.png?modified=a3c40cf7","64":"https://addons.mozilla.org/user-media/addon_icons/8/8922-64.png?modified=a3c40cf7","128":"https://addons.mozilla.org/user-media/addon_icons/8/8922-128.png?modified=a3c40cf7"},"name":"TinEye Reverse Image Search","version":"2.0.4","sourceURI":"https://addons.mozilla.org/firefox/downloads/file/4074627/tineye_reverse_image_search-2.0.4.xpi","homepageURL":"https://tineye.com/","supportURL":"https://tineye.com/extensions","description":"Click on any image on the web to search for it on TinEye. Recommended by Firefox!\nDiscover where an image came from, see how it is being used, check if modified versions exist or locate high resolution versions. Made with love by the TinEye team.","fullDescription":"This is the only official TinEye extension developed by the TinEye team.\nQuickly search by image using TinEye. Find out where an image came from, how it's used, or find higher-resolution versions. A Firefox Recommended Extension!\n\nAbout TinEye\n\nTinEye invented reverse image search in 2008, and since then, our mission has been to make your images searchable. TinEye is an image search and recognition company. We are experts in computer vision, pattern recognition, neural networks, and machine learning. Learn more about TinEye here: https://tineye.com/about\n\nThere are many uses for TinEye, but here are a few:\n\n    Find out where an image came from or get more information about it\n    See if an image is available from stock image websites to be licensed\n    Find higher-resolution versions of an image\n    Verify a dating profile\n    Locate web pages that make use of an image you have created\n    Discover modified or edited versions of an image\n    Debunk an image\n    Help with image attribution\n\n\nIf you have never used TinEye, check out our tutorial.\n\nSearching with TinEye is private and secure; your search image is never saved.\nThe only data we collect is the version of the extension that you’re using. For more information, please see our privacy policy and our terms of service.\n\nHow to use this extension\n\nRight-click on any web image and select ‘Search image on TinEye’ from the context menu. Results are displayed for you at tineye.com.\n\nHow to configure the extension\n\nYou can choose whether TinEye.com opens in the current tab, in a new tab in the foreground, or in the background and select the order in which your results will be returned (Last Used, Best Match, Most Changed, Biggest Image, Newest, or Oldest).\n\nTo set extension preferences, click on the three horizontal lines in the upper-right corner of your browser window and select ‘Add-ons and themes.’\n\nFind TinEye Reverse Image Search in the list, click on the three horizontal dots to the right, and select ‘Preferences.’ Alternatively, you can click on ‘TinEye Reverse Image Search’ and go to the ‘Preferences’ tab.\n\nFor more guidance on using the TinEye extension for Firefox, please visit our help pages.","weeklyDownloads":685,"type":"extension","creator":{"name":"TinEye","url":"https://addons.mozilla.org/en-US/firefox/user/3304309/"},"developers":[],"screenshots":[{"url":"https://addons.mozilla.org/user-media/previews/full/276/276301.png?modified=1671120099","width":1280,"height":800,"thumbnailURL":"https://addons.mozilla.org/user-media/previews/thumbs/276/276301.jpg?modified=1671120099","thumbnailWidth":533,"thumbnailHeight":333,"caption":"The TinEye browser add-on is the fastest way to search for web images right from Firefox. Right-click on any web image and select 'Search Image on TinEye'."},{"url":"https://addons.mozilla.org/user-media/previews/full/276/276393.png?modified=1671120109","width":1280,"height":800,"thumbnailURL":"https://addons.mozilla.org/user-media/previews/thumbs/276/276393.jpg?modified=1671120109","thumbnailWidth":533,"thumbnailHeight":333,"caption":"The results will show you where we have found matching images online. By default, these are sorted by 'best match', but you can also sort by 'date', 'biggest image' or 'most changed' (usually the most heavily edited image result)."},{"url":"https://addons.mozilla.org/user-media/previews/full/276/276394.png?modified=1671120106","width":1280,"height":800,"thumbnailURL":"https://addons.mozilla.org/user-media/previews/thumbs/276/276394.jpg?modified=1671120106","thumbnailWidth":533,"thumbnailHeight":333,"caption":"Use the 'Compare' feature to switch back and forth between the two images and highlight any differences between them."},{"url":"https://addons.mozilla.org/user-media/previews/full/276/276304.png?modified=1671120099","width":1280,"height":800,"thumbnailURL":"https://addons.mozilla.org/user-media/previews/thumbs/276/276304.jpg?modified=1671120099","thumbnailWidth":533,"thumbnailHeight":333,"caption":"When you search for an image, TinEye creates a unique digital signature or 'fingerprint' and compares it to the fingerprints of every other image in our index."},{"url":"https://addons.mozilla.org/user-media/previews/full/276/276305.png?modified=1671120099","width":1280,"height":800,"thumbnailURL":"https://addons.mozilla.org/user-media/previews/thumbs/276/276305.jpg?modified=1671120099","thumbnailWidth":533,"thumbnailHeight":333,"caption":"To uninstall the TinEye extension, click on the three horizontal lines in the upper-right corner of your browser window and select Add-ons and themes. Find TinEye Reverse Image Search in the list, then click on the three horizontal dots to the right and select Remove."}],"contributionURL":"","averageRating":4.2437,"reviewCount":70,"reviewURL":"https://addons.mozilla.org/en-US/firefox/addon/tineye-reverse-image-search/reviews/","updateDate":1677092045000},{"id":"{386dc3cb-242a-413a-aa8f-6407af00021b}","icons":{"32":"https://addons.mozilla.org/user-media/addon_icons/1016/1016180-32.png?modified=5b79a8c6","64":"https://addons.mozilla.org/user-media/addon_icons/1016/1016180-64.png?modified=5b79a8c6","128":"https://addons.mozilla.org/user-media/addon_icons/1016/1016180-128.png?modified=5b79a8c6"},"name":"Treeverse","version":"3.5","sourceURI":"https://addons.mozilla.org/firefox/downloads/file/3472733/treeverse-3.5.xpi","homepageURL":"https://treeverse.app","supportURL":"https://github.com/paulgb/Treeverse/issues","description":"A browser extension for navigating burgeoning Twitter conversations.","fullDescription":"Conversations are visualized as a tree. Each node (square) is an individual tweet, and an edge (line) between two tweets indicates that the lower one is a reply to the upper one. The color of the line indicates the time duration between the two tweets (red is faster, blue is slower.)\n\nAs you hover over nodes, the reply-chain preceeding that tweet appears on the right-side pane. By clicking a node, you can freeze the UI on that tweet in order to interact with the right-side pane. By clicking anywhere in the tree window, you can un-freeze the tweet and return to the normal hover behavior.","weeklyDownloads":3,"type":"extension","creator":{"name":"Paul Butler","url":"https://addons.mozilla.org/en-US/firefox/user/13219248/"},"developers":[],"screenshots":[{"url":"https://addons.mozilla.org/user-media/previews/full/212/212869.png?modified=1622133936","width":795,"height":550,"thumbnailURL":"https://addons.mozilla.org/user-media/previews/thumbs/212/212869.jpg?modified=1622133936","thumbnailWidth":533,"thumbnailHeight":369,"caption":"An example tree generated from a Twitter conversation."},{"url":"https://addons.mozilla.org/user-media/previews/full/212/212870.png?modified=1622133938","width":1238,"height":607,"thumbnailURL":"https://addons.mozilla.org/user-media/previews/thumbs/212/212870.jpg?modified=1622133938","thumbnailWidth":533,"thumbnailHeight":261,"caption":"As you explore the tree, you can view each thread of the conversation in a linear fashion on the right-side pane."}],"contributionURL":"","averageRating":4.75,"reviewCount":1,"reviewURL":"https://addons.mozilla.org/en-US/firefox/addon/treeverse/reviews/","updateDate":1576889710000},{"id":"uBlock0@raymondhill.net","icons":{"32":"https://addons.mozilla.org/user-media/addon_icons/607/607454-32.png?modified=mcrushed","64":"https://addons.mozilla.org/user-media/addon_icons/607/607454-64.png?modified=mcrushed","128":"https://addons.mozilla.org/user-media/addon_icons/607/607454-128.png?modified=mcrushed"},"name":"uBlock Origin","version":"1.50.0","sourceURI":"https://addons.mozilla.org/firefox/downloads/file/4121906/ublock_origin-1.50.0.xpi","homepageURL":"https://github.com/gorhill/uBlock#ublock-origin","supportURL":"https://old.reddit.com/r/uBlockOrigin/","description":"Finally, an efficient wide-spectrum content blocker. Easy on CPU and memory.","fullDescription":"uBlock Origin is not an \"ad blocker\", it's a wide-spectrum content blocker with CPU and memory efficiency as a primary feature.\n\n***\n\nOut of the box, uBO blocks ads, trackers, coin miners, popups, etc. through the following lists of filters, enabled by default:\n\n- EasyList (ads)\n- EasyPrivacy (tracking)\n- Peter Lowe’s Ad server list (ads and tracking)\n- Online Malicious URL Blocklist\n- uBO's own lists\n\nMore lists are available for you to select if you wish:\n\n- EasyList Cookie\n- Fanboy Annoyances\n- AdGuard Annoyances\n- Dan Pollock’s hosts file\n- And many others\n\nAdditionally, you can point-and-click to block JavaScript locally or globally, create your own global or local rules to override entries from filter lists, and many more advanced features.\n\n***\n\nFree.\nOpen source with public license (GPLv3)\nFor users by users.\n\nIf ever you really do want to contribute something, think about the people working hard to maintain the filter lists you are using, which were made available to use by all for free.\n\n***\n\n    Documentation\n    Release notes\n    Community support @ Reddit\n    Contributors @ GitHub\n    Contributors @ Crowdin","weeklyDownloads":125543,"type":"extension","creator":{"name":"Raymond Hill","url":"https://addons.mozilla.org/en-US/firefox/user/11423598/"},"developers":[],"screenshots":[{"url":"https://addons.mozilla.org/user-media/previews/full/238/238546.png?modified=1622132421","width":1011,"height":758,"thumbnailURL":"https://addons.mozilla.org/user-media/previews/thumbs/238/238546.jpg?modified=1622132421","thumbnailWidth":533,"thumbnailHeight":400,"caption":"The popup panel: default mode"},{"url":"https://addons.mozilla.org/user-media/previews/full/238/238548.png?modified=1622132423","width":1011,"height":758,"thumbnailURL":"https://addons.mozilla.org/user-media/previews/thumbs/238/238548.jpg?modified=1622132423","thumbnailWidth":533,"thumbnailHeight":400,"caption":"The dashboard: stock filter lists"},{"url":"https://addons.mozilla.org/user-media/previews/full/238/238547.png?modified=1622132425","width":1011,"height":758,"thumbnailURL":"https://addons.mozilla.org/user-media/previews/thumbs/238/238547.jpg?modified=1622132425","thumbnailWidth":533,"thumbnailHeight":400,"caption":"The popup panel: default-deny mode"},{"url":"https://addons.mozilla.org/user-media/previews/full/238/238549.png?modified=1622132426","width":1011,"height":758,"thumbnailURL":"https://addons.mozilla.org/user-media/previews/thumbs/238/238549.jpg?modified=1622132426","thumbnailWidth":533,"thumbnailHeight":400,"caption":"The dashboard: settings"},{"url":"https://addons.mozilla.org/user-media/previews/full/238/238552.png?modified=1622132430","width":970,"height":1800,"thumbnailURL":"https://addons.mozilla.org/user-media/previews/thumbs/238/238552.jpg?modified=1622132430","thumbnailWidth":216,"thumbnailHeight":400,"caption":"The popup panel in Firefox Preview: default mode with more blocking options revealed"},{"url":"https://addons.mozilla.org/user-media/previews/full/230/230370.png?modified=1622132432","width":800,"height":600,"thumbnailURL":"https://addons.mozilla.org/user-media/previews/thumbs/230/230370.jpg?modified=1622132432","thumbnailWidth":533,"thumbnailHeight":400,"caption":"The unified logger tells you all that uBO is seeing and doing"}],"contributionURL":"","averageRating":4.7817,"reviewCount":4056,"reviewURL":"https://addons.mozilla.org/en-US/firefox/addon/ublock-origin/reviews/","updateDate":1687567823000},{"id":"{a6c4a591-f1b2-4f03-b3ff-767e5bedf4e7}","icons":{"32":"https://addons.mozilla.org/user-media/addon_icons/853/853731-32.png?modified=a1617cd0","64":"https://addons.mozilla.org/user-media/addon_icons/853/853731-64.png?modified=a1617cd0","128":"https://addons.mozilla.org/user-media/addon_icons/853/853731-128.png?modified=a1617cd0"},"name":"User-Agent Switcher and Manager","version":"0.5.0","sourceURI":"https://addons.mozilla.org/firefox/downloads/file/4098688/user_agent_string_switcher-0.5.0.xpi","homepageURL":"http://add0n.com/useragent-switcher.html","supportURL":"https://add0n.com/useragent-switcher.html","description":"Spoof websites trying to gather information about your web navigation—like your browser type and operating system—to deliver distinct content you may not want.","fullDescription":"Usage example: You can alter your user-agent string to indicate you’re on a mobile device if you prefer seeing mobile versions of sites so they load quicker.\n\n--\n\nThis extension allows you to spoof your browser \"user-agent\" string to a custom designation, making it impossible for websites to know specific details about your browsing arrangement.\n\nOverviews:\nhttps://www.youtube.com/watch?v=-aVFxvF3N_E\nhttps://www.youtube.com/watch?v=4M6_Zc4o1MQ\n\nNotes:\n1. You can easily set custom \"user-agent\" strings from the toolbar popup\n2. The extension uses a two-factor technique to mimic your default \"user-agent\" string, which is the most reliable method\n3. The extension does not use any resources when it is not spoofing the user-agent\n4. The extension enables user-agent spoofing on specific domains only; it is conversely possible to exclude certain domains from spoofing. Check the Options page for more info.\n5. You can set per-site user-agent strings\n6. There is an option to randomize user-agent strings.\n7. It is possible to set user-agent string for a single window; you can have a separate user-agent string for each browser window\n\nSupported operating systems:\nWindows, Mac OS, Linux, Chromium OS, Ubuntu, Debian, Android, iOS, AmigaOS, OpenBSD, BeOS, Haiku, Solaris, NetBSD, FreeBSD, Slackware, SUSE, gentoo, Fedora, Gentoo, Mageia, CentOS, Mint, DragonFly, Kubuntu, Mandriva, Zenwalk, Unix, GNU, OS/2, AIX, QNX, BEOS, RISC OS, Symbian, Nintendo, OpenSolaris, Kubuntu\n\nSupported browsers:\nInternet Explorer, Safari, Chrome, Firefox, Opera, Edge, WebKit, Avant, Maxthon, Arora, Mozilla, Epiphany, Camino, Chimera, Chromium, Dragon, conkeror, Conkeror, Dillo, Links, Firebird, Swiftfox, Netscape, Flock, iCab, Iceape, icecat, IceCat, IceWeasel, Iron, Meleon, Konqueror, Lunascape, Lynx, MAXTHON, midori, Midori, KHTML, Mosaic, NetSurf, OmniWeb, Tablet, Mini, Phoenix, RockMelt, Safari, Browser, SeaMonkey, Slim, Webkit, w3m\n\nFor more info and general bug reports please use:\nhttps://add0n.com/useragent-switcher.html\n\nFor technical bug reports please use:\nhttps://github.com/ray-lothian/UserAgent-Switcher/","weeklyDownloads":7226,"type":"extension","creator":{"name":"Ray","url":"https://addons.mozilla.org/en-US/firefox/user/13129494/"},"developers":[],"screenshots":[{"url":"https://addons.mozilla.org/user-media/previews/full/188/188200.png?modified=1622132777","width":700,"height":438,"thumbnailURL":"https://addons.mozilla.org/user-media/previews/thumbs/188/188200.jpg?modified=1622132777","thumbnailWidth":533,"thumbnailHeight":334},{"url":"https://addons.mozilla.org/user-media/previews/full/202/202435.png?modified=1622132779","width":440,"height":280,"thumbnailURL":"https://addons.mozilla.org/user-media/previews/thumbs/202/202435.jpg?modified=1622132779","thumbnailWidth":440,"thumbnailHeight":280}],"contributionURL":"https://paypal.me/addondonation/10usd?utm_content=product-page-contribute&utm_medium=referral&utm_source=addons.mozilla.org","averageRating":4.2751,"reviewCount":196,"reviewURL":"https://addons.mozilla.org/en-US/firefox/addon/user-agent-string-switcher/reviews/","updateDate":1682502684000},{"id":"ffext_basicvideoext@startpage24","icons":{"32":"https://addons.mozilla.org/user-media/addon_icons/425/425584-32.png?modified=mcrushed","64":"https://addons.mozilla.org/user-media/addon_icons/425/425584-64.png?modified=mcrushed","128":"https://addons.mozilla.org/user-media/addon_icons/425/425584-128.png?modified=mcrushed"},"name":"Video Downloader professional","version":"2.0.9","sourceURI":"https://addons.mozilla.org/firefox/downloads/file/3919982/video_downloader_profession-2.0.9.xpi","homepageURL":"https://videodownloaderultimate.com","supportURL":"https://videodownloaderultimate.com/?p=faq","description":"- download and save videos embedded into a website to your hard disk\n- add youtube, vimeo and other videos easily to your video list\n- supports up to 4k videos","fullDescription":"- download and save videos playing on a website to your hard disk\n- easily add videos to your personal video list for later playback or download.\n- playback videos in any window size (currently available at selected video providers like Youtube and Vimeo).\n\nCaution:\nThe download of protected videos (RTMP protocol) is currently not supported.","weeklyDownloads":6674,"type":"extension","creator":{"name":"startpage24","url":"https://addons.mozilla.org/en-US/firefox/user/6766590/"},"developers":[],"screenshots":[{"url":"https://addons.mozilla.org/user-media/previews/full/93/93010.png?modified=1622132232","width":700,"height":438,"thumbnailURL":"https://addons.mozilla.org/user-media/previews/thumbs/93/93010.jpg?modified=1622132232","thumbnailWidth":533,"thumbnailHeight":334,"caption":"Collect videos in your video list."},{"url":"https://addons.mozilla.org/user-media/previews/full/96/96178.png?modified=1622132232","width":640,"height":480,"thumbnailURL":"https://addons.mozilla.org/user-media/previews/thumbs/96/96178.jpg?modified=1622132232","thumbnailWidth":533,"thumbnailHeight":400,"caption":"How to download videos"},{"url":"https://addons.mozilla.org/user-media/previews/full/96/96180.png?modified=1622132232","width":640,"height":480,"thumbnailURL":"https://addons.mozilla.org/user-media/previews/thumbs/96/96180.jpg?modified=1622132232","thumbnailWidth":533,"thumbnailHeight":400},{"url":"https://addons.mozilla.org/user-media/previews/full/93/93012.png?modified=1622132232","width":700,"height":438,"thumbnailURL":"https://addons.mozilla.org/user-media/previews/thumbs/93/93012.jpg?modified=1622132232","thumbnailWidth":533,"thumbnailHeight":334,"caption":"Play it in any size you want"}],"contributionURL":"","averageRating":4.2095,"reviewCount":2719,"reviewURL":"https://addons.mozilla.org/en-US/firefox/addon/video-downloader-profession/reviews/","updateDate":1647340186000},{"id":"wappalyzer@crunchlabz.com","icons":{"32":"https://addons.mozilla.org/user-media/addon_icons/10/10229-32.png?modified=1586303262","64":"https://addons.mozilla.org/user-media/addon_icons/10/10229-64.png?modified=1586303262","128":"https://addons.mozilla.org/user-media/addon_icons/10/10229-128.png?modified=1586303262"},"name":"Wappalyzer","version":"6.10.63","sourceURI":"https://addons.mozilla.org/firefox/downloads/file/4124210/wappalyzer-6.10.63.xpi","homepageURL":"https://www.wappalyzer.com","supportURL":"https://www.wappalyzer.com","description":"Identify technologies on websites","fullDescription":"Wappalyzer is a browser extension that uncovers the technologies used on websites. It detects content management systems, eCommerce platforms, web servers, JavaScript frameworks, analytics tools and many more.","weeklyDownloads":3219,"type":"extension","creator":{"name":"Wappalyzer","url":"https://addons.mozilla.org/en-US/firefox/user/3609035/"},"developers":[],"screenshots":[{"url":"https://addons.mozilla.org/user-media/previews/full/125/125386.png?modified=1622132463","width":302,"height":417,"thumbnailURL":"https://addons.mozilla.org/user-media/previews/thumbs/125/125386.jpg?modified=1622132463","thumbnailWidth":290,"thumbnailHeight":400,"caption":"Expanded panel"}],"contributionURL":"","averageRating":4.3906,"reviewCount":149,"reviewURL":"https://addons.mozilla.org/en-US/firefox/addon/wappalyzer/reviews/","updateDate":1686926668000},{"id":"wayback_machine@mozilla.org","icons":{"32":"https://addons.mozilla.org/user-media/addon_icons/711/711438-32.png?modified=ae444026","64":"https://addons.mozilla.org/user-media/addon_icons/711/711438-64.png?modified=ae444026","128":"https://addons.mozilla.org/user-media/addon_icons/711/711438-128.png?modified=ae444026"},"name":"Wayback Machine","version":"3.2","sourceURI":"https://addons.mozilla.org/firefox/downloads/file/4047136/wayback_machine_new-3.2.xpi","homepageURL":"https://archive.org","supportURL":"https://archive.org/about/contact.php","description":"Welcome to the Official Internet Archive Wayback Machine Browser Extension! Go back in time to see how a website has changed through the history of the Web. Save websites, view missing 404 Not Found pages, or read archived books & papers.","fullDescription":"Welcome to the Official Internet Archive Wayback Machine Browser Extension! Go back in time to see how a website has changed through the history of the Web. Save websites, view missing 404 Not Found pages, or read archived books & papers.\n\nMost features will work without requiring an account including Save Page Now.\n\nSome features must be enabled from Settings. Turn on Private Mode to prevent automatic sending of data and to protect your privacy while browsing.\n\nFeatures\n\n• Save Page Now - Instantly save the page you are currently viewing in the Wayback Machine. Turn on Auto Save Page in settings to save pages that have not previously been saved, or Auto Save Bookmarks to save when bookmarking a page. Works while logged out, or log in for additional options.\n\n• Oldest, Newest & Overview - View the first version of a page or the most recently saved in the Wayback Machine. Or view a calendar overview of all archived pages. Can also use by right-clicking over a page or link.\n\n• Wayback Machine Count - Display a count of snapshots of the current page stored in the Wayback Machine over the toolbar icon, and the date of last save in the popup.\n\n• 404 Not Found - When an error occurs, automatically check if an archived copy is available. Checks against 4xx & 5xx HTTP error codes.\n\n• Contextual Notices - Check for contextual information from fact checking organizations and origin websites.\n\n• Relevant Resources - View research papers and books while visiting Wikipedia, archived digitized books while visiting Amazon Books, and recommended TV News Clips while visiting news websites.\n\n• URLs & Collections - Show a list of URLs captured under the current website, and what collections they are saved under.\n\n• Site Map & Word Cloud - Present a sunburst diagram for the domain you are currently viewing, or create a Word Cloud from the link's anchor text of the page you are on.\n\n• Annotations - Provide a list of annotations for the current web page and domain, provided by Hypothes.is.\n\n• My Web Archive - Save URLs to your public archive page on the Internet Archive.\n\n• Tweets & Share Links - Search Twitter for information regarding your current page, or share archived links on social media.\n\n\nFor support, please email info@archive.org","weeklyDownloads":494,"type":"extension","creator":{"name":"Internet Archive","url":"https://addons.mozilla.org/en-US/firefox/user/12373129/"},"developers":[],"screenshots":[{"url":"https://addons.mozilla.org/user-media/previews/full/266/266583.png?modified=1649876670","width":1280,"height":800,"thumbnailURL":"https://addons.mozilla.org/user-media/previews/thumbs/266/266583.jpg?modified=1649876670","thumbnailWidth":533,"thumbnailHeight":333,"caption":"See how websites have changed through the history of the Web."},{"url":"https://addons.mozilla.org/user-media/previews/full/266/266584.png?modified=1649876670","width":1280,"height":800,"thumbnailURL":"https://addons.mozilla.org/user-media/previews/thumbs/266/266584.jpg?modified=1649876670","thumbnailWidth":533,"thumbnailHeight":333,"caption":"View archived copies of missing websites."},{"url":"https://addons.mozilla.org/user-media/previews/full/266/266585.png?modified=1649876670","width":1280,"height":800,"thumbnailURL":"https://addons.mozilla.org/user-media/previews/thumbs/266/266585.jpg?modified=1649876670","thumbnailWidth":533,"thumbnailHeight":333,"caption":"Instantly save the page you are currently viewing in the Wayback Machine."},{"url":"https://addons.mozilla.org/user-media/previews/full/268/268466.png?modified=1649876675","width":1280,"height":800,"thumbnailURL":"https://addons.mozilla.org/user-media/previews/thumbs/268/268466.jpg?modified=1649876675","thumbnailWidth":533,"thumbnailHeight":333,"caption":"View archived research papers and books referenced in Wikipedia."},{"url":"https://addons.mozilla.org/user-media/previews/full/266/266587.png?modified=1649876670","width":1280,"height":800,"thumbnailURL":"https://addons.mozilla.org/user-media/previews/thumbs/266/266587.jpg?modified=1649876670","thumbnailWidth":533,"thumbnailHeight":333,"caption":"See annotations for the current web page and domain provided by Hypothes.is."}],"contributionURL":"","averageRating":3.8966,"reviewCount":138,"reviewURL":"https://addons.mozilla.org/en-US/firefox/addon/wayback-machine_new/reviews/","updateDate":1672928600000},{"id":"{d07ccf11-c0cd-4938-a265-2a4d6ad01189}","icons":{"32":"https://addons.mozilla.org/user-media/addon_icons/844/844320-32.png?modified=b8e4dcca","64":"https://addons.mozilla.org/user-media/addon_icons/844/844320-64.png?modified=b8e4dcca","128":"https://addons.mozilla.org/user-media/addon_icons/844/844320-128.png?modified=b8e4dcca"},"name":"Web Archives","version":"4.0.0","sourceURI":"https://addons.mozilla.org/firefox/downloads/file/4065318/view_page_archive-4.0.0.xpi","homepageURL":"https://github.com/dessant/web-archives#readme","supportURL":"https://github.com/dessant/web-archives/issues","description":"View archived and cached versions of web pages on 10+ search engines, such as the Wayback Machine, Archive․is, Google, Bing and Yandex","fullDescription":"Web Archives is a Firefox extension that enables you to find archived and cached versions of web pages. Searches can be initiated from the context menu, the browser toolbar, or the address bar in case of a server error.\n\nWeb Archives is an open source project made possible thanks to a community of awesome supporters. If you'd like to support the continued development of the extension, please consider contributing with Patreon, PayPal or Bitcoin.\n\nA diverse set of archive and cache sources are supported, which can be toggled and reordered from the extension's options. Visit the wiki for the full list of supported search engines.\n\nhttps://github.com/dessant/web-archives/wiki/Search-engines\n\nPRO TIP: search for a link without visiting the web page by right-clicking on the link and searching from the context menu.\n\nA handful of search modes are offered that serve different use cases. The search mode can be set independently for the context menu and the browser toolbar from the extension's options.\n\nSearch modes:\n• Tab: search for the web page opened in the active tab. This is the default search mode.\n• URL: search for a custom page URL.\n\nThe URL you select during a search is sent to the requested service, such as the Wayback Machine. Visit the extension's privacy policy for more information.\n\nThe extension is also available for Chrome and Safari.\n\nReviews are not monitored for bug reports, please use GitHub for issues and feature requests.\nhttps://github.com/dessant/web-archives","weeklyDownloads":594,"type":"extension","creator":{"name":"Armin Sebastian","url":"https://addons.mozilla.org/en-US/firefox/user/12929064/"},"developers":[],"screenshots":[{"url":"https://addons.mozilla.org/user-media/previews/full/265/265132.png?modified=1641353703","width":2400,"height":1500,"thumbnailURL":"https://addons.mozilla.org/user-media/previews/thumbs/265/265132.jpg?modified=1641353703","thumbnailWidth":533,"thumbnailHeight":333},{"url":"https://addons.mozilla.org/user-media/previews/full/265/265133.png?modified=1641353703","width":2400,"height":1500,"thumbnailURL":"https://addons.mozilla.org/user-media/previews/thumbs/265/265133.jpg?modified=1641353703","thumbnailWidth":533,"thumbnailHeight":333},{"url":"https://addons.mozilla.org/user-media/previews/full/265/265134.png?modified=1641353703","width":2400,"height":1500,"thumbnailURL":"https://addons.mozilla.org/user-media/previews/thumbs/265/265134.jpg?modified=1641353703","thumbnailWidth":533,"thumbnailHeight":333},{"url":"https://addons.mozilla.org/user-media/previews/full/265/265135.png?modified=1641353703","width":2400,"height":1500,"thumbnailURL":"https://addons.mozilla.org/user-media/previews/thumbs/265/265135.jpg?modified=1641353703","thumbnailWidth":533,"thumbnailHeight":333}],"contributionURL":"https://www.paypal.com/donate?hosted_button_id=GLL4UNSNU6SQN&utm_content=product-page-contribute&utm_medium=referral&utm_source=addons.mozilla.org","averageRating":4.6134,"reviewCount":38,"reviewURL":"https://addons.mozilla.org/en-US/firefox/addon/view-page-archive/reviews/","updateDate":1675853568000}]}