{"chrome://browser/content/browser.xhtml":{"main-window":{"screenX":"0","screenY":"27","width":"1280","height":"748","sizemode":"normal"}},"chrome://browser/content/places/places.xhtml":{"placesContentTags":{"ordinal":"3","width":"132"},"placesContentUrl":{"ordinal":"5","width":"248"},"placesContentDate":{"ordinal":"7"},"placesContentVisitCount":{"ordinal":"9"},"placesContentDateAdded":{"ordinal":"11"},"placesContentLastModified":{"ordinal":"13"},"places":{"screenX":"355","screenY":"204","width":"700","height":"500","sizemode":"normal"},"place:CqewroxEONFH0b8ILWSXYA==":{"open":"true"},"place:JZE/l9BuGYNGCyRh0T7j4A==":{"open":"true"},"placesContentTitle":{"width":"114"}}}