{"file_hashes":[{"block_hashes":["9SqBGTVztGzvIVeFtjJoP2snADyFNbIbxKDiqnFBuCQ=","CCenyRkaALh2wA0+VOW5bSFZbO21/i4ygfLOSS3h1B0=","EYOIrkKQAOQFcwRI008A2r2h2uklY9UTwJT4E05c/W4=","JPaLwwK6IBUoo9co0gqfhCvu1KSo3+nKaTJbGXw4Z2o=","AiCV/+9DIFmBcnnFepHRGCJz5mIxSp0pYcX9KfwqOrs=","8cE6R9MtTVbrWLUPjWkmbqfyK+btVDlAGyHVmycP7FQ=","l0xzIv3RM/+thjOCore+EvZe4NTk5pYEyEGPYNBkN6Y=","lvch4YDne5V958eZR3nqB9FU4QSQrype0sSBCt7WcDs=","zFIF2UqOr4Nz1KXPQbHET2khzktuo9EAE20tHvMmgx4=","+4XFBrbfXTCOEZptySe/jZvcOlYrMYboMuIW3aavTMw=","7jl4w6sgjVKqOuVNJv8GffYIsF4i92HtCSTKwET/maA=","CD93w7qDn8J16ojSKWM8GEZ6B6suy9vN9slW4kkxnhY=","tX0DiVydtQVuaUlv41sMaXcxjY58LLmK/ceoLw4ss4k=","pDPecDoDpWVL2aKLQFa/kzo4ZScoMRv0ehJaiGEcGEY=","NJfwTkyv0N6xwqoPAcf0tCLVJic5toaaZrCFuAg50b0=","Pzv0EnG9aCAjdQ8pXVe0N6Mqz20zotE/u/MPhMP1Ux8=","PgC/oezRa29TduIop3Usn6RkhkUmaSjxSJvEoFpw+CY=","h6jinS5/7CetASFoysLrnNfrJdR7udU2Pkn8OxB2oaA=","nF3xk865WbefRxm6sQekYC76TWIO5D9seeNLJ+0gUSU=","wcfDV1OQEG3QPkmgNCqAac5xhUFPD7iZIViwN/nsq5I=","cq4SsNtstmkEjsURTT4DSlaHrEBLKVugs1KlqStn1gE=","wktq0OjwGQiqHuM2ny05MY23oVZ40Y2ySwZcqMlMs9s=","Y4EM2VJivrXf4jDXjk4OQnjXPTMy+4PjIOLD5caLzjE=","Kt8mvGBZUE9MJJeUjfEBGUVT94xoOnwoqXpKWr/MH2o=","ZJo3iNuADb7mW6Xy8spv3Qe7eel1ujrkHuVUDc+Vyzs=","akjYgldJxSybTu5f0C8YKR+IeRJFsBh1tnLctyMuulo=","7MtXaqUCOMZcDx4rtsYF/hIUeTvQ3R3mD+cmrTy26KI="],"block_size":4096,"path":"background/index.js"},{"block_hashes":["MvySGULasQrCR/JqX54g4FdGtK53WOV94ZynvZVLqAo="],"block_size":4096,"path":"content/index.js"},{"block_hashes":["Y/cS3Ng7NYC7LdHlF2wC+Lv7owaXSvF3uMVvK4bFnK0="],"block_size":4096,"path":"popup/index.html"},{"block_hashes":["fjqnM6Ai5jWoU0mi94/8o/y5BLohAXGVsIrtpvWvhMs=","pxBg2XMzyluHCl4jYcrk6nSX8SqiuIRNAnNVUAmjTiw=","aYZQCsFOc8zqVmY+xYiFJVtCK4BiITL7rJBVyW0XnHI=","W74sadjvl76eMQJuClbbubv007IrPWkbFK9Cx13BNFw=","CneTrMq5/L0tKPvCH0AKSTjjLhDIXHasbuhUnrG25ko=","rLpVHHYszkfbOi+9vifXp/IvAFcNyn+MNH7LkElaxiM=","Nhr3GdzfQGPyW/4v7XpEjUPV0DXOv6aJDLbFSEFsMUk=","zvcVSTJ4CZf3qNrnAxFvuZaAuhpIGannXjm8sVOKGxA=","arTVpCMN6hGDcGi09jfimmqWbNYM8yeN3lSCwl34pOs=","Jg77p8yIZaVwF0mXHEgP9jky7ZfOBZ0I3n9FY5l7gQw=","z+ogJ2gVCd68sh0tHGWqzUrn+NONu3mXgM5YvlIB/XM=","b/cNna0OBVxF8Fxrjoeg2/uZ7I/311fxpg4lPEFQ6sk=","c6LkgJTdTWS+wGsvYR3hYIeFwJ/6I4OH0ff5eT/W2LI=","I6CyayJ+by6GF19wHmKhuNjmYJJWBpgTT0eBg9MaZ6w=","DiUQ5MG0/K/KklBL0+oj2ZThR0E9PyIwQAH1G0bi6Sw=","5fGBM3aLsUwtMtcTREfiIa6YpGA1C6AUHujSP8vu5Sg=","Jo3bbxBGfrQ0w4z9uZhqsBiTzKTo0JyK2ycBHH62150=","5aEPNRDBfKYNwGYLaX7Yp1ajvWpg5O/CYP6rD36tlN8=","Wxr23LJJ8F+O45lPVIg5uuCPDP5KIZcjZtE0U910Ir8=","BY+TtRkK01T8MgtiB3tjS4+4vZ2fjLXF6T5yPx3cmZM=","uuzEehyq6D+FfzcWhvMqB+yTJQVEAPmXILMTjpYYUI4=","fn9x+4d30u1PKdB/oSPGDnpUNnNNgvWaKgJQIT1qu8E=","QDj8A3vMjyLE8gyyelpPYfDwfe+kFj1hiIaT4EqNsew=","HMjVo5GxbMAP/nOh7PIeHEVE+RxyOIjsuPuQ0Mkfrgs=","stQ8l7f4tlrtrYn9K6Y5FRIdQ8uhEFB39xMfCmqLQ5g=","F7yPxK0Dp5dBjq6hmQT48aYm7vkIjTaSR39lBHYF7Kk=","bGwrjVHWc8zrhF0dobj8ivoG5uFSEYe6GqmhTRfu9mI=","o9geLNsAHrxBVWEv9Rf7Xm3NfqnIaPHShV+gRIZ3gDQ=","KxHCi9+2ncMTJ8ys4N2p175c6eZ02fOjyklPuurvWTI=","LXmYeeZExiO9Qbzu2vhibLzC6FWwWI7wvk4lGAGZd4w=","ULh+laC+CcVjw/A2vYQAX0MGg8g+BDb4ZhptntCoAC4=","OG8DEYv2ZdAoOzMNpGlO/iTjFLdiNpjWtBXGx0JcaFQ=","Igesg3UFLPTlmtW2VxMc5seqOXlFctIkVJ+LOl75RE8=","PhXThd24u/8TcSfhvftBMi+0HBcRVC0z3pjcXD93Jk8=","wWTLesY5XjkRMfaJU+3Yyr5Pj4nRftGafWSJv7pHsdE=","eO3XkgbQv7qpg3aLqI77ovqp3+u7FJignhoMLzb9rT8=","XDR70h0Cm2nAgC82Mb+w6RSwOYgTHbN0t2AUMsLO2ok=","HyoYjbzpPVCvs1x3GeDLDhc7jwPMsOwiw3kCW5om/00=","1ZVTnYGqPBo1KURtANOVhaZMQxgpdBRRBh82GCYllBs=","kFTHR89EELfKZK+bhyCTNHqYa6EjzssSKqfTbILVNN8=","VN7x9M4kLqsDN3fX+VZcDw+3KUNIUc9S5y3AL+lxFOQ=","rpOZd3fNDP7pJ+22unoJPdEiXkB+x9cUvORxx2+cQTc=","6XjLup+k5jtK9cBnwVJYTsA90DI6qk46PCydmzkO9as=","LCQPPCdS1XcB2mP4cU9kw7fWCiqLbIdLjsGvum2/y/A=","W0zplljDa9dpvwA2Li+0EH8wfl27caS+P3m91gzJrLY=","hJ2F/CrlUknc8ddgvRigzZa1zw1VdpJ67nj+K1fPOqw=","/XT3q32ctSyC60kQLNLslVrH4jYelEo1zUX+WrPwKCQ=","EML/8Dpw2mPFOsOYUbJn7oDuC8C00MU9I0icAhEd1RI=","nbQB/X1qQoX9U7g4N0lNiI1/9TsFjDvbc4oG7HVkjJ0=","18YSCxgkIHgTlQwOcRLdXYe2P8lRYREJfS7+39sFges=","HhaZigEfFlaMWwr3Wh8xDwLfhuIyWVHeevxUkfZk9ak=","MD3s9CN5+Uprg2EGlkh9x2t/fBeJ7imAseLuJaIisPM=","/btDv/hW/eQX/AcgyWywi4RXZ0AsyerS0AFjglDs+YI=","hzIhEiDQjQPHYcBomLk48z9pzEO1q0sY98hzYMZa7Jw=","au19QgVPtMEikLASPjNdPUWnxNGAqsiqGpp53MkR6vc=","FHqb5qlD/LtEGhC2Zq5BCmR+eIkTMr9Hm4YcY3uODdA=","iouquCVbsGM126SaHQuFzLov/J8Ia/ZPoGY1syoBo+k=","skgrtmFf9McV7wvxGH4/Y7ao+OfFeE1ai3C/BGBGRv0=","OzjrVT0SnRW0MmYIpZLy/5L05kGw5JAhY5OZp5/SGFY=","AGvX+SmRbRtL4w2bjnoLVN+h60YdFepxsqLDxMaOTm4=","GZh9pfYs0mPqdHQVOnwMRtehx9k3iI93bVS2YN4i4qc=","CVwbf7W+w3t4H44ZvYOwHejsV/92pwX2fNUQnhIDK+k=","UOj7v2wwIdQ/qXuTWZOs8+LZgiSH78b6Q0ibOU1lRbo=","ESqh7fcsemambIr9Sypbtnlj3BaHflLHmP2+pQzE0r0=","R6LgMjj9/LK+cbsqVL2PM0ZQdpL7ewwwkx5jjiHKV1A=","CPF9iO/tcg9JO5lzOPGefmyQ8KOQp7przjERUVjcl1w=","+YovtviYTwu31LlqWGqO+Vz+UcG9TgHsrXT4bNeLXOo=","F/QiEB8MNsD2YCr63q4cvNiYAz2L8IbOxZfD/nHj2l4=","s6jT0wKGCgTmRsjZZs5+SONa5bcxS39qtRVfBgqBm/8=","wd9+3xQa/SSwP2FAJyuL3vsAk81+qsxjcCq2stP3sxw=","HdG/DrRzWs/nNWgjxI7gDCG7vr6DApwAytRErCyCDGM=","NJ+IlogYb+lHtESBI9vGeCsMUeVYbSOizLEdIcHfcnw=","7Jyk1T6lMGRML+p7U5gGCaLuwiEZ16dk8ns52oLxwg0=","4lGdxNAmnXQFXDw9JyBy4XPvmDos33XjEN6NW4243AI=","6RY5sbFsLxf8NA28XfqpnHRaHdbVWLkJikHg5L3akIw=","QVI3ARvrIt9/ukYV/GALatxm2e7mjO0aVqk79AW+jkc=","hZUQzev8Ig85Y/cgjgECtpZlahCEtaDUZ+z1WC2OcJc=","xEreoym9HraIUbVsFMmoDPJSx20dDFYv3/ilf+Z3EZo=","BcTsUSvxmy+sGYX5ESH04NZqGBFTwTztz6KQP5KQFZg=","u5ZpGzuqsNGnZgJk/UJ/lTWycZktjeg10s4m/VAZvjM=","tYtRq3g58NUuYgkGI3/Xq56Id2IYz0F9CsGsAPhpgbQ=","53R/rH+eoNXsJ/4sZoSa38MJ0O/5BkXLFzQn9OyEinw=","ccojWz1KsBiYNHS7gw0pW0HFICveN/n4OujAYwuLH8o=","MX93VFJ0oaU6MvezEe7ux6MAhBN8WN4qwlnkHXLOWEg=","NbK8GsegMC0Nut+M9yQJ12mJY6O5vRSY2LBg5AF2848=","5YVTAGNImAHAxwU+gA3WUrLq7XkwXsa/LM5uUwn+ULY=","k8DDZMI3bIjCSWXvnL0tEY33hf675vYN5LnVZodzpp4=","o0wbvcLOwwrr5MHfUMlW+ZTGPQIW2HpuZX+djLjnONs=","19eSMfF8cgSkKd7goerUYXxpPeGs5v1Q3aq0OjoShak=","yBuSVDfeTvZsoZbJcDX8DJSUnMrLVYgy8Nj107EnO44=","DMYiLMo9W7QxMeeRDvIMS5N4oKqDODKCMgL0+AWUBkQ=","IDn2KfUKVsy/+RnXnWI2NU9OSHtjIOZkoDzMRqQnmFQ=","5Y+1PpoH7FZS+n8Yq/5/4R2n1gRiQl/tdL8bTK+VDqE=","FMExlCc/OUE4186HdYIt83h8vptBy/7jDt/HW4WCky8=","g2CgQZHQQ9tp437fyfqgBzA5NI8b4wLVdq7pQ3JEB5I=","dIH2QnoIx3GRYxXr7WlomkCqaLVGPv6tiNvhSt6X0J8=","KkXnkFu3pXhkPhSyIN1sDoYeY0JqRhzKzYaYUGUzNRA=","db787RMUAwe3Ji1NqmQu2IKG947xgHxPUZ3eJ3qGbEk=","VZeIQMjCx5tlYRvzs8RGlS4UYijmMUo3kvGS3bcUHaE=","7W3tCCbQ5aNJxeKsU4RIJQS/EWcbHZX+xK1tSiP+1rw=","fo+oo+6N0BOKxa0MuG/I9AziYUlPeZRhsLnqVMVKwzQ=","Xa0PPhUiX8DCIa3SlM72TjIdU4mp/QVLBj0TxpuRWHA=","3z7fn0osMCQ6yXCU/MlUY8wjZZu0R0xzqYZ2xM2OnRs=","Bxjh5FWwWTS97L4sKpaTlphqaRxxvL+hqE2F4Ceqz8s=","0KIjlFQG2W93xFax/tja67ObyxyNfpO+n0YVRfFW8Ac=","E6zx9Z5nZlvAi3hYl7RgS9uU4gt9WpKU0NK4aDxXXq8=","rVFbrBLrbX9y+ntV5PlGYcKb1/av3Rv5P7KYl08+POA=","mkGnL9Bef0M8dwvzj6ZJOyF9V8fW9OGyftRzWBbSeik=","0WstYoiu60eUpVOW6iRVLfkREc/ld9liy5yn/bj4bms=","FVxbPs+djdCs7z+yFJtKj9bPcIy1AQTOighL8xPHQcs=","etFegmhy8PJ9PCKg5xngrHW1wNh/Us8MvxjpD5G1Mog=","V48g9v4YkCEqxsuXOMq8QV0V8UOPUv4nWkCPPSTCE+c=","VwJeu06LxJmaMq4rrrUR5v2srdptTT/MnQjM32/Ta2M=","xb9nMF38Xwx6hv/3+CbvvhnpfF6RP3xc+peEksKOm7U=","fMqWwa/IOtiTeAPVVhHd876G24qv/A6YqpTtH2GzLrg=","JkFmSV6v/GxEmWrmWWjFiBMFS6YI3Pwe+3kQ/569Vlw=","t6eGx41wIhhoA4IzsvVhCB5G9clICntk55Jy7aDSzAI=","Riib3wG6FSsWFbFUYBbLzXRsjGHNkuDwD+La0Z8WRwE=","pnSjn5f1biM1i7j4Ov18ny9hMp6oxul1MuBOaOGnvbQ=","gsdJ0Q8gFIbDLUzMDKmi37/q2W+0NwUZMCLA6gEiUrg=","fJq2YIqSZ1BNCFROypYWAZI7ft2GphbZFcxZjc01tUs=","jhpy3wseNRwsMBTJAX3tKkX4ZWQhbDmZN3X9gDII6Qc=","vlGZ/vB1AA6H5+tQiJ7e5BdjjsBaHT7BhfhYZ4u8iRY=","Ek2acnYTrUgpkqcZUmuulIM6E+71jClFkH2tMtHOYqU=","t1ogEWHEU90bcQVV3zQZbbQyrc/PoQ6xyT6LZbKak/s=","upSVVczsIJSvily9ZOqimAH8J7M57bh45OWVhaN9G8I=","7u4WYeo5Kiy1RemecRgI+6JE9MNt7bdLl9P6rXHHdSw=","eTUIK2Hp0miweYP46OOIZXFRQxELkOH7sV97lEnm87w=","CfnjSKXpUyjt+T3mPlLvfmkmMjfTNoSmytGBa/nKQKg=","m1Tr9JE2Oe6dNKJb7R+Qrze4dvSFjscZ6PGxA/9Ow3g=","PweaEcXvoXI5GrMqoC8w0/FmkBWlv+33ksUymIo8Vps=","T6PnFoHkzD27EQpjvwQx+InU036KHHEefTtRvV48XO0=","7ktGdXJcys+6l+TpM1nKjcIhUXh2Sw9V3ZyUCoGqtWg=","yAQzDGwRNMSoqjniP/LCPfJfyBnOyDUFcRo3oQeYDD4=","QtzlqxjHWHTy+yfw1i8Wo1M5VAr0kLasN/YjZ2Qmht8=","GDRWc3pNyc7SrMvGBp5Cxep05exjvNAJa8uXghVG9iY=","D4shG4AYJsiH8m09Ya/sFxLdS5QWwAk/iiGx3SgmBXo=","L0kVWTkH9IQiQI8eKpHkfoMYXYVLspCkawEFsPlCpCw=","WLuG66k8Ygpmko7zLothN4DB7oFwfNj8O8Gvba0AGFc=","qzCDN7r3tFbxAe+S5LVLMQvYj6k4GmMfClEY/mSUv3s=","aQhZc9KJ50JvHwAAZdGXXUvORtSVdkkALlf47zkEEdg=","uF8i3CCgTBAA0CEfBpzZrPTSp6CCdO/yq1RFw7og8wg=","37mFLXG4dNvxJs5uDRO0SFNKe7ahesucfeInlK2g0T8=","RLSc/2/x7U3Y0SE1dyr7IiSGE5KbiZ1pSPxO2VWUaVE=","MyLAVhKpuThxxQ3pgThMAVyKbz6fMqYLcWU06Vf/pJY=","wrJXr6klQQyAHd5j7/KTomtOJQV5/DIkBYAhkfElMgM=","qFSCUvnSKvwB84aV6EKdKqsmu9Wu9Tggcc6XswXCCWM=","q11xty4fyWZKR1vsLvBdjs4osRKeBQGrQDM3jIZpzMk=","7gqc6FVDv6hlwQU3Z7DykNETOnl70yuxP5BLeRwIRBU=","vm4USV/gTnBWcCVOMToiHtJ2ek64it+Y6nvBQRgLn/o=","nCLPfz1Y6JFfYM62Qps7fhPFmAa0+tUKecDG8bbiEJQ=","gp3T2Wz7Ab/ubnVnRAU9buBN9C0QdvUdTNthhgQeaCA=","E8O4ZK8ktolU7EE46oziW62qatC+RGzTokzPCBmmthQ=","M7fifmryHb7El7QWz9wXOWQmao66kEdytFFF10uZUaY=","W/KfR24X9KNvedouO0jti7PLa6lrju0NqCaJy4Nsvzk=","gmoZvsLmaL/WzkL6aB0yI4ZpqZ3OIZ6+bzAigEq37+4=","PN0hl1g7n/FbQ3hBNwjIlB3EQPjvhoDE2s6dODRnNeU=","wkm2x8YAthEqQaR0Iirfkm4ooJ/H3qcgkXgIm0XnYPE=","GqL9PxPWYaTywzMSD0EmLMuDzV6HeUpJwgMNkzSad1A=","uZocX0qPM5LM6HXIe/wXhbYTRtAVSS2zXyv/3ZCNZ70=","gGbS4uwjlrlm3iU9qIVN686v7mgqaIRbvPcVxWAUbWc=","Pw/BPVMK6cXoHSeShZ+4ndj++YWmHlyoxFBmZLn87eE=","6N1K0+utjt8A/urxEIwv41sdYeFQwr2O9txTA9rSyCw=","4QXXrP5TgFJqNGAsK8KMz4hCmtC/KFyi/VUbflaokms=","dTNK2Pz2WNSLD1H6wRo7T+XqAn53WqJePB6yqYDvROs=","M1yiQb0rhPD8CD2Ln86B+kEnpM3HA1jyDtDwqMqIVOg=","lKRdIe4sFkkQg6JZCOjvBdjRwnZzTO05SmJdXnyMaDo=","MCZSDGgTWvi0kd0B2RXjjrs+nX9j2H8AtNOl6Tqo1h0=","Nh7KaqOvIE99844TiMrzWoUFBUxWvgInlc6NjLDJoas=","dbv4cSpQd5EPf1VmVP/e+cNmOass5j9/JY7LmNsRg5I=","1K1vYE6TWQVlDR62iF3Ip2DHjiTrbNmeFZ4q52gp/ew=","IuZgii19Pa4VwRrSwxTJWj9dMwxEi6aVPf1Xe7lPFwE=","b4kr+zsJg+8Df+qZQGPTudJ1iAVq5GnSYbLwXl3iWDY=","ZFG/TJ/qajTxGLWZ2gf6Cai9L4Y5ytSM0ZVYg1AK/Gs=","9smBAtyOjD2+ur4wNVHSpVLB13OqBpAaZtpQ73taEsg=","YWwWlu81/1btQAo8WDzt7zPtaWAc++y/Z4xUYEXnAW8=","uzrDN3ckJv53X8td55A9knWE0xzdRfHUCgMFwJPa+HY=","YZLd4gaVANTwj3PXfkM8PqLRzVdrhoanq9a5UjE9jPs=","m8l0wmGExoO62PB2yCIxLgQYR6DDQSxuDQR1pgsaBHI=","2tAf9bITNot7EdXNWBmBCNxjdg6fE3PX4Y7iEfauNqg=","aO2yaYPCNMsGkNGydjnhv6zYDAbsqvfTRcP8jGjQEhA=","yJeW+4B7UPUaSJ72uvbkaiS6pU2mSmmYPtg9Hpdo/DE=","xNHT7tJIGq+SfaS4dQfSc2dbqb1m2w4WVBBynetht/A=","8fyVHlou5kY+5KayFzJlj4kM3/jHb99CqaIQJH0P6l8=","x12xnFzoYkUf5YQipKUdifu8PCv+5rGbnwAWwTQ21QY=","nJvQYmtPezCvY6P13Oi2eW9K3TjCWOctWn2klc+3DSE=","4wb01e0QRRc1hTC3Svs9/a3bdlr5TwcBDoovqwd59RA=","gdBni8oUnxwA1poPlcpTMDjS2aKKzkFrJJJFwwnLsUk=","C/jkn2urTjNmTfnTGdioYcs5HI8MFZ/O0V49jmHUOps=","Tu9cFgAXGL5YJ3c3qbpNn5qadM5AkiPxxkdFgDtHv2U=","ZT4cUGSNtilIhIHLUZNpmBTDEFGFOGNW3cywhhRrheM=","pymO/4XgVYLR6LSF0ehxgPSiSSiH6IM+DcGEryVtGJ8=","f7qrpA8i/oJgHuBwAbrk+UneI2GCKRQix3FKLyZ/qj8=","nIXeT7O+G8cFYMRDPW2vkuKnVfmPBrnYxnfGNp/e0yE=","jBiavAuiIZ1UVtxOKozPCkmisJNHCUYnnxVl6QwS/0Y=","iDPbOhzqAAEI4ILeVV+Djvs0373I8RTEutvMvT536zA=","ihsFNpjdedL0EPeZp+9KuGWLC/Ma+pddrRb6ke+ZYKc=","AFEfvHIY+fqodo+xwjbFz1FeFkWaShrL8akx+Mnd1DE=","mX2xY0AIxxrVROJLUKazQNvYCZNfMpfFtShzPNdsoYs=","yX4q0SUx3NOQ0vkCH7eLD9Ed1RFcqZ+G/rcRqBAaq1g=","dDU4ddJwXw3xNsdyig7/gY7n3DhpjUa2e/rV7aldzAc=","m/mnTd3oD4yBzli1QyVbKPY4NXyqVf/C9IyztqrEOT0=","03AGVKQZpme19t6mTigVMd/leaPyYEdHbdfjKkLaYec=","RWNBt29V3BsYY7XJeo499ZOzwDl1QL+qiRJllkaCL/o=","IQw+G5MjLcVqZ3Mz8w8hEZvk22Cxm2KGvz+Ru+grwPM=","+XQk8sBcqSzJEXpzQ1/Cbf1mq/ar7BwzXR8kv7QxHeA=","Q+nDbWeVwOQwo4LFY4e7tNN6DeSqXv4jV1lIKGSr2tc=","LYJizgW/o6uT5Ckfq6TBaaacXjakwMsFiy/wuX0W5Og=","GUkv1AaSc7bwwHoTBdekVRQibMj0iAVKiypfVhW9wIE=","7W8em59yow7ukLnGZa8JBnzzDyhC61eBKqY4n73LL0Q=","ZGO8k+aqcizXWDpZtu2O3j0Z8DLF2IVwhxkHoNzg3aM=","asSzdn8f6DvR4Qf7eXgbnXAQi4ULtBK+/0pZdbjXhCQ=","xnmlqoLq6/6yPGtTUUA5Y/JyjV+DwN1ItA9KNh7pkQ8=","p9YhRid+fZpeBctDygGcXHPMWpKoqxbuLCaz2QejpCY=","OnE/zpDIS5VbHqgb3z2MSmm5dAu13cg98XDJhZ5bDHE=","vA8eGTljKU2KuY08YEhQBolqvdY2lYjkG3MWUj/QdX8=","lQANIpwwiAuKqpU+Jj5+LMUoru6v0caWfjzymOSkzSg=","1S7w6+n86DWGnoC2x4Rqtvc/bBZO3g7aR3T2kBGLKB0=","th8+PgzH0CfXlpQqDmUQazB7ArZSamLtXISEb+RDUSE=","OSd45M1HTTp4GlALaWSPGk7T6qyx7W8BLm3yaa3GAcQ=","jsXUfCQ8UJX1PHQF0//AHYjDwTC/sREX5LQ3FCQH0jA=","AiPJxCEQWIi4q8mC34JAdN5dllCNhNO2oskdW6Koryk=","KlKeqzpuD+KHuYmvY2+JlTO2auCq0Kp3+PkORIf/B7k=","McMJgLwJbpRSov1/Q7ycqO+u7TAh3M0N64xY56By968=","Hn97h6UNV8zouXztMCryfc6N9rQpB12+IezGEo8kO5I=","iuqt2ruRuq9glsfPvWY11vsGa+rKFHj9DFFlCPXgqXI=","xbiKiY5wGaHN/6w7IlUjsdr8Cu9uDJpBnw1OcL4yqNA=","+G6JJdkx146FB6kk3iyDXPaDZvI7w5Wcu1kp8Yo7WAw=","E+Y79Lw0e9PjuCH42yCa0yG3HRCDXmUls7kZQA5QynY=","oPseFTzRQ8epbd7sptp9z7PLslenR/q37efCCPqJOe4=","BKfEy9a2BmHqe0DkPjHj5sSnyqB+tnt+xem6Z1s2uBU="],"block_size":4096,"path":"popup/index.js"}],"version":2}